i,j,feature_i,feature_j,pearson_r
0,1,0,1,-0.007151407698619407
0,2,0,2,0.013403012992713854
0,3,0,3,-0.04945761932332079
0,4,0,4,0.0
0,5,0,5,0.0
0,6,0,6,0.0
0,7,0,7,0.0
0,8,0,8,0.0
0,9,0,9,0.0
0,10,0,10,0.0
0,11,0,11,0.0
0,12,0,12,0.0
0,13,0,13,0.012860531292036943
0,14,0,14,0.0
0,15,0,15,-0.0003327173360660984
0,16,0,16,-0.0001846684231718245
0,17,0,17,0.0
0,18,0,18,0.0
0,19,0,19,0.0
0,20,0,20,0.0
0,21,0,21,-0.0011880144544982726
0,22,0,22,0.0
0,23,0,23,0.0
0,24,0,24,0.0034995762903290866
0,25,0,25,0.0021485936079736504
0,26,0,26,0.0
0,27,0,27,0.0
0,28,0,28,0.008599040144818219
0,29,0,29,0.0021519999332416787
0,30,0,30,0.0
0,31,0,31,-0.008990478187404062
0,32,0,32,-0.00297547621186439
0,33,0,33,0.0
0,34,0,34,0.0
0,35,0,35,0.0028159264744056097
0,36,0,36,-0.014113241102899058
0,37,0,37,-0.02616663322850753
0,38,0,38,-0.013965784637041853
0,39,0,39,0.0
0,40,0,40,0.0
0,41,0,41,0.0
0,42,0,42,0.0
0,43,0,43,-0.0024042917924404924
0,44,0,44,0.0
0,45,0,45,0.0
0,46,0,46,0.0
0,47,0,47,0.0
0,48,0,48,0.0
0,49,0,49,0.0
0,50,0,50,0.0
0,51,0,51,0.0
0,52,0,52,0.0
0,53,0,53,0.0
0,54,0,54,0.0
0,55,0,55,0.0
0,56,0,56,0.0
0,57,0,57,0.0
0,58,0,58,0.0
0,59,0,59,0.0
0,60,0,60,0.0
0,61,0,61,0.0
0,62,0,62,0.0
0,63,0,63,0.0
0,64,0,64,0.0
0,65,0,65,0.0
0,66,0,66,0.0
0,67,0,67,0.0
0,68,0,68,0.0
0,69,0,69,0.0
0,70,0,70,0.0
0,71,0,71,0.0
0,72,0,72,0.0
0,73,0,73,0.0
0,74,0,74,0.0
0,75,0,75,0.0
0,76,0,76,0.0
0,77,0,77,0.0
0,78,0,78,0.0
0,79,0,79,0.0
0,80,0,80,0.0
0,81,0,81,0.0
0,82,0,82,0.0
0,83,0,83,0.0
0,84,0,84,0.0
0,85,0,85,0.0
0,86,0,86,0.0
0,87,0,87,0.0
0,88,0,88,0.0
0,89,0,89,0.0
0,90,0,90,0.0
0,91,0,91,0.0
0,92,0,92,0.0
0,93,0,93,0.0
0,94,0,94,0.0
0,95,0,95,0.0
0,96,0,96,0.0
0,97,0,97,0.0
0,98,0,98,0.0
0,99,0,99,0.0
0,100,0,100,0.0
0,101,0,101,0.0
0,102,0,102,0.0
0,103,0,103,0.0
0,104,0,104,0.0
0,105,0,105,0.0
0,106,0,106,0.0
0,107,0,107,0.0
0,108,0,108,0.0
0,109,0,109,0.0
0,110,0,110,0.0
0,111,0,111,0.0
0,112,0,112,0.0
0,113,0,113,0.0
0,114,0,114,0.0
0,115,0,115,0.0
0,116,0,116,0.0
0,117,0,117,0.0
0,118,0,118,0.0
0,119,0,119,0.0
0,120,0,120,0.0
0,121,0,121,0.0
0,122,0,122,0.0
0,123,0,123,0.0
0,124,0,124,0.0
0,125,0,125,0.0
0,126,0,126,0.0
0,127,0,127,0.0
0,128,0,128,0.0
0,129,0,129,0.0
0,130,0,130,0.0
0,131,0,131,0.0
0,132,0,132,0.0
0,133,0,133,0.0
0,134,0,134,0.0
0,135,0,135,0.0
0,136,0,136,0.0
0,137,0,137,0.0
0,138,0,138,0.0
0,139,0,139,0.0
0,140,0,140,0.0
0,141,0,141,0.0
0,142,0,142,0.0
0,143,0,143,0.0
0,144,0,144,0.0
0,145,0,145,0.0
0,146,0,146,0.0
0,147,0,147,0.0
0,148,0,148,0.0
0,149,0,149,0.0
0,150,0,150,0.0
0,151,0,151,0.0
0,152,0,152,0.0
0,153,0,153,0.0
0,154,0,154,0.0
0,155,0,155,0.0
0,156,0,156,0.0
0,157,0,157,0.0
0,158,0,158,0.0
0,159,0,159,0.0
0,160,0,160,0.0
0,161,0,161,0.0
0,162,0,162,0.0
0,163,0,163,0.0
0,164,0,164,0.0
0,165,0,165,0.0
0,166,0,166,0.0
0,167,0,167,0.0
0,168,0,168,0.0
0,169,0,169,0.0
0,170,0,170,0.0
0,171,0,171,0.0
0,172,0,172,0.0
0,173,0,173,0.0
0,174,0,174,0.0
0,175,0,175,0.0
0,176,0,176,0.0
0,177,0,177,0.0
0,178,0,178,0.0
0,179,0,179,0.0
0,180,0,180,0.0
0,181,0,181,0.0
0,182,0,182,0.0
0,183,0,183,0.0
0,184,0,184,0.0
0,185,0,185,0.0
0,186,0,186,0.0
0,187,0,187,0.0
0,188,0,188,0.0
0,189,0,189,0.0
0,190,0,190,0.0
0,191,0,191,0.0
0,192,0,192,0.0
0,193,0,193,0.0
0,194,0,194,0.0
0,195,0,195,0.0
0,196,0,196,0.0
0,197,0,197,0.0
0,198,0,198,0.0
0,199,0,199,0.0
0,200,0,200,0.0
0,201,0,201,-0.03630665595173856
0,202,0,202,0.0
0,203,0,203,0.0
0,204,0,204,0.0
0,205,0,205,0.0
0,206,0,206,0.0
0,207,0,207,0.003976758081344481
0,208,0,208,0.014358987993132488
0,209,0,209,-0.009485270864130278
0,210,0,210,0.0026874243801499366
0,211,0,211,0.0006809811324900639
0,212,0,212,0.0
0,213,0,213,0.00010890141175697465
0,214,0,214,-0.0018407443263026692
0,215,0,215,-0.0015478838338448503
0,216,0,216,0.0
0,217,0,217,0.0002245157035942632
0,218,0,218,-0.0008599817085356313
0,219,0,219,-0.03373501605588181
0,220,0,220,0.03315457812842269
0,221,0,221,-0.011568762665026808
0,222,0,222,0.021109280687350115
0,223,0,223,0.0
0,224,0,224,-0.008880601509154535
0,225,0,225,-0.009959334031111875
0,226,0,226,-0.007799552648140105
0,227,0,227,-0.007558041982770269
0,228,0,228,0.0
0,229,0,229,0.0
0,230,0,230,0.0
0,231,0,231,0.0
0,232,0,232,0.0
0,233,0,233,-0.005036788891560494
0,234,0,234,-0.00027534028999140036
0,235,0,235,-0.025409241991340422
0,236,0,236,-0.02047310534202566
0,237,0,237,-0.02452822203949703
0,238,0,238,-0.03615341381674433
0,239,0,239,-0.021911950432832086
0,240,0,240,-0.03456850229941124
0,241,0,241,-0.030868726524684788
0,242,0,242,-0.029380077287365917
0,243,0,243,-0.029376032413218105
0,244,0,244,0.0
0,245,0,245,0.0
0,246,0,246,0.0
0,247,0,247,0.0
0,248,0,248,0.0
0,249,0,249,0.0
0,250,0,250,-0.02990787923638962
0,251,0,251,-0.033744351405346776
0,252,0,252,0.024373385111430935
0,253,0,253,0.028794421858256314
0,254,0,254,0.0
0,255,0,255,0.0
0,256,0,256,-0.021084134817015248
0,257,0,257,-0.02825406545101089
0,258,0,258,-0.00033640068721328394
0,259,0,259,0.001045773405426686
0,260,0,260,-0.024234923648116954
0,261,0,261,-0.028806320267969157
0,262,0,262,-0.03234110460302895
0,263,0,263,0.0
0,264,0,264,0.0
0,265,0,265,-0.005041231287021327
0,266,0,266,-0.0054465028304883254
0,267,0,267,0.0
0,268,0,268,0.0
0,269,0,269,0.0
0,270,0,270,0.0
0,271,0,271,0.0
0,272,0,272,0.0
0,273,0,273,0.0
0,274,0,274,0.0
0,275,0,275,0.0
0,276,0,276,-0.03663176186207684
0,277,0,277,0.0
0,278,0,278,0.0
0,279,0,279,0.0
0,280,0,280,0.0
0,281,0,281,0.0
0,282,0,282,0.0
0,283,0,283,-0.019384628679392845
0,284,0,284,-0.02846274023588724
0,285,0,285,-0.024345870610554373
0,286,0,286,-0.024296106003519394
0,287,0,287,-0.028229525222962053
0,288,0,288,-0.031091942698020847
0,289,0,289,-0.017965183973503124
0,290,0,290,-0.028012611232029964
0,291,0,291,0.0
0,292,0,292,0.0
0,293,0,293,0.0
0,294,0,294,-0.03773719931583575
0,295,0,295,-0.03708260642112039
0,296,0,296,0.0
0,297,0,297,0.0
0,298,0,298,0.0
1,2,1,2,-0.05379982634584257
1,3,1,3,-0.24496389898983964
1,4,1,4,0.0
1,5,1,5,0.0
1,6,1,6,0.0
1,7,1,7,0.0
1,8,1,8,0.0
1,9,1,9,0.0
1,10,1,10,0.0
1,11,1,11,0.0
1,12,1,12,0.0
1,13,1,13,-0.008128698044732393
1,14,1,14,0.0
1,15,1,15,0.0022140357826381345
1,16,1,16,-0.005641674304603217
1,17,1,17,0.0
1,18,1,18,0.0
1,19,1,19,0.0
1,20,1,20,0.0
1,21,1,21,-0.002616488023673609
1,22,1,22,0.0
1,23,1,23,0.0
1,24,1,24,-0.00040793312894803647
1,25,1,25,-0.005421450599060273
1,26,1,26,0.0
1,27,1,27,0.0
1,28,1,28,-0.0029623746761461172
1,29,1,29,-0.005547180442742108
1,30,1,30,0.0
1,31,1,31,-0.0027221130580071247
1,32,1,32,-0.005648414531242849
1,33,1,33,0.0
1,34,1,34,0.0
1,35,1,35,0.0020071402056625787
1,36,1,36,0.004054131743206552
1,37,1,37,0.0020643414315811605
1,38,1,38,0.0002482230507162602
1,39,1,39,0.0
1,40,1,40,0.0
1,41,1,41,0.0
1,42,1,42,0.0
1,43,1,43,0.015250660589187406
1,44,1,44,0.0
1,45,1,45,0.0
1,46,1,46,0.0
1,47,1,47,0.0
1,48,1,48,0.0
1,49,1,49,0.0
1,50,1,50,0.0
1,51,1,51,0.0
1,52,1,52,0.0
1,53,1,53,0.0
1,54,1,54,0.0
1,55,1,55,0.0
1,56,1,56,0.0
1,57,1,57,0.0
1,58,1,58,0.0
1,59,1,59,0.0
1,60,1,60,0.0
1,61,1,61,0.0
1,62,1,62,0.0
1,63,1,63,0.0
1,64,1,64,0.0
1,65,1,65,0.0
1,66,1,66,0.0
1,67,1,67,0.0
1,68,1,68,0.0
1,69,1,69,0.0
1,70,1,70,0.0
1,71,1,71,0.0
1,72,1,72,0.0
1,73,1,73,0.0
1,74,1,74,0.0
1,75,1,75,0.0
1,76,1,76,0.0
1,77,1,77,0.0
1,78,1,78,0.0
1,79,1,79,0.0
1,80,1,80,0.0
1,81,1,81,0.0
1,82,1,82,0.0
1,83,1,83,0.0
1,84,1,84,0.0
1,85,1,85,0.0
1,86,1,86,0.0
1,87,1,87,0.0
1,88,1,88,0.0
1,89,1,89,0.0
1,90,1,90,0.0
1,91,1,91,0.0
1,92,1,92,0.0
1,93,1,93,0.0
1,94,1,94,0.0
1,95,1,95,0.0
1,96,1,96,0.0
1,97,1,97,0.0
1,98,1,98,0.0
1,99,1,99,0.0
1,100,1,100,0.0
1,101,1,101,0.0
1,102,1,102,0.0
1,103,1,103,0.0
1,104,1,104,0.0
1,105,1,105,0.0
1,106,1,106,0.0
1,107,1,107,0.0
1,108,1,108,0.0
1,109,1,109,0.0
1,110,1,110,0.0
1,111,1,111,0.0
1,112,1,112,0.0
1,113,1,113,0.0
1,114,1,114,0.0
1,115,1,115,0.0
1,116,1,116,0.0
1,117,1,117,0.0
1,118,1,118,0.0
1,119,1,119,0.0
1,120,1,120,0.0
1,121,1,121,0.0
1,122,1,122,0.0
1,123,1,123,0.0
1,124,1,124,0.0
1,125,1,125,0.0
1,126,1,126,0.0
1,127,1,127,0.0
1,128,1,128,0.0
1,129,1,129,0.0
1,130,1,130,0.0
1,131,1,131,0.0
1,132,1,132,0.0
1,133,1,133,0.0
1,134,1,134,0.0
1,135,1,135,0.0
1,136,1,136,0.0
1,137,1,137,0.0
1,138,1,138,0.0
1,139,1,139,0.0
1,140,1,140,0.0
1,141,1,141,0.0
1,142,1,142,0.0
1,143,1,143,0.0
1,144,1,144,0.0
1,145,1,145,0.0
1,146,1,146,0.0
1,147,1,147,0.0
1,148,1,148,0.0
1,149,1,149,0.0
1,150,1,150,0.0
1,151,1,151,0.0
1,152,1,152,0.0
1,153,1,153,0.0
1,154,1,154,0.0
1,155,1,155,0.0
1,156,1,156,0.0
1,157,1,157,0.0
1,158,1,158,0.0
1,159,1,159,0.0
1,160,1,160,0.0
1,161,1,161,0.0
1,162,1,162,0.0
1,163,1,163,0.0
1,164,1,164,0.0
1,165,1,165,0.0
1,166,1,166,0.0
1,167,1,167,0.0
1,168,1,168,0.0
1,169,1,169,0.0
1,170,1,170,0.0
1,171,1,171,0.0
1,172,1,172,0.0
1,173,1,173,0.0
1,174,1,174,0.0
1,175,1,175,0.0
1,176,1,176,0.0
1,177,1,177,0.0
1,178,1,178,0.0
1,179,1,179,0.0
1,180,1,180,0.0
1,181,1,181,0.0
1,182,1,182,0.0
1,183,1,183,0.0
1,184,1,184,0.0
1,185,1,185,0.0
1,186,1,186,0.0
1,187,1,187,0.0
1,188,1,188,0.0
1,189,1,189,0.0
1,190,1,190,0.0
1,191,1,191,0.0
1,192,1,192,0.0
1,193,1,193,0.0
1,194,1,194,0.0
1,195,1,195,0.0
1,196,1,196,0.0
1,197,1,197,0.0
1,198,1,198,0.0
1,199,1,199,0.0
1,200,1,200,0.0
1,201,1,201,-0.0178242704207442
1,202,1,202,0.0
1,203,1,203,0.0
1,204,1,204,0.0
1,205,1,205,0.0
1,206,1,206,0.0
1,207,1,207,-0.004346416326872913
1,208,1,208,0.007108486030585115
1,209,1,209,0.019337696486493115
1,210,1,210,0.010607850396694927
1,211,1,211,-0.00407862869638169
1,212,1,212,0.0
1,213,1,213,0.004566818957469201
1,214,1,214,0.004001340700401162
1,215,1,215,-0.003956904135318103
1,216,1,216,0.0
1,217,1,217,0.002610155164313631
1,218,1,218,0.0027092859023556304
1,219,1,219,-0.006135401518472013
1,220,1,220,0.01688416489735074
1,221,1,221,0.009379584363078834
1,222,1,222,0.015670579956657466
1,223,1,223,0.0
1,224,1,224,0.02127304255981378
1,225,1,225,0.018244052799075608
1,226,1,226,0.02197103636509089
1,227,1,227,0.02105268888582906
1,228,1,228,0.0
1,229,1,229,0.0
1,230,1,230,0.0
1,231,1,231,0.0
1,232,1,232,0.0
1,233,1,233,-0.0012215413096684322
1,234,1,234,-0.009031338662656254
1,235,1,235,0.0026935418002150585
1,236,1,236,0.0006944874237412943
1,237,1,237,0.0037803444449654522
1,238,1,238,0.00070460960607575
1,239,1,239,0.002270787958991609
1,240,1,240,0.0035808499508663163
1,241,1,241,0.002347819288293579
1,242,1,242,0.0019012394721317303
1,243,1,243,0.002396980079560719
1,244,1,244,0.0
1,245,1,245,0.0
1,246,1,246,0.0
1,247,1,247,0.0
1,248,1,248,0.0
1,249,1,249,0.0
1,250,1,250,0.0018382670702239146
1,251,1,251,0.002792923824956854
1,252,1,252,-0.00105105960290252
1,253,1,253,-0.0013708627952442062
1,254,1,254,0.0
1,255,1,255,0.0
1,256,1,256,0.0037198299749857553
1,257,1,257,0.0017984131771539506
1,258,1,258,-0.000288794584133176
1,259,1,259,0.00042018661738035167
1,260,1,260,0.0010747734944263137
1,261,1,261,0.0013393281632146804
1,262,1,262,-0.000615845315098491
1,263,1,263,0.0
1,264,1,264,0.0
1,265,1,265,-0.0006714574318669672
1,266,1,266,0.000668032555131649
1,267,1,267,0.0
1,268,1,268,0.0
1,269,1,269,0.0
1,270,1,270,0.0
1,271,1,271,0.0
1,272,1,272,0.0
1,273,1,273,0.0
1,274,1,274,0.0
1,275,1,275,0.0
1,276,1,276,0.004140362513658974
1,277,1,277,0.0
1,278,1,278,0.0
1,279,1,279,0.0
1,280,1,280,0.0
1,281,1,281,0.0
1,282,1,282,0.0
1,283,1,283,-0.018636147287143214
1,284,1,284,-0.006130043897072438
1,285,1,285,-0.010591461935991614
1,286,1,286,-0.011051730973335571
1,287,1,287,-0.006465744342661519
1,288,1,288,0.005688151853663964
1,289,1,289,-0.01247823166763606
1,290,1,290,0.0009075040135180072
1,291,1,291,0.0
1,292,1,292,0.0
1,293,1,293,0.0
1,294,1,294,0.0038342235685771184
1,295,1,295,0.0028967509349114517
1,296,1,296,0.0
1,297,1,297,0.0
1,298,1,298,0.0
2,3,2,3,-0.02951447065074124
2,4,2,4,0.0
2,5,2,5,0.0
2,6,2,6,0.0
2,7,2,7,0.0
2,8,2,8,0.0
2,9,2,9,0.0
2,10,2,10,0.0
2,11,2,11,0.0
2,12,2,12,0.0
2,13,2,13,-0.006592000392630266
2,14,2,14,0.0
2,15,2,15,0.015462269419736772
2,16,2,16,0.024372637334700093
2,17,2,17,0.0
2,18,2,18,0.0
2,19,2,19,0.0
2,20,2,20,0.0
2,21,2,21,0.015674773604414067
2,22,2,22,0.0
2,23,2,23,0.0
2,24,2,24,0.00899447549642563
2,25,2,25,-0.00027892648805738637
2,26,2,26,0.0
2,27,2,27,0.0
2,28,2,28,0.01926100127145819
2,29,2,29,0.010817558104630162
2,30,2,30,0.0
2,31,2,31,0.0043499639006184376
2,32,2,32,0.004631602288401817
2,33,2,33,0.0
2,34,2,34,0.0
2,35,2,35,-0.02037703697970399
2,36,2,36,0.009396034899708451
2,37,2,37,0.0016705703331458474
2,38,2,38,0.021471828551892582
2,39,2,39,0.0
2,40,2,40,0.0
2,41,2,41,0.0
2,42,2,42,0.0
2,43,2,43,-0.06748694024120648
2,44,2,44,0.0
2,45,2,45,0.0
2,46,2,46,0.0
2,47,2,47,0.0
2,48,2,48,0.0
2,49,2,49,0.0
2,50,2,50,0.0
2,51,2,51,0.0
2,52,2,52,0.0
2,53,2,53,0.0
2,54,2,54,0.0
2,55,2,55,0.0
2,56,2,56,0.0
2,57,2,57,0.0
2,58,2,58,0.0
2,59,2,59,0.0
2,60,2,60,0.0
2,61,2,61,0.0
2,62,2,62,0.0
2,63,2,63,0.0
2,64,2,64,0.0
2,65,2,65,0.0
2,66,2,66,0.0
2,67,2,67,0.0
2,68,2,68,0.0
2,69,2,69,0.0
2,70,2,70,0.0
2,71,2,71,0.0
2,72,2,72,0.0
2,73,2,73,0.0
2,74,2,74,0.0
2,75,2,75,0.0
2,76,2,76,0.0
2,77,2,77,0.0
2,78,2,78,0.0
2,79,2,79,0.0
2,80,2,80,0.0
2,81,2,81,0.0
2,82,2,82,0.0
2,83,2,83,0.0
2,84,2,84,0.0
2,85,2,85,0.0
2,86,2,86,0.0
2,87,2,87,0.0
2,88,2,88,0.0
2,89,2,89,0.0
2,90,2,90,0.0
2,91,2,91,0.0
2,92,2,92,0.0
2,93,2,93,0.0
2,94,2,94,0.0
2,95,2,95,0.0
2,96,2,96,0.0
2,97,2,97,0.0
2,98,2,98,0.0
2,99,2,99,0.0
2,100,2,100,0.0
2,101,2,101,0.0
2,102,2,102,0.0
2,103,2,103,0.0
2,104,2,104,0.0
2,105,2,105,0.0
2,106,2,106,0.0
2,107,2,107,0.0
2,108,2,108,0.0
2,109,2,109,0.0
2,110,2,110,0.0
2,111,2,111,0.0
2,112,2,112,0.0
2,113,2,113,0.0
2,114,2,114,0.0
2,115,2,115,0.0
2,116,2,116,0.0
2,117,2,117,0.0
2,118,2,118,0.0
2,119,2,119,0.0
2,120,2,120,0.0
2,121,2,121,0.0
2,122,2,122,0.0
2,123,2,123,0.0
2,124,2,124,0.0
2,125,2,125,0.0
2,126,2,126,0.0
2,127,2,127,0.0
2,128,2,128,0.0
2,129,2,129,0.0
2,130,2,130,0.0
2,131,2,131,0.0
2,132,2,132,0.0
2,133,2,133,0.0
2,134,2,134,0.0
2,135,2,135,0.0
2,136,2,136,0.0
2,137,2,137,0.0
2,138,2,138,0.0
2,139,2,139,0.0
2,140,2,140,0.0
2,141,2,141,0.0
2,142,2,142,0.0
2,143,2,143,0.0
2,144,2,144,0.0
2,145,2,145,0.0
2,146,2,146,0.0
2,147,2,147,0.0
2,148,2,148,0.0
2,149,2,149,0.0
2,150,2,150,0.0
2,151,2,151,0.0
2,152,2,152,0.0
2,153,2,153,0.0
2,154,2,154,0.0
2,155,2,155,0.0
2,156,2,156,0.0
2,157,2,157,0.0
2,158,2,158,0.0
2,159,2,159,0.0
2,160,2,160,0.0
2,161,2,161,0.0
2,162,2,162,0.0
2,163,2,163,0.0
2,164,2,164,0.0
2,165,2,165,0.0
2,166,2,166,0.0
2,167,2,167,0.0
2,168,2,168,0.0
2,169,2,169,0.0
2,170,2,170,0.0
2,171,2,171,0.0
2,172,2,172,0.0
2,173,2,173,0.0
2,174,2,174,0.0
2,175,2,175,0.0
2,176,2,176,0.0
2,177,2,177,0.0
2,178,2,178,0.0
2,179,2,179,0.0
2,180,2,180,0.0
2,181,2,181,0.0
2,182,2,182,0.0
2,183,2,183,0.0
2,184,2,184,0.0
2,185,2,185,0.0
2,186,2,186,0.0
2,187,2,187,0.0
2,188,2,188,0.0
2,189,2,189,0.0
2,190,2,190,0.0
2,191,2,191,0.0
2,192,2,192,0.0
2,193,2,193,0.0
2,194,2,194,0.0
2,195,2,195,0.0
2,196,2,196,0.0
2,197,2,197,0.0
2,198,2,198,0.0
2,199,2,199,0.0
2,200,2,200,0.0
2,201,2,201,0.12965053655208217
2,202,2,202,0.0
2,203,2,203,0.0
2,204,2,204,0.0
2,205,2,205,0.0
2,206,2,206,0.0
2,207,2,207,0.05779635793827777
2,208,2,208,-0.008528026683233526
2,209,2,209,-0.07564710083517556
2,210,2,210,-0.029710377283142783
2,211,2,211,0.01750855729077549
2,212,2,212,0.0
2,213,2,213,-0.0015434396723274972
2,214,2,214,-0.0020304538086336416
2,215,2,215,5.993198524310886e-06
2,216,2,216,0.0
2,217,2,217,0.015106636589981423
2,218,2,218,0.015218501327707953
2,219,2,219,-0.015504147372599055
2,220,2,220,0.0403649882621113
2,221,2,221,0.018046730608462687
2,222,2,222,0.03643297457416451
2,223,2,223,0.0
2,224,2,224,-0.08721309810009695
2,225,2,225,-0.07228300005468732
2,226,2,226,-0.09003143679839792
2,227,2,227,-0.08422391799270237
2,228,2,228,0.0
2,229,2,229,0.0
2,230,2,230,0.0
2,231,2,231,0.0
2,232,2,232,0.0
2,233,2,233,0.020644884370420065
2,234,2,234,0.05023584830274496
2,235,2,235,0.002314968874056019
2,236,2,236,0.0115291953316241
2,237,2,237,0.04239878772945536
2,238,2,238,0.0499888778745124
2,239,2,239,0.04494889832680687
2,240,2,240,0.05226670457097023
2,241,2,241,0.055567347768735
2,242,2,242,0.05083260871512604
2,243,2,243,0.05101471512208716
2,244,2,244,0.0
2,245,2,245,0.0
2,246,2,246,0.0
2,247,2,247,0.0
2,248,2,248,0.0
2,249,2,249,0.0
2,250,2,250,0.07347418159534012
2,251,2,251,0.08043058633039454
2,252,2,252,-0.06582502084170795
2,253,2,253,-0.06715784312213306
2,254,2,254,0.0
2,255,2,255,0.0
2,256,2,256,0.06564616665443203
2,257,2,257,0.06620871913225308
2,258,2,258,-0.0004322379459686166
2,259,2,259,-0.00015586429728217183
2,260,2,260,0.0655823015806478
2,261,2,261,0.06702964147426002
2,262,2,262,0.08444608298829726
2,263,2,263,0.0
2,264,2,264,0.0
2,265,2,265,0.009871498402120166
2,266,2,266,0.00419220454718753
2,267,2,267,0.0
2,268,2,268,0.0
2,269,2,269,0.0
2,270,2,270,0.0
2,271,2,271,0.0
2,272,2,272,0.0
2,273,2,273,0.0
2,274,2,274,0.0
2,275,2,275,0.0
2,276,2,276,0.08889675380051372
2,277,2,277,0.0
2,278,2,278,0.0
2,279,2,279,0.0
2,280,2,280,0.0
2,281,2,281,0.0
2,282,2,282,0.0
2,283,2,283,0.06104572361463721
2,284,2,284,0.07215006716294346
2,285,2,285,0.06643735542782883
2,286,2,286,0.06628583262063252
2,287,2,287,0.07146225000025076
2,288,2,288,0.08687853047855354
2,289,2,289,0.0628430963357969
2,290,2,290,0.07189706146657247
2,291,2,291,0.0
2,292,2,292,0.0
2,293,2,293,0.0
2,294,2,294,0.09746650391668593
2,295,2,295,0.09779409149768553
2,296,2,296,0.0
2,297,2,297,0.0
2,298,2,298,0.0
3,4,3,4,0.0
3,5,3,5,0.0
3,6,3,6,0.0
3,7,3,7,0.0
3,8,3,8,0.0
3,9,3,9,0.0
3,10,3,10,0.0
3,11,3,11,0.0
3,12,3,12,0.0
3,13,3,13,-0.009234610236825242
3,14,3,14,0.0
3,15,3,15,0.006667708729182267
3,16,3,16,0.01951759944141552
3,17,3,17,0.0
3,18,3,18,0.0
3,19,3,19,0.0
3,20,3,20,0.0
3,21,3,21,0.012215973845754834
3,22,3,22,0.0
3,23,3,23,0.0
3,24,3,24,0.005005950712154943
3,25,3,25,0.0007270885853009921
3,26,3,26,0.0
3,27,3,27,0.0
3,28,3,28,0.010132288227817997
3,29,3,29,0.006154959172084125
3,30,3,30,0.0
3,31,3,31,0.002030916506283597
3,32,3,32,0.0030793632980216546
3,33,3,33,0.0
3,34,3,34,0.0
3,35,3,35,-0.012584506222788373
3,36,3,36,0.006549103392263817
3,37,3,37,-0.002178860552440556
3,38,3,38,0.01802511604728028
3,39,3,39,0.0
3,40,3,40,0.0
3,41,3,41,0.0
3,42,3,42,0.0
3,43,3,43,-0.031012553388219555
3,44,3,44,0.0
3,45,3,45,0.0
3,46,3,46,0.0
3,47,3,47,0.0
3,48,3,48,0.0
3,49,3,49,0.0
3,50,3,50,0.0
3,51,3,51,0.0
3,52,3,52,0.0
3,53,3,53,0.0
3,54,3,54,0.0
3,55,3,55,0.0
3,56,3,56,0.0
3,57,3,57,0.0
3,58,3,58,0.0
3,59,3,59,0.0
3,60,3,60,0.0
3,61,3,61,0.0
3,62,3,62,0.0
3,63,3,63,0.0
3,64,3,64,0.0
3,65,3,65,0.0
3,66,3,66,0.0
3,67,3,67,0.0
3,68,3,68,0.0
3,69,3,69,0.0
3,70,3,70,0.0
3,71,3,71,0.0
3,72,3,72,0.0
3,73,3,73,0.0
3,74,3,74,0.0
3,75,3,75,0.0
3,76,3,76,0.0
3,77,3,77,0.0
3,78,3,78,0.0
3,79,3,79,0.0
3,80,3,80,0.0
3,81,3,81,0.0
3,82,3,82,0.0
3,83,3,83,0.0
3,84,3,84,0.0
3,85,3,85,0.0
3,86,3,86,0.0
3,87,3,87,0.0
3,88,3,88,0.0
3,89,3,89,0.0
3,90,3,90,0.0
3,91,3,91,0.0
3,92,3,92,0.0
3,93,3,93,0.0
3,94,3,94,0.0
3,95,3,95,0.0
3,96,3,96,0.0
3,97,3,97,0.0
3,98,3,98,0.0
3,99,3,99,0.0
3,100,3,100,0.0
3,101,3,101,0.0
3,102,3,102,0.0
3,103,3,103,0.0
3,104,3,104,0.0
3,105,3,105,0.0
3,106,3,106,0.0
3,107,3,107,0.0
3,108,3,108,0.0
3,109,3,109,0.0
3,110,3,110,0.0
3,111,3,111,0.0
3,112,3,112,0.0
3,113,3,113,0.0
3,114,3,114,0.0
3,115,3,115,0.0
3,116,3,116,0.0
3,117,3,117,0.0
3,118,3,118,0.0
3,119,3,119,0.0
3,120,3,120,0.0
3,121,3,121,0.0
3,122,3,122,0.0
3,123,3,123,0.0
3,124,3,124,0.0
3,125,3,125,0.0
3,126,3,126,0.0
3,127,3,127,0.0
3,128,3,128,0.0
3,129,3,129,0.0
3,130,3,130,0.0
3,131,3,131,0.0
3,132,3,132,0.0
3,133,3,133,0.0
3,134,3,134,0.0
3,135,3,135,0.0
3,136,3,136,0.0
3,137,3,137,0.0
3,138,3,138,0.0
3,139,3,139,0.0
3,140,3,140,0.0
3,141,3,141,0.0
3,142,3,142,0.0
3,143,3,143,0.0
3,144,3,144,0.0
3,145,3,145,0.0
3,146,3,146,0.0
3,147,3,147,0.0
3,148,3,148,0.0
3,149,3,149,0.0
3,150,3,150,0.0
3,151,3,151,0.0
3,152,3,152,0.0
3,153,3,153,0.0
3,154,3,154,0.0
3,155,3,155,0.0
3,156,3,156,0.0
3,157,3,157,0.0
3,158,3,158,0.0
3,159,3,159,0.0
3,160,3,160,0.0
3,161,3,161,0.0
3,162,3,162,0.0
3,163,3,163,0.0
3,164,3,164,0.0
3,165,3,165,0.0
3,166,3,166,0.0
3,167,3,167,0.0
3,168,3,168,0.0
3,169,3,169,0.0
3,170,3,170,0.0
3,171,3,171,0.0
3,172,3,172,0.0
3,173,3,173,0.0
3,174,3,174,0.0
3,175,3,175,0.0
3,176,3,176,0.0
3,177,3,177,0.0
3,178,3,178,0.0
3,179,3,179,0.0
3,180,3,180,0.0
3,181,3,181,0.0
3,182,3,182,0.0
3,183,3,183,0.0
3,184,3,184,0.0
3,185,3,185,0.0
3,186,3,186,0.0
3,187,3,187,0.0
3,188,3,188,0.0
3,189,3,189,0.0
3,190,3,190,0.0
3,191,3,191,0.0
3,192,3,192,0.0
3,193,3,193,0.0
3,194,3,194,0.0
3,195,3,195,0.0
3,196,3,196,0.0
3,197,3,197,0.0
3,198,3,198,0.0
3,199,3,199,0.0
3,200,3,200,0.0
3,201,3,201,0.09870428269845062
3,202,3,202,0.0
3,203,3,203,0.0
3,204,3,204,0.0
3,205,3,205,0.0
3,206,3,206,0.0
3,207,3,207,0.051695003952678564
3,208,3,208,-0.00642475657910553
3,209,3,209,-0.0367903211005809
3,210,3,210,-0.01867705165253706
3,211,3,211,0.01421233256649085
3,212,3,212,0.0
3,213,3,213,-0.0030674758826222497
3,214,3,214,-0.0024076139135377644
3,215,3,215,0.002365454584187578
3,216,3,216,0.0
3,217,3,217,0.0003104735419450432
3,218,3,218,0.0003602384947773565
3,219,3,219,-0.009697360618792249
3,220,3,220,0.03828718255680297
3,221,3,221,0.01354682956833298
3,222,3,222,0.03295832964367963
3,223,3,223,0.0
3,224,3,224,-0.04912680855380833
3,225,3,225,-0.035750130834709216
3,226,3,226,-0.05018041123199273
3,227,3,227,-0.048089325878091164
3,228,3,228,0.0
3,229,3,229,0.0
3,230,3,230,0.0
3,231,3,231,0.0
3,232,3,232,0.0
3,233,3,233,0.007522174326860255
3,234,3,234,0.029672926816309623
3,235,3,235,-0.0006949666384621409
3,236,3,236,-0.0016868150834879066
3,237,3,237,0.029380802061488357
3,238,3,238,0.03107661942931964
3,239,3,239,0.02474296929422419
3,240,3,240,0.023845835716363596
3,241,3,241,0.02576117393800694
3,242,3,242,0.024065416995062455
3,243,3,243,0.02379393210483234
3,244,3,244,0.0
3,245,3,245,0.0
3,246,3,246,0.0
3,247,3,247,0.0
3,248,3,248,0.0
3,249,3,249,0.0
3,250,3,250,0.030763297127046264
3,251,3,251,0.032885438911949214
3,252,3,252,-0.026460601197941108
3,253,3,253,-0.02733518385204036
3,254,3,254,0.0
3,255,3,255,0.0
3,256,3,256,0.028136315874268947
3,257,3,257,0.027228591029038164
3,258,3,258,0.0009844642582754373
3,259,3,259,-6.19497882772908e-05
3,260,3,260,0.02624967456939641
3,261,3,261,0.027282900200303026
3,262,3,262,0.038509174803967365
3,263,3,263,0.0
3,264,3,264,0.0
3,265,3,265,0.003075156578791833
3,266,3,266,-0.00017628590465337251
3,267,3,267,0.0
3,268,3,268,0.0
3,269,3,269,0.0
3,270,3,270,0.0
3,271,3,271,0.0
3,272,3,272,0.0
3,273,3,273,0.0
3,274,3,274,0.0
3,275,3,275,0.0
3,276,3,276,0.03722338311389037
3,277,3,277,0.0
3,278,3,278,0.0
3,279,3,279,0.0
3,280,3,280,0.0
3,281,3,281,0.0
3,282,3,282,0.0
3,283,3,283,0.035862405478663005
3,284,3,284,0.03449010583101024
3,285,3,285,0.0348459904851301
3,286,3,286,0.03477010836105078
3,287,3,287,0.03411116702322169
3,288,3,288,0.033302659015079776
3,289,3,289,0.032274935293140634
3,290,3,290,0.029603406422113992
3,291,3,291,0.0
3,292,3,292,0.0
3,293,3,293,0.0
3,294,3,294,0.03885225327498045
3,295,3,295,0.039102376712990376
3,296,3,296,0.0
3,297,3,297,0.0
3,298,3,298,0.0
4,5,4,5,0.0
4,6,4,6,0.0
4,7,4,7,0.0
4,8,4,8,0.0
4,9,4,9,0.0
4,10,4,10,0.0
4,11,4,11,0.0
4,12,4,12,0.0
4,13,4,13,0.0
4,14,4,14,0.0
4,15,4,15,0.0
4,16,4,16,0.0
4,17,4,17,0.0
4,18,4,18,0.0
4,19,4,19,0.0
4,20,4,20,0.0
4,21,4,21,0.0
4,22,4,22,0.0
4,23,4,23,0.0
4,24,4,24,0.0
4,25,4,25,0.0
4,26,4,26,0.0
4,27,4,27,0.0
4,28,4,28,0.0
4,29,4,29,0.0
4,30,4,30,0.0
4,31,4,31,0.0
4,32,4,32,0.0
4,33,4,33,0.0
4,34,4,34,0.0
4,35,4,35,0.0
4,36,4,36,0.0
4,37,4,37,0.0
4,38,4,38,0.0
4,39,4,39,0.0
4,40,4,40,0.0
4,41,4,41,0.0
4,42,4,42,0.0
4,43,4,43,0.0
4,44,4,44,0.0
4,45,4,45,0.0
4,46,4,46,0.0
4,47,4,47,0.0
4,48,4,48,0.0
4,49,4,49,0.0
4,50,4,50,0.0
4,51,4,51,0.0
4,52,4,52,0.0
4,53,4,53,0.0
4,54,4,54,0.0
4,55,4,55,0.0
4,56,4,56,0.0
4,57,4,57,0.0
4,58,4,58,0.0
4,59,4,59,0.0
4,60,4,60,0.0
4,61,4,61,0.0
4,62,4,62,0.0
4,63,4,63,0.0
4,64,4,64,0.0
4,65,4,65,0.0
4,66,4,66,0.0
4,67,4,67,0.0
4,68,4,68,0.0
4,69,4,69,0.0
4,70,4,70,0.0
4,71,4,71,0.0
4,72,4,72,0.0
4,73,4,73,0.0
4,74,4,74,0.0
4,75,4,75,0.0
4,76,4,76,0.0
4,77,4,77,0.0
4,78,4,78,0.0
4,79,4,79,0.0
4,80,4,80,0.0
4,81,4,81,0.0
4,82,4,82,0.0
4,83,4,83,0.0
4,84,4,84,0.0
4,85,4,85,0.0
4,86,4,86,0.0
4,87,4,87,0.0
4,88,4,88,0.0
4,89,4,89,0.0
4,90,4,90,0.0
4,91,4,91,0.0
4,92,4,92,0.0
4,93,4,93,0.0
4,94,4,94,0.0
4,95,4,95,0.0
4,96,4,96,0.0
4,97,4,97,0.0
4,98,4,98,0.0
4,99,4,99,0.0
4,100,4,100,0.0
4,101,4,101,0.0
4,102,4,102,0.0
4,103,4,103,0.0
4,104,4,104,0.0
4,105,4,105,0.0
4,106,4,106,0.0
4,107,4,107,0.0
4,108,4,108,0.0
4,109,4,109,0.0
4,110,4,110,0.0
4,111,4,111,0.0
4,112,4,112,0.0
4,113,4,113,0.0
4,114,4,114,0.0
4,115,4,115,0.0
4,116,4,116,0.0
4,117,4,117,0.0
4,118,4,118,0.0
4,119,4,119,0.0
4,120,4,120,0.0
4,121,4,121,0.0
4,122,4,122,0.0
4,123,4,123,0.0
4,124,4,124,0.0
4,125,4,125,0.0
4,126,4,126,0.0
4,127,4,127,0.0
4,128,4,128,0.0
4,129,4,129,0.0
4,130,4,130,0.0
4,131,4,131,0.0
4,132,4,132,0.0
4,133,4,133,0.0
4,134,4,134,0.0
4,135,4,135,0.0
4,136,4,136,0.0
4,137,4,137,0.0
4,138,4,138,0.0
4,139,4,139,0.0
4,140,4,140,0.0
4,141,4,141,0.0
4,142,4,142,0.0
4,143,4,143,0.0
4,144,4,144,0.0
4,145,4,145,0.0
4,146,4,146,0.0
4,147,4,147,0.0
4,148,4,148,0.0
4,149,4,149,0.0
4,150,4,150,0.0
4,151,4,151,0.0
4,152,4,152,0.0
4,153,4,153,0.0
4,154,4,154,0.0
4,155,4,155,0.0
4,156,4,156,0.0
4,157,4,157,0.0
4,158,4,158,0.0
4,159,4,159,0.0
4,160,4,160,0.0
4,161,4,161,0.0
4,162,4,162,0.0
4,163,4,163,0.0
4,164,4,164,0.0
4,165,4,165,0.0
4,166,4,166,0.0
4,167,4,167,0.0
4,168,4,168,0.0
4,169,4,169,0.0
4,170,4,170,0.0
4,171,4,171,0.0
4,172,4,172,0.0
4,173,4,173,0.0
4,174,4,174,0.0
4,175,4,175,0.0
4,176,4,176,0.0
4,177,4,177,0.0
4,178,4,178,0.0
4,179,4,179,0.0
4,180,4,180,0.0
4,181,4,181,0.0
4,182,4,182,0.0
4,183,4,183,0.0
4,184,4,184,0.0
4,185,4,185,0.0
4,186,4,186,0.0
4,187,4,187,0.0
4,188,4,188,0.0
4,189,4,189,0.0
4,190,4,190,0.0
4,191,4,191,0.0
4,192,4,192,0.0
4,193,4,193,0.0
4,194,4,194,0.0
4,195,4,195,0.0
4,196,4,196,0.0
4,197,4,197,0.0
4,198,4,198,0.0
4,199,4,199,0.0
4,200,4,200,0.0
4,201,4,201,0.0
4,202,4,202,0.0
4,203,4,203,0.0
4,204,4,204,0.0
4,205,4,205,0.0
4,206,4,206,0.0
4,207,4,207,0.0
4,208,4,208,0.0
4,209,4,209,0.0
4,210,4,210,0.0
4,211,4,211,0.0
4,212,4,212,0.0
4,213,4,213,0.0
4,214,4,214,0.0
4,215,4,215,0.0
4,216,4,216,0.0
4,217,4,217,0.0
4,218,4,218,0.0
4,219,4,219,0.0
4,220,4,220,0.0
4,221,4,221,0.0
4,222,4,222,0.0
4,223,4,223,0.0
4,224,4,224,0.0
4,225,4,225,0.0
4,226,4,226,0.0
4,227,4,227,0.0
4,228,4,228,0.0
4,229,4,229,0.0
4,230,4,230,0.0
4,231,4,231,0.0
4,232,4,232,0.0
4,233,4,233,0.0
4,234,4,234,0.0
4,235,4,235,0.0
4,236,4,236,0.0
4,237,4,237,0.0
4,238,4,238,0.0
4,239,4,239,0.0
4,240,4,240,0.0
4,241,4,241,0.0
4,242,4,242,0.0
4,243,4,243,0.0
4,244,4,244,0.0
4,245,4,245,0.0
4,246,4,246,0.0
4,247,4,247,0.0
4,248,4,248,0.0
4,249,4,249,0.0
4,250,4,250,0.0
4,251,4,251,0.0
4,252,4,252,0.0
4,253,4,253,0.0
4,254,4,254,0.0
4,255,4,255,0.0
4,256,4,256,0.0
4,257,4,257,0.0
4,258,4,258,0.0
4,259,4,259,0.0
4,260,4,260,0.0
4,261,4,261,0.0
4,262,4,262,0.0
4,263,4,263,0.0
4,264,4,264,0.0
4,265,4,265,0.0
4,266,4,266,0.0
4,267,4,267,0.0
4,268,4,268,0.0
4,269,4,269,0.0
4,270,4,270,0.0
4,271,4,271,0.0
4,272,4,272,0.0
4,273,4,273,0.0
4,274,4,274,0.0
4,275,4,275,0.0
4,276,4,276,0.0
4,277,4,277,0.0
4,278,4,278,0.0
4,279,4,279,0.0
4,280,4,280,0.0
4,281,4,281,0.0
4,282,4,282,0.0
4,283,4,283,0.0
4,284,4,284,0.0
4,285,4,285,0.0
4,286,4,286,0.0
4,287,4,287,0.0
4,288,4,288,0.0
4,289,4,289,0.0
4,290,4,290,0.0
4,291,4,291,0.0
4,292,4,292,0.0
4,293,4,293,0.0
4,294,4,294,0.0
4,295,4,295,0.0
4,296,4,296,0.0
4,297,4,297,0.0
4,298,4,298,0.0
5,6,5,6,0.0
5,7,5,7,0.0
5,8,5,8,0.0
5,9,5,9,0.0
5,10,5,10,0.0
5,11,5,11,0.0
5,12,5,12,0.0
5,13,5,13,0.0
5,14,5,14,0.0
5,15,5,15,0.0
5,16,5,16,0.0
5,17,5,17,0.0
5,18,5,18,0.0
5,19,5,19,0.0
5,20,5,20,0.0
5,21,5,21,0.0
5,22,5,22,0.0
5,23,5,23,0.0
5,24,5,24,0.0
5,25,5,25,0.0
5,26,5,26,0.0
5,27,5,27,0.0
5,28,5,28,0.0
5,29,5,29,0.0
5,30,5,30,0.0
5,31,5,31,0.0
5,32,5,32,0.0
5,33,5,33,0.0
5,34,5,34,0.0
5,35,5,35,0.0
5,36,5,36,0.0
5,37,5,37,0.0
5,38,5,38,0.0
5,39,5,39,0.0
5,40,5,40,0.0
5,41,5,41,0.0
5,42,5,42,0.0
5,43,5,43,0.0
5,44,5,44,0.0
5,45,5,45,0.0
5,46,5,46,0.0
5,47,5,47,0.0
5,48,5,48,0.0
5,49,5,49,0.0
5,50,5,50,0.0
5,51,5,51,0.0
5,52,5,52,0.0
5,53,5,53,0.0
5,54,5,54,0.0
5,55,5,55,0.0
5,56,5,56,0.0
5,57,5,57,0.0
5,58,5,58,0.0
5,59,5,59,0.0
5,60,5,60,0.0
5,61,5,61,0.0
5,62,5,62,0.0
5,63,5,63,0.0
5,64,5,64,0.0
5,65,5,65,0.0
5,66,5,66,0.0
5,67,5,67,0.0
5,68,5,68,0.0
5,69,5,69,0.0
5,70,5,70,0.0
5,71,5,71,0.0
5,72,5,72,0.0
5,73,5,73,0.0
5,74,5,74,0.0
5,75,5,75,0.0
5,76,5,76,0.0
5,77,5,77,0.0
5,78,5,78,0.0
5,79,5,79,0.0
5,80,5,80,0.0
5,81,5,81,0.0
5,82,5,82,0.0
5,83,5,83,0.0
5,84,5,84,0.0
5,85,5,85,0.0
5,86,5,86,0.0
5,87,5,87,0.0
5,88,5,88,0.0
5,89,5,89,0.0
5,90,5,90,0.0
5,91,5,91,0.0
5,92,5,92,0.0
5,93,5,93,0.0
5,94,5,94,0.0
5,95,5,95,0.0
5,96,5,96,0.0
5,97,5,97,0.0
5,98,5,98,0.0
5,99,5,99,0.0
5,100,5,100,0.0
5,101,5,101,0.0
5,102,5,102,0.0
5,103,5,103,0.0
5,104,5,104,0.0
5,105,5,105,0.0
5,106,5,106,0.0
5,107,5,107,0.0
5,108,5,108,0.0
5,109,5,109,0.0
5,110,5,110,0.0
5,111,5,111,0.0
5,112,5,112,0.0
5,113,5,113,0.0
5,114,5,114,0.0
5,115,5,115,0.0
5,116,5,116,0.0
5,117,5,117,0.0
5,118,5,118,0.0
5,119,5,119,0.0
5,120,5,120,0.0
5,121,5,121,0.0
5,122,5,122,0.0
5,123,5,123,0.0
5,124,5,124,0.0
5,125,5,125,0.0
5,126,5,126,0.0
5,127,5,127,0.0
5,128,5,128,0.0
5,129,5,129,0.0
5,130,5,130,0.0
5,131,5,131,0.0
5,132,5,132,0.0
5,133,5,133,0.0
5,134,5,134,0.0
5,135,5,135,0.0
5,136,5,136,0.0
5,137,5,137,0.0
5,138,5,138,0.0
5,139,5,139,0.0
5,140,5,140,0.0
5,141,5,141,0.0
5,142,5,142,0.0
5,143,5,143,0.0
5,144,5,144,0.0
5,145,5,145,0.0
5,146,5,146,0.0
5,147,5,147,0.0
5,148,5,148,0.0
5,149,5,149,0.0
5,150,5,150,0.0
5,151,5,151,0.0
5,152,5,152,0.0
5,153,5,153,0.0
5,154,5,154,0.0
5,155,5,155,0.0
5,156,5,156,0.0
5,157,5,157,0.0
5,158,5,158,0.0
5,159,5,159,0.0
5,160,5,160,0.0
5,161,5,161,0.0
5,162,5,162,0.0
5,163,5,163,0.0
5,164,5,164,0.0
5,165,5,165,0.0
5,166,5,166,0.0
5,167,5,167,0.0
5,168,5,168,0.0
5,169,5,169,0.0
5,170,5,170,0.0
5,171,5,171,0.0
5,172,5,172,0.0
5,173,5,173,0.0
5,174,5,174,0.0
5,175,5,175,0.0
5,176,5,176,0.0
5,177,5,177,0.0
5,178,5,178,0.0
5,179,5,179,0.0
5,180,5,180,0.0
5,181,5,181,0.0
5,182,5,182,0.0
5,183,5,183,0.0
5,184,5,184,0.0
5,185,5,185,0.0
5,186,5,186,0.0
5,187,5,187,0.0
5,188,5,188,0.0
5,189,5,189,0.0
5,190,5,190,0.0
5,191,5,191,0.0
5,192,5,192,0.0
5,193,5,193,0.0
5,194,5,194,0.0
5,195,5,195,0.0
5,196,5,196,0.0
5,197,5,197,0.0
5,198,5,198,0.0
5,199,5,199,0.0
5,200,5,200,0.0
5,201,5,201,0.0
5,202,5,202,0.0
5,203,5,203,0.0
5,204,5,204,0.0
5,205,5,205,0.0
5,206,5,206,0.0
5,207,5,207,0.0
5,208,5,208,0.0
5,209,5,209,0.0
5,210,5,210,0.0
5,211,5,211,0.0
5,212,5,212,0.0
5,213,5,213,0.0
5,214,5,214,0.0
5,215,5,215,0.0
5,216,5,216,0.0
5,217,5,217,0.0
5,218,5,218,0.0
5,219,5,219,0.0
5,220,5,220,0.0
5,221,5,221,0.0
5,222,5,222,0.0
5,223,5,223,0.0
5,224,5,224,0.0
5,225,5,225,0.0
5,226,5,226,0.0
5,227,5,227,0.0
5,228,5,228,0.0
5,229,5,229,0.0
5,230,5,230,0.0
5,231,5,231,0.0
5,232,5,232,0.0
5,233,5,233,0.0
5,234,5,234,0.0
5,235,5,235,0.0
5,236,5,236,0.0
5,237,5,237,0.0
5,238,5,238,0.0
5,239,5,239,0.0
5,240,5,240,0.0
5,241,5,241,0.0
5,242,5,242,0.0
5,243,5,243,0.0
5,244,5,244,0.0
5,245,5,245,0.0
5,246,5,246,0.0
5,247,5,247,0.0
5,248,5,248,0.0
5,249,5,249,0.0
5,250,5,250,0.0
5,251,5,251,0.0
5,252,5,252,0.0
5,253,5,253,0.0
5,254,5,254,0.0
5,255,5,255,0.0
5,256,5,256,0.0
5,257,5,257,0.0
5,258,5,258,0.0
5,259,5,259,0.0
5,260,5,260,0.0
5,261,5,261,0.0
5,262,5,262,0.0
5,263,5,263,0.0
5,264,5,264,0.0
5,265,5,265,0.0
5,266,5,266,0.0
5,267,5,267,0.0
5,268,5,268,0.0
5,269,5,269,0.0
5,270,5,270,0.0
5,271,5,271,0.0
5,272,5,272,0.0
5,273,5,273,0.0
5,274,5,274,0.0
5,275,5,275,0.0
5,276,5,276,0.0
5,277,5,277,0.0
5,278,5,278,0.0
5,279,5,279,0.0
5,280,5,280,0.0
5,281,5,281,0.0
5,282,5,282,0.0
5,283,5,283,0.0
5,284,5,284,0.0
5,285,5,285,0.0
5,286,5,286,0.0
5,287,5,287,0.0
5,288,5,288,0.0
5,289,5,289,0.0
5,290,5,290,0.0
5,291,5,291,0.0
5,292,5,292,0.0
5,293,5,293,0.0
5,294,5,294,0.0
5,295,5,295,0.0
5,296,5,296,0.0
5,297,5,297,0.0
5,298,5,298,0.0
6,7,6,7,0.0
6,8,6,8,0.0
6,9,6,9,0.0
6,10,6,10,0.0
6,11,6,11,0.0
6,12,6,12,0.0
6,13,6,13,0.0
6,14,6,14,0.0
6,15,6,15,0.0
6,16,6,16,0.0
6,17,6,17,0.0
6,18,6,18,0.0
6,19,6,19,0.0
6,20,6,20,0.0
6,21,6,21,0.0
6,22,6,22,0.0
6,23,6,23,0.0
6,24,6,24,0.0
6,25,6,25,0.0
6,26,6,26,0.0
6,27,6,27,0.0
6,28,6,28,0.0
6,29,6,29,0.0
6,30,6,30,0.0
6,31,6,31,0.0
6,32,6,32,0.0
6,33,6,33,0.0
6,34,6,34,0.0
6,35,6,35,0.0
6,36,6,36,0.0
6,37,6,37,0.0
6,38,6,38,0.0
6,39,6,39,0.0
6,40,6,40,0.0
6,41,6,41,0.0
6,42,6,42,0.0
6,43,6,43,0.0
6,44,6,44,0.0
6,45,6,45,0.0
6,46,6,46,0.0
6,47,6,47,0.0
6,48,6,48,0.0
6,49,6,49,0.0
6,50,6,50,0.0
6,51,6,51,0.0
6,52,6,52,0.0
6,53,6,53,0.0
6,54,6,54,0.0
6,55,6,55,0.0
6,56,6,56,0.0
6,57,6,57,0.0
6,58,6,58,0.0
6,59,6,59,0.0
6,60,6,60,0.0
6,61,6,61,0.0
6,62,6,62,0.0
6,63,6,63,0.0
6,64,6,64,0.0
6,65,6,65,0.0
6,66,6,66,0.0
6,67,6,67,0.0
6,68,6,68,0.0
6,69,6,69,0.0
6,70,6,70,0.0
6,71,6,71,0.0
6,72,6,72,0.0
6,73,6,73,0.0
6,74,6,74,0.0
6,75,6,75,0.0
6,76,6,76,0.0
6,77,6,77,0.0
6,78,6,78,0.0
6,79,6,79,0.0
6,80,6,80,0.0
6,81,6,81,0.0
6,82,6,82,0.0
6,83,6,83,0.0
6,84,6,84,0.0
6,85,6,85,0.0
6,86,6,86,0.0
6,87,6,87,0.0
6,88,6,88,0.0
6,89,6,89,0.0
6,90,6,90,0.0
6,91,6,91,0.0
6,92,6,92,0.0
6,93,6,93,0.0
6,94,6,94,0.0
6,95,6,95,0.0
6,96,6,96,0.0
6,97,6,97,0.0
6,98,6,98,0.0
6,99,6,99,0.0
6,100,6,100,0.0
6,101,6,101,0.0
6,102,6,102,0.0
6,103,6,103,0.0
6,104,6,104,0.0
6,105,6,105,0.0
6,106,6,106,0.0
6,107,6,107,0.0
6,108,6,108,0.0
6,109,6,109,0.0
6,110,6,110,0.0
6,111,6,111,0.0
6,112,6,112,0.0
6,113,6,113,0.0
6,114,6,114,0.0
6,115,6,115,0.0
6,116,6,116,0.0
6,117,6,117,0.0
6,118,6,118,0.0
6,119,6,119,0.0
6,120,6,120,0.0
6,121,6,121,0.0
6,122,6,122,0.0
6,123,6,123,0.0
6,124,6,124,0.0
6,125,6,125,0.0
6,126,6,126,0.0
6,127,6,127,0.0
6,128,6,128,0.0
6,129,6,129,0.0
6,130,6,130,0.0
6,131,6,131,0.0
6,132,6,132,0.0
6,133,6,133,0.0
6,134,6,134,0.0
6,135,6,135,0.0
6,136,6,136,0.0
6,137,6,137,0.0
6,138,6,138,0.0
6,139,6,139,0.0
6,140,6,140,0.0
6,141,6,141,0.0
6,142,6,142,0.0
6,143,6,143,0.0
6,144,6,144,0.0
6,145,6,145,0.0
6,146,6,146,0.0
6,147,6,147,0.0
6,148,6,148,0.0
6,149,6,149,0.0
6,150,6,150,0.0
6,151,6,151,0.0
6,152,6,152,0.0
6,153,6,153,0.0
6,154,6,154,0.0
6,155,6,155,0.0
6,156,6,156,0.0
6,157,6,157,0.0
6,158,6,158,0.0
6,159,6,159,0.0
6,160,6,160,0.0
6,161,6,161,0.0
6,162,6,162,0.0
6,163,6,163,0.0
6,164,6,164,0.0
6,165,6,165,0.0
6,166,6,166,0.0
6,167,6,167,0.0
6,168,6,168,0.0
6,169,6,169,0.0
6,170,6,170,0.0
6,171,6,171,0.0
6,172,6,172,0.0
6,173,6,173,0.0
6,174,6,174,0.0
6,175,6,175,0.0
6,176,6,176,0.0
6,177,6,177,0.0
6,178,6,178,0.0
6,179,6,179,0.0
6,180,6,180,0.0
6,181,6,181,0.0
6,182,6,182,0.0
6,183,6,183,0.0
6,184,6,184,0.0
6,185,6,185,0.0
6,186,6,186,0.0
6,187,6,187,0.0
6,188,6,188,0.0
6,189,6,189,0.0
6,190,6,190,0.0
6,191,6,191,0.0
6,192,6,192,0.0
6,193,6,193,0.0
6,194,6,194,0.0
6,195,6,195,0.0
6,196,6,196,0.0
6,197,6,197,0.0
6,198,6,198,0.0
6,199,6,199,0.0
6,200,6,200,0.0
6,201,6,201,0.0
6,202,6,202,0.0
6,203,6,203,0.0
6,204,6,204,0.0
6,205,6,205,0.0
6,206,6,206,0.0
6,207,6,207,0.0
6,208,6,208,0.0
6,209,6,209,0.0
6,210,6,210,0.0
6,211,6,211,0.0
6,212,6,212,0.0
6,213,6,213,0.0
6,214,6,214,0.0
6,215,6,215,0.0
6,216,6,216,0.0
6,217,6,217,0.0
6,218,6,218,0.0
6,219,6,219,0.0
6,220,6,220,0.0
6,221,6,221,0.0
6,222,6,222,0.0
6,223,6,223,0.0
6,224,6,224,0.0
6,225,6,225,0.0
6,226,6,226,0.0
6,227,6,227,0.0
6,228,6,228,0.0
6,229,6,229,0.0
6,230,6,230,0.0
6,231,6,231,0.0
6,232,6,232,0.0
6,233,6,233,0.0
6,234,6,234,0.0
6,235,6,235,0.0
6,236,6,236,0.0
6,237,6,237,0.0
6,238,6,238,0.0
6,239,6,239,0.0
6,240,6,240,0.0
6,241,6,241,0.0
6,242,6,242,0.0
6,243,6,243,0.0
6,244,6,244,0.0
6,245,6,245,0.0
6,246,6,246,0.0
6,247,6,247,0.0
6,248,6,248,0.0
6,249,6,249,0.0
6,250,6,250,0.0
6,251,6,251,0.0
6,252,6,252,0.0
6,253,6,253,0.0
6,254,6,254,0.0
6,255,6,255,0.0
6,256,6,256,0.0
6,257,6,257,0.0
6,258,6,258,0.0
6,259,6,259,0.0
6,260,6,260,0.0
6,261,6,261,0.0
6,262,6,262,0.0
6,263,6,263,0.0
6,264,6,264,0.0
6,265,6,265,0.0
6,266,6,266,0.0
6,267,6,267,0.0
6,268,6,268,0.0
6,269,6,269,0.0
6,270,6,270,0.0
6,271,6,271,0.0
6,272,6,272,0.0
6,273,6,273,0.0
6,274,6,274,0.0
6,275,6,275,0.0
6,276,6,276,0.0
6,277,6,277,0.0
6,278,6,278,0.0
6,279,6,279,0.0
6,280,6,280,0.0
6,281,6,281,0.0
6,282,6,282,0.0
6,283,6,283,0.0
6,284,6,284,0.0
6,285,6,285,0.0
6,286,6,286,0.0
6,287,6,287,0.0
6,288,6,288,0.0
6,289,6,289,0.0
6,290,6,290,0.0
6,291,6,291,0.0
6,292,6,292,0.0
6,293,6,293,0.0
6,294,6,294,0.0
6,295,6,295,0.0
6,296,6,296,0.0
6,297,6,297,0.0
6,298,6,298,0.0
7,8,7,8,0.0
7,9,7,9,0.0
7,10,7,10,0.0
7,11,7,11,0.0
7,12,7,12,0.0
7,13,7,13,0.0
7,14,7,14,0.0
7,15,7,15,0.0
7,16,7,16,0.0
7,17,7,17,0.0
7,18,7,18,0.0
7,19,7,19,0.0
7,20,7,20,0.0
7,21,7,21,0.0
7,22,7,22,0.0
7,23,7,23,0.0
7,24,7,24,0.0
7,25,7,25,0.0
7,26,7,26,0.0
7,27,7,27,0.0
7,28,7,28,0.0
7,29,7,29,0.0
7,30,7,30,0.0
7,31,7,31,0.0
7,32,7,32,0.0
7,33,7,33,0.0
7,34,7,34,0.0
7,35,7,35,0.0
7,36,7,36,0.0
7,37,7,37,0.0
7,38,7,38,0.0
7,39,7,39,0.0
7,40,7,40,0.0
7,41,7,41,0.0
7,42,7,42,0.0
7,43,7,43,0.0
7,44,7,44,0.0
7,45,7,45,0.0
7,46,7,46,0.0
7,47,7,47,0.0
7,48,7,48,0.0
7,49,7,49,0.0
7,50,7,50,0.0
7,51,7,51,0.0
7,52,7,52,0.0
7,53,7,53,0.0
7,54,7,54,0.0
7,55,7,55,0.0
7,56,7,56,0.0
7,57,7,57,0.0
7,58,7,58,0.0
7,59,7,59,0.0
7,60,7,60,0.0
7,61,7,61,0.0
7,62,7,62,0.0
7,63,7,63,0.0
7,64,7,64,0.0
7,65,7,65,0.0
7,66,7,66,0.0
7,67,7,67,0.0
7,68,7,68,0.0
7,69,7,69,0.0
7,70,7,70,0.0
7,71,7,71,0.0
7,72,7,72,0.0
7,73,7,73,0.0
7,74,7,74,0.0
7,75,7,75,0.0
7,76,7,76,0.0
7,77,7,77,0.0
7,78,7,78,0.0
7,79,7,79,0.0
7,80,7,80,0.0
7,81,7,81,0.0
7,82,7,82,0.0
7,83,7,83,0.0
7,84,7,84,0.0
7,85,7,85,0.0
7,86,7,86,0.0
7,87,7,87,0.0
7,88,7,88,0.0
7,89,7,89,0.0
7,90,7,90,0.0
7,91,7,91,0.0
7,92,7,92,0.0
7,93,7,93,0.0
7,94,7,94,0.0
7,95,7,95,0.0
7,96,7,96,0.0
7,97,7,97,0.0
7,98,7,98,0.0
7,99,7,99,0.0
7,100,7,100,0.0
7,101,7,101,0.0
7,102,7,102,0.0
7,103,7,103,0.0
7,104,7,104,0.0
7,105,7,105,0.0
7,106,7,106,0.0
7,107,7,107,0.0
7,108,7,108,0.0
7,109,7,109,0.0
7,110,7,110,0.0
7,111,7,111,0.0
7,112,7,112,0.0
7,113,7,113,0.0
7,114,7,114,0.0
7,115,7,115,0.0
7,116,7,116,0.0
7,117,7,117,0.0
7,118,7,118,0.0
7,119,7,119,0.0
7,120,7,120,0.0
7,121,7,121,0.0
7,122,7,122,0.0
7,123,7,123,0.0
7,124,7,124,0.0
7,125,7,125,0.0
7,126,7,126,0.0
7,127,7,127,0.0
7,128,7,128,0.0
7,129,7,129,0.0
7,130,7,130,0.0
7,131,7,131,0.0
7,132,7,132,0.0
7,133,7,133,0.0
7,134,7,134,0.0
7,135,7,135,0.0
7,136,7,136,0.0
7,137,7,137,0.0
7,138,7,138,0.0
7,139,7,139,0.0
7,140,7,140,0.0
7,141,7,141,0.0
7,142,7,142,0.0
7,143,7,143,0.0
7,144,7,144,0.0
7,145,7,145,0.0
7,146,7,146,0.0
7,147,7,147,0.0
7,148,7,148,0.0
7,149,7,149,0.0
7,150,7,150,0.0
7,151,7,151,0.0
7,152,7,152,0.0
7,153,7,153,0.0
7,154,7,154,0.0
7,155,7,155,0.0
7,156,7,156,0.0
7,157,7,157,0.0
7,158,7,158,0.0
7,159,7,159,0.0
7,160,7,160,0.0
7,161,7,161,0.0
7,162,7,162,0.0
7,163,7,163,0.0
7,164,7,164,0.0
7,165,7,165,0.0
7,166,7,166,0.0
7,167,7,167,0.0
7,168,7,168,0.0
7,169,7,169,0.0
7,170,7,170,0.0
7,171,7,171,0.0
7,172,7,172,0.0
7,173,7,173,0.0
7,174,7,174,0.0
7,175,7,175,0.0
7,176,7,176,0.0
7,177,7,177,0.0
7,178,7,178,0.0
7,179,7,179,0.0
7,180,7,180,0.0
7,181,7,181,0.0
7,182,7,182,0.0
7,183,7,183,0.0
7,184,7,184,0.0
7,185,7,185,0.0
7,186,7,186,0.0
7,187,7,187,0.0
7,188,7,188,0.0
7,189,7,189,0.0
7,190,7,190,0.0
7,191,7,191,0.0
7,192,7,192,0.0
7,193,7,193,0.0
7,194,7,194,0.0
7,195,7,195,0.0
7,196,7,196,0.0
7,197,7,197,0.0
7,198,7,198,0.0
7,199,7,199,0.0
7,200,7,200,0.0
7,201,7,201,0.0
7,202,7,202,0.0
7,203,7,203,0.0
7,204,7,204,0.0
7,205,7,205,0.0
7,206,7,206,0.0
7,207,7,207,0.0
7,208,7,208,0.0
7,209,7,209,0.0
7,210,7,210,0.0
7,211,7,211,0.0
7,212,7,212,0.0
7,213,7,213,0.0
7,214,7,214,0.0
7,215,7,215,0.0
7,216,7,216,0.0
7,217,7,217,0.0
7,218,7,218,0.0
7,219,7,219,0.0
7,220,7,220,0.0
7,221,7,221,0.0
7,222,7,222,0.0
7,223,7,223,0.0
7,224,7,224,0.0
7,225,7,225,0.0
7,226,7,226,0.0
7,227,7,227,0.0
7,228,7,228,0.0
7,229,7,229,0.0
7,230,7,230,0.0
7,231,7,231,0.0
7,232,7,232,0.0
7,233,7,233,0.0
7,234,7,234,0.0
7,235,7,235,0.0
7,236,7,236,0.0
7,237,7,237,0.0
7,238,7,238,0.0
7,239,7,239,0.0
7,240,7,240,0.0
7,241,7,241,0.0
7,242,7,242,0.0
7,243,7,243,0.0
7,244,7,244,0.0
7,245,7,245,0.0
7,246,7,246,0.0
7,247,7,247,0.0
7,248,7,248,0.0
7,249,7,249,0.0
7,250,7,250,0.0
7,251,7,251,0.0
7,252,7,252,0.0
7,253,7,253,0.0
7,254,7,254,0.0
7,255,7,255,0.0
7,256,7,256,0.0
7,257,7,257,0.0
7,258,7,258,0.0
7,259,7,259,0.0
7,260,7,260,0.0
7,261,7,261,0.0
7,262,7,262,0.0
7,263,7,263,0.0
7,264,7,264,0.0
7,265,7,265,0.0
7,266,7,266,0.0
7,267,7,267,0.0
7,268,7,268,0.0
7,269,7,269,0.0
7,270,7,270,0.0
7,271,7,271,0.0
7,272,7,272,0.0
7,273,7,273,0.0
7,274,7,274,0.0
7,275,7,275,0.0
7,276,7,276,0.0
7,277,7,277,0.0
7,278,7,278,0.0
7,279,7,279,0.0
7,280,7,280,0.0
7,281,7,281,0.0
7,282,7,282,0.0
7,283,7,283,0.0
7,284,7,284,0.0
7,285,7,285,0.0
7,286,7,286,0.0
7,287,7,287,0.0
7,288,7,288,0.0
7,289,7,289,0.0
7,290,7,290,0.0
7,291,7,291,0.0
7,292,7,292,0.0
7,293,7,293,0.0
7,294,7,294,0.0
7,295,7,295,0.0
7,296,7,296,0.0
7,297,7,297,0.0
7,298,7,298,0.0
8,9,8,9,0.0
8,10,8,10,0.0
8,11,8,11,0.0
8,12,8,12,0.0
8,13,8,13,0.0
8,14,8,14,0.0
8,15,8,15,0.0
8,16,8,16,0.0
8,17,8,17,0.0
8,18,8,18,0.0
8,19,8,19,0.0
8,20,8,20,0.0
8,21,8,21,0.0
8,22,8,22,0.0
8,23,8,23,0.0
8,24,8,24,0.0
8,25,8,25,0.0
8,26,8,26,0.0
8,27,8,27,0.0
8,28,8,28,0.0
8,29,8,29,0.0
8,30,8,30,0.0
8,31,8,31,0.0
8,32,8,32,0.0
8,33,8,33,0.0
8,34,8,34,0.0
8,35,8,35,0.0
8,36,8,36,0.0
8,37,8,37,0.0
8,38,8,38,0.0
8,39,8,39,0.0
8,40,8,40,0.0
8,41,8,41,0.0
8,42,8,42,0.0
8,43,8,43,0.0
8,44,8,44,0.0
8,45,8,45,0.0
8,46,8,46,0.0
8,47,8,47,0.0
8,48,8,48,0.0
8,49,8,49,0.0
8,50,8,50,0.0
8,51,8,51,0.0
8,52,8,52,0.0
8,53,8,53,0.0
8,54,8,54,0.0
8,55,8,55,0.0
8,56,8,56,0.0
8,57,8,57,0.0
8,58,8,58,0.0
8,59,8,59,0.0
8,60,8,60,0.0
8,61,8,61,0.0
8,62,8,62,0.0
8,63,8,63,0.0
8,64,8,64,0.0
8,65,8,65,0.0
8,66,8,66,0.0
8,67,8,67,0.0
8,68,8,68,0.0
8,69,8,69,0.0
8,70,8,70,0.0
8,71,8,71,0.0
8,72,8,72,0.0
8,73,8,73,0.0
8,74,8,74,0.0
8,75,8,75,0.0
8,76,8,76,0.0
8,77,8,77,0.0
8,78,8,78,0.0
8,79,8,79,0.0
8,80,8,80,0.0
8,81,8,81,0.0
8,82,8,82,0.0
8,83,8,83,0.0
8,84,8,84,0.0
8,85,8,85,0.0
8,86,8,86,0.0
8,87,8,87,0.0
8,88,8,88,0.0
8,89,8,89,0.0
8,90,8,90,0.0
8,91,8,91,0.0
8,92,8,92,0.0
8,93,8,93,0.0
8,94,8,94,0.0
8,95,8,95,0.0
8,96,8,96,0.0
8,97,8,97,0.0
8,98,8,98,0.0
8,99,8,99,0.0
8,100,8,100,0.0
8,101,8,101,0.0
8,102,8,102,0.0
8,103,8,103,0.0
8,104,8,104,0.0
8,105,8,105,0.0
8,106,8,106,0.0
8,107,8,107,0.0
8,108,8,108,0.0
8,109,8,109,0.0
8,110,8,110,0.0
8,111,8,111,0.0
8,112,8,112,0.0
8,113,8,113,0.0
8,114,8,114,0.0
8,115,8,115,0.0
8,116,8,116,0.0
8,117,8,117,0.0
8,118,8,118,0.0
8,119,8,119,0.0
8,120,8,120,0.0
8,121,8,121,0.0
8,122,8,122,0.0
8,123,8,123,0.0
8,124,8,124,0.0
8,125,8,125,0.0
8,126,8,126,0.0
8,127,8,127,0.0
8,128,8,128,0.0
8,129,8,129,0.0
8,130,8,130,0.0
8,131,8,131,0.0
8,132,8,132,0.0
8,133,8,133,0.0
8,134,8,134,0.0
8,135,8,135,0.0
8,136,8,136,0.0
8,137,8,137,0.0
8,138,8,138,0.0
8,139,8,139,0.0
8,140,8,140,0.0
8,141,8,141,0.0
8,142,8,142,0.0
8,143,8,143,0.0
8,144,8,144,0.0
8,145,8,145,0.0
8,146,8,146,0.0
8,147,8,147,0.0
8,148,8,148,0.0
8,149,8,149,0.0
8,150,8,150,0.0
8,151,8,151,0.0
8,152,8,152,0.0
8,153,8,153,0.0
8,154,8,154,0.0
8,155,8,155,0.0
8,156,8,156,0.0
8,157,8,157,0.0
8,158,8,158,0.0
8,159,8,159,0.0
8,160,8,160,0.0
8,161,8,161,0.0
8,162,8,162,0.0
8,163,8,163,0.0
8,164,8,164,0.0
8,165,8,165,0.0
8,166,8,166,0.0
8,167,8,167,0.0
8,168,8,168,0.0
8,169,8,169,0.0
8,170,8,170,0.0
8,171,8,171,0.0
8,172,8,172,0.0
8,173,8,173,0.0
8,174,8,174,0.0
8,175,8,175,0.0
8,176,8,176,0.0
8,177,8,177,0.0
8,178,8,178,0.0
8,179,8,179,0.0
8,180,8,180,0.0
8,181,8,181,0.0
8,182,8,182,0.0
8,183,8,183,0.0
8,184,8,184,0.0
8,185,8,185,0.0
8,186,8,186,0.0
8,187,8,187,0.0
8,188,8,188,0.0
8,189,8,189,0.0
8,190,8,190,0.0
8,191,8,191,0.0
8,192,8,192,0.0
8,193,8,193,0.0
8,194,8,194,0.0
8,195,8,195,0.0
8,196,8,196,0.0
8,197,8,197,0.0
8,198,8,198,0.0
8,199,8,199,0.0
8,200,8,200,0.0
8,201,8,201,0.0
8,202,8,202,0.0
8,203,8,203,0.0
8,204,8,204,0.0
8,205,8,205,0.0
8,206,8,206,0.0
8,207,8,207,0.0
8,208,8,208,0.0
8,209,8,209,0.0
8,210,8,210,0.0
8,211,8,211,0.0
8,212,8,212,0.0
8,213,8,213,0.0
8,214,8,214,0.0
8,215,8,215,0.0
8,216,8,216,0.0
8,217,8,217,0.0
8,218,8,218,0.0
8,219,8,219,0.0
8,220,8,220,0.0
8,221,8,221,0.0
8,222,8,222,0.0
8,223,8,223,0.0
8,224,8,224,0.0
8,225,8,225,0.0
8,226,8,226,0.0
8,227,8,227,0.0
8,228,8,228,0.0
8,229,8,229,0.0
8,230,8,230,0.0
8,231,8,231,0.0
8,232,8,232,0.0
8,233,8,233,0.0
8,234,8,234,0.0
8,235,8,235,0.0
8,236,8,236,0.0
8,237,8,237,0.0
8,238,8,238,0.0
8,239,8,239,0.0
8,240,8,240,0.0
8,241,8,241,0.0
8,242,8,242,0.0
8,243,8,243,0.0
8,244,8,244,0.0
8,245,8,245,0.0
8,246,8,246,0.0
8,247,8,247,0.0
8,248,8,248,0.0
8,249,8,249,0.0
8,250,8,250,0.0
8,251,8,251,0.0
8,252,8,252,0.0
8,253,8,253,0.0
8,254,8,254,0.0
8,255,8,255,0.0
8,256,8,256,0.0
8,257,8,257,0.0
8,258,8,258,0.0
8,259,8,259,0.0
8,260,8,260,0.0
8,261,8,261,0.0
8,262,8,262,0.0
8,263,8,263,0.0
8,264,8,264,0.0
8,265,8,265,0.0
8,266,8,266,0.0
8,267,8,267,0.0
8,268,8,268,0.0
8,269,8,269,0.0
8,270,8,270,0.0
8,271,8,271,0.0
8,272,8,272,0.0
8,273,8,273,0.0
8,274,8,274,0.0
8,275,8,275,0.0
8,276,8,276,0.0
8,277,8,277,0.0
8,278,8,278,0.0
8,279,8,279,0.0
8,280,8,280,0.0
8,281,8,281,0.0
8,282,8,282,0.0
8,283,8,283,0.0
8,284,8,284,0.0
8,285,8,285,0.0
8,286,8,286,0.0
8,287,8,287,0.0
8,288,8,288,0.0
8,289,8,289,0.0
8,290,8,290,0.0
8,291,8,291,0.0
8,292,8,292,0.0
8,293,8,293,0.0
8,294,8,294,0.0
8,295,8,295,0.0
8,296,8,296,0.0
8,297,8,297,0.0
8,298,8,298,0.0
9,10,9,10,0.0
9,11,9,11,0.0
9,12,9,12,0.0
9,13,9,13,0.0
9,14,9,14,0.0
9,15,9,15,0.0
9,16,9,16,0.0
9,17,9,17,0.0
9,18,9,18,0.0
9,19,9,19,0.0
9,20,9,20,0.0
9,21,9,21,0.0
9,22,9,22,0.0
9,23,9,23,0.0
9,24,9,24,0.0
9,25,9,25,0.0
9,26,9,26,0.0
9,27,9,27,0.0
9,28,9,28,0.0
9,29,9,29,0.0
9,30,9,30,0.0
9,31,9,31,0.0
9,32,9,32,0.0
9,33,9,33,0.0
9,34,9,34,0.0
9,35,9,35,0.0
9,36,9,36,0.0
9,37,9,37,0.0
9,38,9,38,0.0
9,39,9,39,0.0
9,40,9,40,0.0
9,41,9,41,0.0
9,42,9,42,0.0
9,43,9,43,0.0
9,44,9,44,0.0
9,45,9,45,0.0
9,46,9,46,0.0
9,47,9,47,0.0
9,48,9,48,0.0
9,49,9,49,0.0
9,50,9,50,0.0
9,51,9,51,0.0
9,52,9,52,0.0
9,53,9,53,0.0
9,54,9,54,0.0
9,55,9,55,0.0
9,56,9,56,0.0
9,57,9,57,0.0
9,58,9,58,0.0
9,59,9,59,0.0
9,60,9,60,0.0
9,61,9,61,0.0
9,62,9,62,0.0
9,63,9,63,0.0
9,64,9,64,0.0
9,65,9,65,0.0
9,66,9,66,0.0
9,67,9,67,0.0
9,68,9,68,0.0
9,69,9,69,0.0
9,70,9,70,0.0
9,71,9,71,0.0
9,72,9,72,0.0
9,73,9,73,0.0
9,74,9,74,0.0
9,75,9,75,0.0
9,76,9,76,0.0
9,77,9,77,0.0
9,78,9,78,0.0
9,79,9,79,0.0
9,80,9,80,0.0
9,81,9,81,0.0
9,82,9,82,0.0
9,83,9,83,0.0
9,84,9,84,0.0
9,85,9,85,0.0
9,86,9,86,0.0
9,87,9,87,0.0
9,88,9,88,0.0
9,89,9,89,0.0
9,90,9,90,0.0
9,91,9,91,0.0
9,92,9,92,0.0
9,93,9,93,0.0
9,94,9,94,0.0
9,95,9,95,0.0
9,96,9,96,0.0
9,97,9,97,0.0
9,98,9,98,0.0
9,99,9,99,0.0
9,100,9,100,0.0
9,101,9,101,0.0
9,102,9,102,0.0
9,103,9,103,0.0
9,104,9,104,0.0
9,105,9,105,0.0
9,106,9,106,0.0
9,107,9,107,0.0
9,108,9,108,0.0
9,109,9,109,0.0
9,110,9,110,0.0
9,111,9,111,0.0
9,112,9,112,0.0
9,113,9,113,0.0
9,114,9,114,0.0
9,115,9,115,0.0
9,116,9,116,0.0
9,117,9,117,0.0
9,118,9,118,0.0
9,119,9,119,0.0
9,120,9,120,0.0
9,121,9,121,0.0
9,122,9,122,0.0
9,123,9,123,0.0
9,124,9,124,0.0
9,125,9,125,0.0
9,126,9,126,0.0
9,127,9,127,0.0
9,128,9,128,0.0
9,129,9,129,0.0
9,130,9,130,0.0
9,131,9,131,0.0
9,132,9,132,0.0
9,133,9,133,0.0
9,134,9,134,0.0
9,135,9,135,0.0
9,136,9,136,0.0
9,137,9,137,0.0
9,138,9,138,0.0
9,139,9,139,0.0
9,140,9,140,0.0
9,141,9,141,0.0
9,142,9,142,0.0
9,143,9,143,0.0
9,144,9,144,0.0
9,145,9,145,0.0
9,146,9,146,0.0
9,147,9,147,0.0
9,148,9,148,0.0
9,149,9,149,0.0
9,150,9,150,0.0
9,151,9,151,0.0
9,152,9,152,0.0
9,153,9,153,0.0
9,154,9,154,0.0
9,155,9,155,0.0
9,156,9,156,0.0
9,157,9,157,0.0
9,158,9,158,0.0
9,159,9,159,0.0
9,160,9,160,0.0
9,161,9,161,0.0
9,162,9,162,0.0
9,163,9,163,0.0
9,164,9,164,0.0
9,165,9,165,0.0
9,166,9,166,0.0
9,167,9,167,0.0
9,168,9,168,0.0
9,169,9,169,0.0
9,170,9,170,0.0
9,171,9,171,0.0
9,172,9,172,0.0
9,173,9,173,0.0
9,174,9,174,0.0
9,175,9,175,0.0
9,176,9,176,0.0
9,177,9,177,0.0
9,178,9,178,0.0
9,179,9,179,0.0
9,180,9,180,0.0
9,181,9,181,0.0
9,182,9,182,0.0
9,183,9,183,0.0
9,184,9,184,0.0
9,185,9,185,0.0
9,186,9,186,0.0
9,187,9,187,0.0
9,188,9,188,0.0
9,189,9,189,0.0
9,190,9,190,0.0
9,191,9,191,0.0
9,192,9,192,0.0
9,193,9,193,0.0
9,194,9,194,0.0
9,195,9,195,0.0
9,196,9,196,0.0
9,197,9,197,0.0
9,198,9,198,0.0
9,199,9,199,0.0
9,200,9,200,0.0
9,201,9,201,0.0
9,202,9,202,0.0
9,203,9,203,0.0
9,204,9,204,0.0
9,205,9,205,0.0
9,206,9,206,0.0
9,207,9,207,0.0
9,208,9,208,0.0
9,209,9,209,0.0
9,210,9,210,0.0
9,211,9,211,0.0
9,212,9,212,0.0
9,213,9,213,0.0
9,214,9,214,0.0
9,215,9,215,0.0
9,216,9,216,0.0
9,217,9,217,0.0
9,218,9,218,0.0
9,219,9,219,0.0
9,220,9,220,0.0
9,221,9,221,0.0
9,222,9,222,0.0
9,223,9,223,0.0
9,224,9,224,0.0
9,225,9,225,0.0
9,226,9,226,0.0
9,227,9,227,0.0
9,228,9,228,0.0
9,229,9,229,0.0
9,230,9,230,0.0
9,231,9,231,0.0
9,232,9,232,0.0
9,233,9,233,0.0
9,234,9,234,0.0
9,235,9,235,0.0
9,236,9,236,0.0
9,237,9,237,0.0
9,238,9,238,0.0
9,239,9,239,0.0
9,240,9,240,0.0
9,241,9,241,0.0
9,242,9,242,0.0
9,243,9,243,0.0
9,244,9,244,0.0
9,245,9,245,0.0
9,246,9,246,0.0
9,247,9,247,0.0
9,248,9,248,0.0
9,249,9,249,0.0
9,250,9,250,0.0
9,251,9,251,0.0
9,252,9,252,0.0
9,253,9,253,0.0
9,254,9,254,0.0
9,255,9,255,0.0
9,256,9,256,0.0
9,257,9,257,0.0
9,258,9,258,0.0
9,259,9,259,0.0
9,260,9,260,0.0
9,261,9,261,0.0
9,262,9,262,0.0
9,263,9,263,0.0
9,264,9,264,0.0
9,265,9,265,0.0
9,266,9,266,0.0
9,267,9,267,0.0
9,268,9,268,0.0
9,269,9,269,0.0
9,270,9,270,0.0
9,271,9,271,0.0
9,272,9,272,0.0
9,273,9,273,0.0
9,274,9,274,0.0
9,275,9,275,0.0
9,276,9,276,0.0
9,277,9,277,0.0
9,278,9,278,0.0
9,279,9,279,0.0
9,280,9,280,0.0
9,281,9,281,0.0
9,282,9,282,0.0
9,283,9,283,0.0
9,284,9,284,0.0
9,285,9,285,0.0
9,286,9,286,0.0
9,287,9,287,0.0
9,288,9,288,0.0
9,289,9,289,0.0
9,290,9,290,0.0
9,291,9,291,0.0
9,292,9,292,0.0
9,293,9,293,0.0
9,294,9,294,0.0
9,295,9,295,0.0
9,296,9,296,0.0
9,297,9,297,0.0
9,298,9,298,0.0
10,11,10,11,0.0
10,12,10,12,0.0
10,13,10,13,0.0
10,14,10,14,0.0
10,15,10,15,0.0
10,16,10,16,0.0
10,17,10,17,0.0
10,18,10,18,0.0
10,19,10,19,0.0
10,20,10,20,0.0
10,21,10,21,0.0
10,22,10,22,0.0
10,23,10,23,0.0
10,24,10,24,0.0
10,25,10,25,0.0
10,26,10,26,0.0
10,27,10,27,0.0
10,28,10,28,0.0
10,29,10,29,0.0
10,30,10,30,0.0
10,31,10,31,0.0
10,32,10,32,0.0
10,33,10,33,0.0
10,34,10,34,0.0
10,35,10,35,0.0
10,36,10,36,0.0
10,37,10,37,0.0
10,38,10,38,0.0
10,39,10,39,0.0
10,40,10,40,0.0
10,41,10,41,0.0
10,42,10,42,0.0
10,43,10,43,0.0
10,44,10,44,0.0
10,45,10,45,0.0
10,46,10,46,0.0
10,47,10,47,0.0
10,48,10,48,0.0
10,49,10,49,0.0
10,50,10,50,0.0
10,51,10,51,0.0
10,52,10,52,0.0
10,53,10,53,0.0
10,54,10,54,0.0
10,55,10,55,0.0
10,56,10,56,0.0
10,57,10,57,0.0
10,58,10,58,0.0
10,59,10,59,0.0
10,60,10,60,0.0
10,61,10,61,0.0
10,62,10,62,0.0
10,63,10,63,0.0
10,64,10,64,0.0
10,65,10,65,0.0
10,66,10,66,0.0
10,67,10,67,0.0
10,68,10,68,0.0
10,69,10,69,0.0
10,70,10,70,0.0
10,71,10,71,0.0
10,72,10,72,0.0
10,73,10,73,0.0
10,74,10,74,0.0
10,75,10,75,0.0
10,76,10,76,0.0
10,77,10,77,0.0
10,78,10,78,0.0
10,79,10,79,0.0
10,80,10,80,0.0
10,81,10,81,0.0
10,82,10,82,0.0
10,83,10,83,0.0
10,84,10,84,0.0
10,85,10,85,0.0
10,86,10,86,0.0
10,87,10,87,0.0
10,88,10,88,0.0
10,89,10,89,0.0
10,90,10,90,0.0
10,91,10,91,0.0
10,92,10,92,0.0
10,93,10,93,0.0
10,94,10,94,0.0
10,95,10,95,0.0
10,96,10,96,0.0
10,97,10,97,0.0
10,98,10,98,0.0
10,99,10,99,0.0
10,100,10,100,0.0
10,101,10,101,0.0
10,102,10,102,0.0
10,103,10,103,0.0
10,104,10,104,0.0
10,105,10,105,0.0
10,106,10,106,0.0
10,107,10,107,0.0
10,108,10,108,0.0
10,109,10,109,0.0
10,110,10,110,0.0
10,111,10,111,0.0
10,112,10,112,0.0
10,113,10,113,0.0
10,114,10,114,0.0
10,115,10,115,0.0
10,116,10,116,0.0
10,117,10,117,0.0
10,118,10,118,0.0
10,119,10,119,0.0
10,120,10,120,0.0
10,121,10,121,0.0
10,122,10,122,0.0
10,123,10,123,0.0
10,124,10,124,0.0
10,125,10,125,0.0
10,126,10,126,0.0
10,127,10,127,0.0
10,128,10,128,0.0
10,129,10,129,0.0
10,130,10,130,0.0
10,131,10,131,0.0
10,132,10,132,0.0
10,133,10,133,0.0
10,134,10,134,0.0
10,135,10,135,0.0
10,136,10,136,0.0
10,137,10,137,0.0
10,138,10,138,0.0
10,139,10,139,0.0
10,140,10,140,0.0
10,141,10,141,0.0
10,142,10,142,0.0
10,143,10,143,0.0
10,144,10,144,0.0
10,145,10,145,0.0
10,146,10,146,0.0
10,147,10,147,0.0
10,148,10,148,0.0
10,149,10,149,0.0
10,150,10,150,0.0
10,151,10,151,0.0
10,152,10,152,0.0
10,153,10,153,0.0
10,154,10,154,0.0
10,155,10,155,0.0
10,156,10,156,0.0
10,157,10,157,0.0
10,158,10,158,0.0
10,159,10,159,0.0
10,160,10,160,0.0
10,161,10,161,0.0
10,162,10,162,0.0
10,163,10,163,0.0
10,164,10,164,0.0
10,165,10,165,0.0
10,166,10,166,0.0
10,167,10,167,0.0
10,168,10,168,0.0
10,169,10,169,0.0
10,170,10,170,0.0
10,171,10,171,0.0
10,172,10,172,0.0
10,173,10,173,0.0
10,174,10,174,0.0
10,175,10,175,0.0
10,176,10,176,0.0
10,177,10,177,0.0
10,178,10,178,0.0
10,179,10,179,0.0
10,180,10,180,0.0
10,181,10,181,0.0
10,182,10,182,0.0
10,183,10,183,0.0
10,184,10,184,0.0
10,185,10,185,0.0
10,186,10,186,0.0
10,187,10,187,0.0
10,188,10,188,0.0
10,189,10,189,0.0
10,190,10,190,0.0
10,191,10,191,0.0
10,192,10,192,0.0
10,193,10,193,0.0
10,194,10,194,0.0
10,195,10,195,0.0
10,196,10,196,0.0
10,197,10,197,0.0
10,198,10,198,0.0
10,199,10,199,0.0
10,200,10,200,0.0
10,201,10,201,0.0
10,202,10,202,0.0
10,203,10,203,0.0
10,204,10,204,0.0
10,205,10,205,0.0
10,206,10,206,0.0
10,207,10,207,0.0
10,208,10,208,0.0
10,209,10,209,0.0
10,210,10,210,0.0
10,211,10,211,0.0
10,212,10,212,0.0
10,213,10,213,0.0
10,214,10,214,0.0
10,215,10,215,0.0
10,216,10,216,0.0
10,217,10,217,0.0
10,218,10,218,0.0
10,219,10,219,0.0
10,220,10,220,0.0
10,221,10,221,0.0
10,222,10,222,0.0
10,223,10,223,0.0
10,224,10,224,0.0
10,225,10,225,0.0
10,226,10,226,0.0
10,227,10,227,0.0
10,228,10,228,0.0
10,229,10,229,0.0
10,230,10,230,0.0
10,231,10,231,0.0
10,232,10,232,0.0
10,233,10,233,0.0
10,234,10,234,0.0
10,235,10,235,0.0
10,236,10,236,0.0
10,237,10,237,0.0
10,238,10,238,0.0
10,239,10,239,0.0
10,240,10,240,0.0
10,241,10,241,0.0
10,242,10,242,0.0
10,243,10,243,0.0
10,244,10,244,0.0
10,245,10,245,0.0
10,246,10,246,0.0
10,247,10,247,0.0
10,248,10,248,0.0
10,249,10,249,0.0
10,250,10,250,0.0
10,251,10,251,0.0
10,252,10,252,0.0
10,253,10,253,0.0
10,254,10,254,0.0
10,255,10,255,0.0
10,256,10,256,0.0
10,257,10,257,0.0
10,258,10,258,0.0
10,259,10,259,0.0
10,260,10,260,0.0
10,261,10,261,0.0
10,262,10,262,0.0
10,263,10,263,0.0
10,264,10,264,0.0
10,265,10,265,0.0
10,266,10,266,0.0
10,267,10,267,0.0
10,268,10,268,0.0
10,269,10,269,0.0
10,270,10,270,0.0
10,271,10,271,0.0
10,272,10,272,0.0
10,273,10,273,0.0
10,274,10,274,0.0
10,275,10,275,0.0
10,276,10,276,0.0
10,277,10,277,0.0
10,278,10,278,0.0
10,279,10,279,0.0
10,280,10,280,0.0
10,281,10,281,0.0
10,282,10,282,0.0
10,283,10,283,0.0
10,284,10,284,0.0
10,285,10,285,0.0
10,286,10,286,0.0
10,287,10,287,0.0
10,288,10,288,0.0
10,289,10,289,0.0
10,290,10,290,0.0
10,291,10,291,0.0
10,292,10,292,0.0
10,293,10,293,0.0
10,294,10,294,0.0
10,295,10,295,0.0
10,296,10,296,0.0
10,297,10,297,0.0
10,298,10,298,0.0
11,12,11,12,0.0
11,13,11,13,0.0
11,14,11,14,0.0
11,15,11,15,0.0
11,16,11,16,0.0
11,17,11,17,0.0
11,18,11,18,0.0
11,19,11,19,0.0
11,20,11,20,0.0
11,21,11,21,0.0
11,22,11,22,0.0
11,23,11,23,0.0
11,24,11,24,0.0
11,25,11,25,0.0
11,26,11,26,0.0
11,27,11,27,0.0
11,28,11,28,0.0
11,29,11,29,0.0
11,30,11,30,0.0
11,31,11,31,0.0
11,32,11,32,0.0
11,33,11,33,0.0
11,34,11,34,0.0
11,35,11,35,0.0
11,36,11,36,0.0
11,37,11,37,0.0
11,38,11,38,0.0
11,39,11,39,0.0
11,40,11,40,0.0
11,41,11,41,0.0
11,42,11,42,0.0
11,43,11,43,0.0
11,44,11,44,0.0
11,45,11,45,0.0
11,46,11,46,0.0
11,47,11,47,0.0
11,48,11,48,0.0
11,49,11,49,0.0
11,50,11,50,0.0
11,51,11,51,0.0
11,52,11,52,0.0
11,53,11,53,0.0
11,54,11,54,0.0
11,55,11,55,0.0
11,56,11,56,0.0
11,57,11,57,0.0
11,58,11,58,0.0
11,59,11,59,0.0
11,60,11,60,0.0
11,61,11,61,0.0
11,62,11,62,0.0
11,63,11,63,0.0
11,64,11,64,0.0
11,65,11,65,0.0
11,66,11,66,0.0
11,67,11,67,0.0
11,68,11,68,0.0
11,69,11,69,0.0
11,70,11,70,0.0
11,71,11,71,0.0
11,72,11,72,0.0
11,73,11,73,0.0
11,74,11,74,0.0
11,75,11,75,0.0
11,76,11,76,0.0
11,77,11,77,0.0
11,78,11,78,0.0
11,79,11,79,0.0
11,80,11,80,0.0
11,81,11,81,0.0
11,82,11,82,0.0
11,83,11,83,0.0
11,84,11,84,0.0
11,85,11,85,0.0
11,86,11,86,0.0
11,87,11,87,0.0
11,88,11,88,0.0
11,89,11,89,0.0
11,90,11,90,0.0
11,91,11,91,0.0
11,92,11,92,0.0
11,93,11,93,0.0
11,94,11,94,0.0
11,95,11,95,0.0
11,96,11,96,0.0
11,97,11,97,0.0
11,98,11,98,0.0
11,99,11,99,0.0
11,100,11,100,0.0
11,101,11,101,0.0
11,102,11,102,0.0
11,103,11,103,0.0
11,104,11,104,0.0
11,105,11,105,0.0
11,106,11,106,0.0
11,107,11,107,0.0
11,108,11,108,0.0
11,109,11,109,0.0
11,110,11,110,0.0
11,111,11,111,0.0
11,112,11,112,0.0
11,113,11,113,0.0
11,114,11,114,0.0
11,115,11,115,0.0
11,116,11,116,0.0
11,117,11,117,0.0
11,118,11,118,0.0
11,119,11,119,0.0
11,120,11,120,0.0
11,121,11,121,0.0
11,122,11,122,0.0
11,123,11,123,0.0
11,124,11,124,0.0
11,125,11,125,0.0
11,126,11,126,0.0
11,127,11,127,0.0
11,128,11,128,0.0
11,129,11,129,0.0
11,130,11,130,0.0
11,131,11,131,0.0
11,132,11,132,0.0
11,133,11,133,0.0
11,134,11,134,0.0
11,135,11,135,0.0
11,136,11,136,0.0
11,137,11,137,0.0
11,138,11,138,0.0
11,139,11,139,0.0
11,140,11,140,0.0
11,141,11,141,0.0
11,142,11,142,0.0
11,143,11,143,0.0
11,144,11,144,0.0
11,145,11,145,0.0
11,146,11,146,0.0
11,147,11,147,0.0
11,148,11,148,0.0
11,149,11,149,0.0
11,150,11,150,0.0
11,151,11,151,0.0
11,152,11,152,0.0
11,153,11,153,0.0
11,154,11,154,0.0
11,155,11,155,0.0
11,156,11,156,0.0
11,157,11,157,0.0
11,158,11,158,0.0
11,159,11,159,0.0
11,160,11,160,0.0
11,161,11,161,0.0
11,162,11,162,0.0
11,163,11,163,0.0
11,164,11,164,0.0
11,165,11,165,0.0
11,166,11,166,0.0
11,167,11,167,0.0
11,168,11,168,0.0
11,169,11,169,0.0
11,170,11,170,0.0
11,171,11,171,0.0
11,172,11,172,0.0
11,173,11,173,0.0
11,174,11,174,0.0
11,175,11,175,0.0
11,176,11,176,0.0
11,177,11,177,0.0
11,178,11,178,0.0
11,179,11,179,0.0
11,180,11,180,0.0
11,181,11,181,0.0
11,182,11,182,0.0
11,183,11,183,0.0
11,184,11,184,0.0
11,185,11,185,0.0
11,186,11,186,0.0
11,187,11,187,0.0
11,188,11,188,0.0
11,189,11,189,0.0
11,190,11,190,0.0
11,191,11,191,0.0
11,192,11,192,0.0
11,193,11,193,0.0
11,194,11,194,0.0
11,195,11,195,0.0
11,196,11,196,0.0
11,197,11,197,0.0
11,198,11,198,0.0
11,199,11,199,0.0
11,200,11,200,0.0
11,201,11,201,0.0
11,202,11,202,0.0
11,203,11,203,0.0
11,204,11,204,0.0
11,205,11,205,0.0
11,206,11,206,0.0
11,207,11,207,0.0
11,208,11,208,0.0
11,209,11,209,0.0
11,210,11,210,0.0
11,211,11,211,0.0
11,212,11,212,0.0
11,213,11,213,0.0
11,214,11,214,0.0
11,215,11,215,0.0
11,216,11,216,0.0
11,217,11,217,0.0
11,218,11,218,0.0
11,219,11,219,0.0
11,220,11,220,0.0
11,221,11,221,0.0
11,222,11,222,0.0
11,223,11,223,0.0
11,224,11,224,0.0
11,225,11,225,0.0
11,226,11,226,0.0
11,227,11,227,0.0
11,228,11,228,0.0
11,229,11,229,0.0
11,230,11,230,0.0
11,231,11,231,0.0
11,232,11,232,0.0
11,233,11,233,0.0
11,234,11,234,0.0
11,235,11,235,0.0
11,236,11,236,0.0
11,237,11,237,0.0
11,238,11,238,0.0
11,239,11,239,0.0
11,240,11,240,0.0
11,241,11,241,0.0
11,242,11,242,0.0
11,243,11,243,0.0
11,244,11,244,0.0
11,245,11,245,0.0
11,246,11,246,0.0
11,247,11,247,0.0
11,248,11,248,0.0
11,249,11,249,0.0
11,250,11,250,0.0
11,251,11,251,0.0
11,252,11,252,0.0
11,253,11,253,0.0
11,254,11,254,0.0
11,255,11,255,0.0
11,256,11,256,0.0
11,257,11,257,0.0
11,258,11,258,0.0
11,259,11,259,0.0
11,260,11,260,0.0
11,261,11,261,0.0
11,262,11,262,0.0
11,263,11,263,0.0
11,264,11,264,0.0
11,265,11,265,0.0
11,266,11,266,0.0
11,267,11,267,0.0
11,268,11,268,0.0
11,269,11,269,0.0
11,270,11,270,0.0
11,271,11,271,0.0
11,272,11,272,0.0
11,273,11,273,0.0
11,274,11,274,0.0
11,275,11,275,0.0
11,276,11,276,0.0
11,277,11,277,0.0
11,278,11,278,0.0
11,279,11,279,0.0
11,280,11,280,0.0
11,281,11,281,0.0
11,282,11,282,0.0
11,283,11,283,0.0
11,284,11,284,0.0
11,285,11,285,0.0
11,286,11,286,0.0
11,287,11,287,0.0
11,288,11,288,0.0
11,289,11,289,0.0
11,290,11,290,0.0
11,291,11,291,0.0
11,292,11,292,0.0
11,293,11,293,0.0
11,294,11,294,0.0
11,295,11,295,0.0
11,296,11,296,0.0
11,297,11,297,0.0
11,298,11,298,0.0
12,13,12,13,0.0
12,14,12,14,0.0
12,15,12,15,0.0
12,16,12,16,0.0
12,17,12,17,0.0
12,18,12,18,0.0
12,19,12,19,0.0
12,20,12,20,0.0
12,21,12,21,0.0
12,22,12,22,0.0
12,23,12,23,0.0
12,24,12,24,0.0
12,25,12,25,0.0
12,26,12,26,0.0
12,27,12,27,0.0
12,28,12,28,0.0
12,29,12,29,0.0
12,30,12,30,0.0
12,31,12,31,0.0
12,32,12,32,0.0
12,33,12,33,0.0
12,34,12,34,0.0
12,35,12,35,0.0
12,36,12,36,0.0
12,37,12,37,0.0
12,38,12,38,0.0
12,39,12,39,0.0
12,40,12,40,0.0
12,41,12,41,0.0
12,42,12,42,0.0
12,43,12,43,0.0
12,44,12,44,0.0
12,45,12,45,0.0
12,46,12,46,0.0
12,47,12,47,0.0
12,48,12,48,0.0
12,49,12,49,0.0
12,50,12,50,0.0
12,51,12,51,0.0
12,52,12,52,0.0
12,53,12,53,0.0
12,54,12,54,0.0
12,55,12,55,0.0
12,56,12,56,0.0
12,57,12,57,0.0
12,58,12,58,0.0
12,59,12,59,0.0
12,60,12,60,0.0
12,61,12,61,0.0
12,62,12,62,0.0
12,63,12,63,0.0
12,64,12,64,0.0
12,65,12,65,0.0
12,66,12,66,0.0
12,67,12,67,0.0
12,68,12,68,0.0
12,69,12,69,0.0
12,70,12,70,0.0
12,71,12,71,0.0
12,72,12,72,0.0
12,73,12,73,0.0
12,74,12,74,0.0
12,75,12,75,0.0
12,76,12,76,0.0
12,77,12,77,0.0
12,78,12,78,0.0
12,79,12,79,0.0
12,80,12,80,0.0
12,81,12,81,0.0
12,82,12,82,0.0
12,83,12,83,0.0
12,84,12,84,0.0
12,85,12,85,0.0
12,86,12,86,0.0
12,87,12,87,0.0
12,88,12,88,0.0
12,89,12,89,0.0
12,90,12,90,0.0
12,91,12,91,0.0
12,92,12,92,0.0
12,93,12,93,0.0
12,94,12,94,0.0
12,95,12,95,0.0
12,96,12,96,0.0
12,97,12,97,0.0
12,98,12,98,0.0
12,99,12,99,0.0
12,100,12,100,0.0
12,101,12,101,0.0
12,102,12,102,0.0
12,103,12,103,0.0
12,104,12,104,0.0
12,105,12,105,0.0
12,106,12,106,0.0
12,107,12,107,0.0
12,108,12,108,0.0
12,109,12,109,0.0
12,110,12,110,0.0
12,111,12,111,0.0
12,112,12,112,0.0
12,113,12,113,0.0
12,114,12,114,0.0
12,115,12,115,0.0
12,116,12,116,0.0
12,117,12,117,0.0
12,118,12,118,0.0
12,119,12,119,0.0
12,120,12,120,0.0
12,121,12,121,0.0
12,122,12,122,0.0
12,123,12,123,0.0
12,124,12,124,0.0
12,125,12,125,0.0
12,126,12,126,0.0
12,127,12,127,0.0
12,128,12,128,0.0
12,129,12,129,0.0
12,130,12,130,0.0
12,131,12,131,0.0
12,132,12,132,0.0
12,133,12,133,0.0
12,134,12,134,0.0
12,135,12,135,0.0
12,136,12,136,0.0
12,137,12,137,0.0
12,138,12,138,0.0
12,139,12,139,0.0
12,140,12,140,0.0
12,141,12,141,0.0
12,142,12,142,0.0
12,143,12,143,0.0
12,144,12,144,0.0
12,145,12,145,0.0
12,146,12,146,0.0
12,147,12,147,0.0
12,148,12,148,0.0
12,149,12,149,0.0
12,150,12,150,0.0
12,151,12,151,0.0
12,152,12,152,0.0
12,153,12,153,0.0
12,154,12,154,0.0
12,155,12,155,0.0
12,156,12,156,0.0
12,157,12,157,0.0
12,158,12,158,0.0
12,159,12,159,0.0
12,160,12,160,0.0
12,161,12,161,0.0
12,162,12,162,0.0
12,163,12,163,0.0
12,164,12,164,0.0
12,165,12,165,0.0
12,166,12,166,0.0
12,167,12,167,0.0
12,168,12,168,0.0
12,169,12,169,0.0
12,170,12,170,0.0
12,171,12,171,0.0
12,172,12,172,0.0
12,173,12,173,0.0
12,174,12,174,0.0
12,175,12,175,0.0
12,176,12,176,0.0
12,177,12,177,0.0
12,178,12,178,0.0
12,179,12,179,0.0
12,180,12,180,0.0
12,181,12,181,0.0
12,182,12,182,0.0
12,183,12,183,0.0
12,184,12,184,0.0
12,185,12,185,0.0
12,186,12,186,0.0
12,187,12,187,0.0
12,188,12,188,0.0
12,189,12,189,0.0
12,190,12,190,0.0
12,191,12,191,0.0
12,192,12,192,0.0
12,193,12,193,0.0
12,194,12,194,0.0
12,195,12,195,0.0
12,196,12,196,0.0
12,197,12,197,0.0
12,198,12,198,0.0
12,199,12,199,0.0
12,200,12,200,0.0
12,201,12,201,0.0
12,202,12,202,0.0
12,203,12,203,0.0
12,204,12,204,0.0
12,205,12,205,0.0
12,206,12,206,0.0
12,207,12,207,0.0
12,208,12,208,0.0
12,209,12,209,0.0
12,210,12,210,0.0
12,211,12,211,0.0
12,212,12,212,0.0
12,213,12,213,0.0
12,214,12,214,0.0
12,215,12,215,0.0
12,216,12,216,0.0
12,217,12,217,0.0
12,218,12,218,0.0
12,219,12,219,0.0
12,220,12,220,0.0
12,221,12,221,0.0
12,222,12,222,0.0
12,223,12,223,0.0
12,224,12,224,0.0
12,225,12,225,0.0
12,226,12,226,0.0
12,227,12,227,0.0
12,228,12,228,0.0
12,229,12,229,0.0
12,230,12,230,0.0
12,231,12,231,0.0
12,232,12,232,0.0
12,233,12,233,0.0
12,234,12,234,0.0
12,235,12,235,0.0
12,236,12,236,0.0
12,237,12,237,0.0
12,238,12,238,0.0
12,239,12,239,0.0
12,240,12,240,0.0
12,241,12,241,0.0
12,242,12,242,0.0
12,243,12,243,0.0
12,244,12,244,0.0
12,245,12,245,0.0
12,246,12,246,0.0
12,247,12,247,0.0
12,248,12,248,0.0
12,249,12,249,0.0
12,250,12,250,0.0
12,251,12,251,0.0
12,252,12,252,0.0
12,253,12,253,0.0
12,254,12,254,0.0
12,255,12,255,0.0
12,256,12,256,0.0
12,257,12,257,0.0
12,258,12,258,0.0
12,259,12,259,0.0
12,260,12,260,0.0
12,261,12,261,0.0
12,262,12,262,0.0
12,263,12,263,0.0
12,264,12,264,0.0
12,265,12,265,0.0
12,266,12,266,0.0
12,267,12,267,0.0
12,268,12,268,0.0
12,269,12,269,0.0
12,270,12,270,0.0
12,271,12,271,0.0
12,272,12,272,0.0
12,273,12,273,0.0
12,274,12,274,0.0
12,275,12,275,0.0
12,276,12,276,0.0
12,277,12,277,0.0
12,278,12,278,0.0
12,279,12,279,0.0
12,280,12,280,0.0
12,281,12,281,0.0
12,282,12,282,0.0
12,283,12,283,0.0
12,284,12,284,0.0
12,285,12,285,0.0
12,286,12,286,0.0
12,287,12,287,0.0
12,288,12,288,0.0
12,289,12,289,0.0
12,290,12,290,0.0
12,291,12,291,0.0
12,292,12,292,0.0
12,293,12,293,0.0
12,294,12,294,0.0
12,295,12,295,0.0
12,296,12,296,0.0
12,297,12,297,0.0
12,298,12,298,0.0
13,14,13,14,0.0
13,15,13,15,-0.014099928669715083
13,16,13,16,-0.024185750612978455
13,17,13,17,0.0
13,18,13,18,0.0
13,19,13,19,0.0
13,20,13,20,0.0
13,21,13,21,-0.03840463807383189
13,22,13,22,0.0
13,23,13,23,0.0
13,24,13,24,0.00778497374575608
13,25,13,25,0.06948389494035256
13,26,13,26,0.0
13,27,13,27,0.0
13,28,13,28,-0.011311571279704823
13,29,13,29,0.03309959791185675
13,30,13,30,0.0
13,31,13,31,0.2339227419342704
13,32,13,32,0.007484087494332193
13,33,13,33,0.0
13,34,13,34,0.0
13,35,13,35,-0.0937502095099934
13,36,13,36,-0.09461683293676824
13,37,13,37,0.012167936315739442
13,38,13,38,-0.07513859828757166
13,39,13,39,0.0
13,40,13,40,0.0
13,41,13,41,0.0
13,42,13,42,0.0
13,43,13,43,0.016429248715514405
13,44,13,44,0.0
13,45,13,45,0.0
13,46,13,46,0.0
13,47,13,47,0.0
13,48,13,48,0.0
13,49,13,49,0.0
13,50,13,50,0.0
13,51,13,51,0.0
13,52,13,52,0.0
13,53,13,53,0.0
13,54,13,54,0.0
13,55,13,55,0.0
13,56,13,56,0.0
13,57,13,57,0.0
13,58,13,58,0.0
13,59,13,59,0.0
13,60,13,60,0.0
13,61,13,61,0.0
13,62,13,62,0.0
13,63,13,63,0.0
13,64,13,64,0.0
13,65,13,65,0.0
13,66,13,66,0.0
13,67,13,67,0.0
13,68,13,68,0.0
13,69,13,69,0.0
13,70,13,70,0.0
13,71,13,71,0.0
13,72,13,72,0.0
13,73,13,73,0.0
13,74,13,74,0.0
13,75,13,75,0.0
13,76,13,76,0.0
13,77,13,77,0.0
13,78,13,78,0.0
13,79,13,79,0.0
13,80,13,80,0.0
13,81,13,81,0.0
13,82,13,82,0.0
13,83,13,83,0.0
13,84,13,84,0.0
13,85,13,85,0.0
13,86,13,86,0.0
13,87,13,87,0.0
13,88,13,88,0.0
13,89,13,89,0.0
13,90,13,90,0.0
13,91,13,91,0.0
13,92,13,92,0.0
13,93,13,93,0.0
13,94,13,94,0.0
13,95,13,95,0.0
13,96,13,96,0.0
13,97,13,97,0.0
13,98,13,98,0.0
13,99,13,99,0.0
13,100,13,100,0.0
13,101,13,101,0.0
13,102,13,102,0.0
13,103,13,103,0.0
13,104,13,104,0.0
13,105,13,105,0.0
13,106,13,106,0.0
13,107,13,107,0.0
13,108,13,108,0.0
13,109,13,109,0.0
13,110,13,110,0.0
13,111,13,111,0.0
13,112,13,112,0.0
13,113,13,113,0.0
13,114,13,114,0.0
13,115,13,115,0.0
13,116,13,116,0.0
13,117,13,117,0.0
13,118,13,118,0.0
13,119,13,119,0.0
13,120,13,120,0.0
13,121,13,121,0.0
13,122,13,122,0.0
13,123,13,123,0.0
13,124,13,124,0.0
13,125,13,125,0.0
13,126,13,126,0.0
13,127,13,127,0.0
13,128,13,128,0.0
13,129,13,129,0.0
13,130,13,130,0.0
13,131,13,131,0.0
13,132,13,132,0.0
13,133,13,133,0.0
13,134,13,134,0.0
13,135,13,135,0.0
13,136,13,136,0.0
13,137,13,137,0.0
13,138,13,138,0.0
13,139,13,139,0.0
13,140,13,140,0.0
13,141,13,141,0.0
13,142,13,142,0.0
13,143,13,143,0.0
13,144,13,144,0.0
13,145,13,145,0.0
13,146,13,146,0.0
13,147,13,147,0.0
13,148,13,148,0.0
13,149,13,149,0.0
13,150,13,150,0.0
13,151,13,151,0.0
13,152,13,152,0.0
13,153,13,153,0.0
13,154,13,154,0.0
13,155,13,155,0.0
13,156,13,156,0.0
13,157,13,157,0.0
13,158,13,158,0.0
13,159,13,159,0.0
13,160,13,160,0.0
13,161,13,161,0.0
13,162,13,162,0.0
13,163,13,163,0.0
13,164,13,164,0.0
13,165,13,165,0.0
13,166,13,166,0.0
13,167,13,167,0.0
13,168,13,168,0.0
13,169,13,169,0.0
13,170,13,170,0.0
13,171,13,171,0.0
13,172,13,172,0.0
13,173,13,173,0.0
13,174,13,174,0.0
13,175,13,175,0.0
13,176,13,176,0.0
13,177,13,177,0.0
13,178,13,178,0.0
13,179,13,179,0.0
13,180,13,180,0.0
13,181,13,181,0.0
13,182,13,182,0.0
13,183,13,183,0.0
13,184,13,184,0.0
13,185,13,185,0.0
13,186,13,186,0.0
13,187,13,187,0.0
13,188,13,188,0.0
13,189,13,189,0.0
13,190,13,190,0.0
13,191,13,191,0.0
13,192,13,192,0.0
13,193,13,193,0.0
13,194,13,194,0.0
13,195,13,195,0.0
13,196,13,196,0.0
13,197,13,197,0.0
13,198,13,198,0.0
13,199,13,199,0.0
13,200,13,200,0.0
13,201,13,201,-0.058399062380903116
13,202,13,202,0.0
13,203,13,203,0.0
13,204,13,204,0.0
13,205,13,205,0.0
13,206,13,206,0.0
13,207,13,207,-0.05620775226383472
13,208,13,208,-0.09736892783074332
13,209,13,209,0.15308454649296846
13,210,13,210,0.012042621443464876
13,211,13,211,-0.03342137283943446
13,212,13,212,0.0
13,213,13,213,-0.06880884512232453
13,214,13,214,-0.05053829295456272
13,215,13,215,0.05962299602686033
13,216,13,216,0.0
13,217,13,217,0.009668150018356182
13,218,13,218,0.008366752709724324
13,219,13,219,0.006604391565481642
13,220,13,220,-0.008684212203131233
13,221,13,221,0.003511228279306304
13,222,13,222,-0.0045457572936463825
13,223,13,223,0.0
13,224,13,224,0.17937046787208505
13,225,13,225,0.15142071868152854
13,226,13,226,0.17798237672837147
13,227,13,227,0.17126339205837054
13,228,13,228,0.0
13,229,13,229,0.0
13,230,13,230,0.0
13,231,13,231,0.0
13,232,13,232,0.0
13,233,13,233,0.029784554320576462
13,234,13,234,-0.04512792560070939
13,235,13,235,0.014298610206325049
13,236,13,236,0.08424057551261764
13,237,13,237,0.06254452764148892
13,238,13,238,0.0024874159465917323
13,239,13,239,0.032010244744339666
13,240,13,240,0.0281992783170811
13,241,13,241,0.01441005087209403
13,242,13,242,0.025510539928495182
13,243,13,243,0.021829615401165178
13,244,13,244,0.0
13,245,13,245,0.0
13,246,13,246,0.0
13,247,13,247,0.0
13,248,13,248,0.0
13,249,13,249,0.0
13,250,13,250,0.03163536944454015
13,251,13,251,0.03238273019140736
13,252,13,252,-0.03559880127695557
13,253,13,253,-0.04140946184678712
13,254,13,254,0.0
13,255,13,255,0.0
13,256,13,256,0.02437013394289164
13,257,13,257,0.036889440245293975
13,258,13,258,0.002778199777233386
13,259,13,259,0.0018836871092045796
13,260,13,260,0.0351727490365114
13,261,13,261,0.041195185211209365
13,262,13,262,0.015221662917277185
13,263,13,263,0.0
13,264,13,264,0.0
13,265,13,265,0.012718537157031253
13,266,13,266,0.0229042665809593
13,267,13,267,0.0
13,268,13,268,0.0
13,269,13,269,0.0
13,270,13,270,0.0
13,271,13,271,0.0
13,272,13,272,0.0
13,273,13,273,0.0
13,274,13,274,0.0
13,275,13,275,0.0
13,276,13,276,0.02373515861867137
13,277,13,277,0.0
13,278,13,278,0.0
13,279,13,279,0.0
13,280,13,280,0.0
13,281,13,281,0.0
13,282,13,282,0.0
13,283,13,283,0.004937890957021927
13,284,13,284,0.021027861006269317
13,285,13,285,0.015583603821495524
13,286,13,286,0.018021206242464546
13,287,13,287,0.023344701669002984
13,288,13,288,0.021013027045690056
13,289,13,289,0.005230828154525335
13,290,13,290,0.028551673608061615
13,291,13,291,0.0
13,292,13,292,0.0
13,293,13,293,0.0
13,294,13,294,0.018191087058198448
13,295,13,295,0.01562540733457751
13,296,13,296,0.0
13,297,13,297,0.0
13,298,13,298,0.0
14,15,14,15,0.0
14,16,14,16,0.0
14,17,14,17,0.0
14,18,14,18,0.0
14,19,14,19,0.0
14,20,14,20,0.0
14,21,14,21,0.0
14,22,14,22,0.0
14,23,14,23,0.0
14,24,14,24,0.0
14,25,14,25,0.0
14,26,14,26,0.0
14,27,14,27,0.0
14,28,14,28,0.0
14,29,14,29,0.0
14,30,14,30,0.0
14,31,14,31,0.0
14,32,14,32,0.0
14,33,14,33,0.0
14,34,14,34,0.0
14,35,14,35,0.0
14,36,14,36,0.0
14,37,14,37,0.0
14,38,14,38,0.0
14,39,14,39,0.0
14,40,14,40,0.0
14,41,14,41,0.0
14,42,14,42,0.0
14,43,14,43,0.0
14,44,14,44,0.0
14,45,14,45,0.0
14,46,14,46,0.0
14,47,14,47,0.0
14,48,14,48,0.0
14,49,14,49,0.0
14,50,14,50,0.0
14,51,14,51,0.0
14,52,14,52,0.0
14,53,14,53,0.0
14,54,14,54,0.0
14,55,14,55,0.0
14,56,14,56,0.0
14,57,14,57,0.0
14,58,14,58,0.0
14,59,14,59,0.0
14,60,14,60,0.0
14,61,14,61,0.0
14,62,14,62,0.0
14,63,14,63,0.0
14,64,14,64,0.0
14,65,14,65,0.0
14,66,14,66,0.0
14,67,14,67,0.0
14,68,14,68,0.0
14,69,14,69,0.0
14,70,14,70,0.0
14,71,14,71,0.0
14,72,14,72,0.0
14,73,14,73,0.0
14,74,14,74,0.0
14,75,14,75,0.0
14,76,14,76,0.0
14,77,14,77,0.0
14,78,14,78,0.0
14,79,14,79,0.0
14,80,14,80,0.0
14,81,14,81,0.0
14,82,14,82,0.0
14,83,14,83,0.0
14,84,14,84,0.0
14,85,14,85,0.0
14,86,14,86,0.0
14,87,14,87,0.0
14,88,14,88,0.0
14,89,14,89,0.0
14,90,14,90,0.0
14,91,14,91,0.0
14,92,14,92,0.0
14,93,14,93,0.0
14,94,14,94,0.0
14,95,14,95,0.0
14,96,14,96,0.0
14,97,14,97,0.0
14,98,14,98,0.0
14,99,14,99,0.0
14,100,14,100,0.0
14,101,14,101,0.0
14,102,14,102,0.0
14,103,14,103,0.0
14,104,14,104,0.0
14,105,14,105,0.0
14,106,14,106,0.0
14,107,14,107,0.0
14,108,14,108,0.0
14,109,14,109,0.0
14,110,14,110,0.0
14,111,14,111,0.0
14,112,14,112,0.0
14,113,14,113,0.0
14,114,14,114,0.0
14,115,14,115,0.0
14,116,14,116,0.0
14,117,14,117,0.0
14,118,14,118,0.0
14,119,14,119,0.0
14,120,14,120,0.0
14,121,14,121,0.0
14,122,14,122,0.0
14,123,14,123,0.0
14,124,14,124,0.0
14,125,14,125,0.0
14,126,14,126,0.0
14,127,14,127,0.0
14,128,14,128,0.0
14,129,14,129,0.0
14,130,14,130,0.0
14,131,14,131,0.0
14,132,14,132,0.0
14,133,14,133,0.0
14,134,14,134,0.0
14,135,14,135,0.0
14,136,14,136,0.0
14,137,14,137,0.0
14,138,14,138,0.0
14,139,14,139,0.0
14,140,14,140,0.0
14,141,14,141,0.0
14,142,14,142,0.0
14,143,14,143,0.0
14,144,14,144,0.0
14,145,14,145,0.0
14,146,14,146,0.0
14,147,14,147,0.0
14,148,14,148,0.0
14,149,14,149,0.0
14,150,14,150,0.0
14,151,14,151,0.0
14,152,14,152,0.0
14,153,14,153,0.0
14,154,14,154,0.0
14,155,14,155,0.0
14,156,14,156,0.0
14,157,14,157,0.0
14,158,14,158,0.0
14,159,14,159,0.0
14,160,14,160,0.0
14,161,14,161,0.0
14,162,14,162,0.0
14,163,14,163,0.0
14,164,14,164,0.0
14,165,14,165,0.0
14,166,14,166,0.0
14,167,14,167,0.0
14,168,14,168,0.0
14,169,14,169,0.0
14,170,14,170,0.0
14,171,14,171,0.0
14,172,14,172,0.0
14,173,14,173,0.0
14,174,14,174,0.0
14,175,14,175,0.0
14,176,14,176,0.0
14,177,14,177,0.0
14,178,14,178,0.0
14,179,14,179,0.0
14,180,14,180,0.0
14,181,14,181,0.0
14,182,14,182,0.0
14,183,14,183,0.0
14,184,14,184,0.0
14,185,14,185,0.0
14,186,14,186,0.0
14,187,14,187,0.0
14,188,14,188,0.0
14,189,14,189,0.0
14,190,14,190,0.0
14,191,14,191,0.0
14,192,14,192,0.0
14,193,14,193,0.0
14,194,14,194,0.0
14,195,14,195,0.0
14,196,14,196,0.0
14,197,14,197,0.0
14,198,14,198,0.0
14,199,14,199,0.0
14,200,14,200,0.0
14,201,14,201,0.0
14,202,14,202,0.0
14,203,14,203,0.0
14,204,14,204,0.0
14,205,14,205,0.0
14,206,14,206,0.0
14,207,14,207,0.0
14,208,14,208,0.0
14,209,14,209,0.0
14,210,14,210,0.0
14,211,14,211,0.0
14,212,14,212,0.0
14,213,14,213,0.0
14,214,14,214,0.0
14,215,14,215,0.0
14,216,14,216,0.0
14,217,14,217,0.0
14,218,14,218,0.0
14,219,14,219,0.0
14,220,14,220,0.0
14,221,14,221,0.0
14,222,14,222,0.0
14,223,14,223,0.0
14,224,14,224,0.0
14,225,14,225,0.0
14,226,14,226,0.0
14,227,14,227,0.0
14,228,14,228,0.0
14,229,14,229,0.0
14,230,14,230,0.0
14,231,14,231,0.0
14,232,14,232,0.0
14,233,14,233,0.0
14,234,14,234,0.0
14,235,14,235,0.0
14,236,14,236,0.0
14,237,14,237,0.0
14,238,14,238,0.0
14,239,14,239,0.0
14,240,14,240,0.0
14,241,14,241,0.0
14,242,14,242,0.0
14,243,14,243,0.0
14,244,14,244,0.0
14,245,14,245,0.0
14,246,14,246,0.0
14,247,14,247,0.0
14,248,14,248,0.0
14,249,14,249,0.0
14,250,14,250,0.0
14,251,14,251,0.0
14,252,14,252,0.0
14,253,14,253,0.0
14,254,14,254,0.0
14,255,14,255,0.0
14,256,14,256,0.0
14,257,14,257,0.0
14,258,14,258,0.0
14,259,14,259,0.0
14,260,14,260,0.0
14,261,14,261,0.0
14,262,14,262,0.0
14,263,14,263,0.0
14,264,14,264,0.0
14,265,14,265,0.0
14,266,14,266,0.0
14,267,14,267,0.0
14,268,14,268,0.0
14,269,14,269,0.0
14,270,14,270,0.0
14,271,14,271,0.0
14,272,14,272,0.0
14,273,14,273,0.0
14,274,14,274,0.0
14,275,14,275,0.0
14,276,14,276,0.0
14,277,14,277,0.0
14,278,14,278,0.0
14,279,14,279,0.0
14,280,14,280,0.0
14,281,14,281,0.0
14,282,14,282,0.0
14,283,14,283,0.0
14,284,14,284,0.0
14,285,14,285,0.0
14,286,14,286,0.0
14,287,14,287,0.0
14,288,14,288,0.0
14,289,14,289,0.0
14,290,14,290,0.0
14,291,14,291,0.0
14,292,14,292,0.0
14,293,14,293,0.0
14,294,14,294,0.0
14,295,14,295,0.0
14,296,14,296,0.0
14,297,14,297,0.0
14,298,14,298,0.0
15,16,15,16,0.18575909285693834
15,17,15,17,0.0
15,18,15,18,0.0
15,19,15,19,0.0
15,20,15,20,0.0
15,21,15,21,0.09037881996670966
15,22,15,22,0.0
15,23,15,23,0.0
15,24,15,24,0.0139845093603678
15,25,15,25,0.007118614944786267
15,26,15,26,0.0
15,27,15,27,0.0
15,28,15,28,0.03558398860629602
15,29,15,29,0.013577491298775219
15,30,15,30,0.0
15,31,15,31,0.018050748445237696
15,32,15,32,0.014093279604356815
15,33,15,33,0.0
15,34,15,34,0.0
15,35,15,35,-0.03714971638549823
15,36,15,36,0.10249747760056993
15,37,15,37,-0.0958791382340219
15,38,15,38,0.12830937442485968
15,39,15,39,0.0
15,40,15,40,0.0
15,41,15,41,0.0
15,42,15,42,0.0
15,43,15,43,-0.028423474024942653
15,44,15,44,0.0
15,45,15,45,0.0
15,46,15,46,0.0
15,47,15,47,0.0
15,48,15,48,0.0
15,49,15,49,0.0
15,50,15,50,0.0
15,51,15,51,0.0
15,52,15,52,0.0
15,53,15,53,0.0
15,54,15,54,0.0
15,55,15,55,0.0
15,56,15,56,0.0
15,57,15,57,0.0
15,58,15,58,0.0
15,59,15,59,0.0
15,60,15,60,0.0
15,61,15,61,0.0
15,62,15,62,0.0
15,63,15,63,0.0
15,64,15,64,0.0
15,65,15,65,0.0
15,66,15,66,0.0
15,67,15,67,0.0
15,68,15,68,0.0
15,69,15,69,0.0
15,70,15,70,0.0
15,71,15,71,0.0
15,72,15,72,0.0
15,73,15,73,0.0
15,74,15,74,0.0
15,75,15,75,0.0
15,76,15,76,0.0
15,77,15,77,0.0
15,78,15,78,0.0
15,79,15,79,0.0
15,80,15,80,0.0
15,81,15,81,0.0
15,82,15,82,0.0
15,83,15,83,0.0
15,84,15,84,0.0
15,85,15,85,0.0
15,86,15,86,0.0
15,87,15,87,0.0
15,88,15,88,0.0
15,89,15,89,0.0
15,90,15,90,0.0
15,91,15,91,0.0
15,92,15,92,0.0
15,93,15,93,0.0
15,94,15,94,0.0
15,95,15,95,0.0
15,96,15,96,0.0
15,97,15,97,0.0
15,98,15,98,0.0
15,99,15,99,0.0
15,100,15,100,0.0
15,101,15,101,0.0
15,102,15,102,0.0
15,103,15,103,0.0
15,104,15,104,0.0
15,105,15,105,0.0
15,106,15,106,0.0
15,107,15,107,0.0
15,108,15,108,0.0
15,109,15,109,0.0
15,110,15,110,0.0
15,111,15,111,0.0
15,112,15,112,0.0
15,113,15,113,0.0
15,114,15,114,0.0
15,115,15,115,0.0
15,116,15,116,0.0
15,117,15,117,0.0
15,118,15,118,0.0
15,119,15,119,0.0
15,120,15,120,0.0
15,121,15,121,0.0
15,122,15,122,0.0
15,123,15,123,0.0
15,124,15,124,0.0
15,125,15,125,0.0
15,126,15,126,0.0
15,127,15,127,0.0
15,128,15,128,0.0
15,129,15,129,0.0
15,130,15,130,0.0
15,131,15,131,0.0
15,132,15,132,0.0
15,133,15,133,0.0
15,134,15,134,0.0
15,135,15,135,0.0
15,136,15,136,0.0
15,137,15,137,0.0
15,138,15,138,0.0
15,139,15,139,0.0
15,140,15,140,0.0
15,141,15,141,0.0
15,142,15,142,0.0
15,143,15,143,0.0
15,144,15,144,0.0
15,145,15,145,0.0
15,146,15,146,0.0
15,147,15,147,0.0
15,148,15,148,0.0
15,149,15,149,0.0
15,150,15,150,0.0
15,151,15,151,0.0
15,152,15,152,0.0
15,153,15,153,0.0
15,154,15,154,0.0
15,155,15,155,0.0
15,156,15,156,0.0
15,157,15,157,0.0
15,158,15,158,0.0
15,159,15,159,0.0
15,160,15,160,0.0
15,161,15,161,0.0
15,162,15,162,0.0
15,163,15,163,0.0
15,164,15,164,0.0
15,165,15,165,0.0
15,166,15,166,0.0
15,167,15,167,0.0
15,168,15,168,0.0
15,169,15,169,0.0
15,170,15,170,0.0
15,171,15,171,0.0
15,172,15,172,0.0
15,173,15,173,0.0
15,174,15,174,0.0
15,175,15,175,0.0
15,176,15,176,0.0
15,177,15,177,0.0
15,178,15,178,0.0
15,179,15,179,0.0
15,180,15,180,0.0
15,181,15,181,0.0
15,182,15,182,0.0
15,183,15,183,0.0
15,184,15,184,0.0
15,185,15,185,0.0
15,186,15,186,0.0
15,187,15,187,0.0
15,188,15,188,0.0
15,189,15,189,0.0
15,190,15,190,0.0
15,191,15,191,0.0
15,192,15,192,0.0
15,193,15,193,0.0
15,194,15,194,0.0
15,195,15,195,0.0
15,196,15,196,0.0
15,197,15,197,0.0
15,198,15,198,0.0
15,199,15,199,0.0
15,200,15,200,0.0
15,201,15,201,0.06503928621897997
15,202,15,202,0.0
15,203,15,203,0.0
15,204,15,204,0.0
15,205,15,205,0.0
15,206,15,206,0.0
15,207,15,207,0.09537855576600575
15,208,15,208,0.024367588134479052
15,209,15,209,0.01933482773220224
15,210,15,210,-0.01842174118847392
15,211,15,211,0.10603029431084256
15,212,15,212,0.0
15,213,15,213,0.0024600924872730462
15,214,15,214,0.004171366885030916
15,215,15,215,0.00948598888764562
15,216,15,216,0.0
15,217,15,217,0.05912819890455191
15,218,15,218,0.05942529351757041
15,219,15,219,-0.01008762924563851
15,220,15,220,0.102480725204769
15,221,15,221,0.06184733981481307
15,222,15,222,0.09797377266966588
15,223,15,223,0.0
15,224,15,224,-0.11503274790115081
15,225,15,225,-0.0779286283508276
15,226,15,226,-0.12669142849211457
15,227,15,227,-0.12870099990501457
15,228,15,228,0.0
15,229,15,229,0.0
15,230,15,230,0.0
15,231,15,231,0.0
15,232,15,232,0.0
15,233,15,233,0.04398425084060482
15,234,15,234,0.05384422941535423
15,235,15,235,-0.0840568778763084
15,236,15,236,-0.007804820188322667
15,237,15,237,-0.0008752610375861024
15,238,15,238,0.041546282975627825
15,239,15,239,0.040215922047618105
15,240,15,240,0.028610974107928365
15,241,15,241,0.03904596720109951
15,242,15,242,0.037268216947783796
15,243,15,243,0.037780837247271944
15,244,15,244,0.0
15,245,15,245,0.0
15,246,15,246,0.0
15,247,15,247,0.0
15,248,15,248,0.0
15,249,15,249,0.0
15,250,15,250,0.039164486718450915
15,251,15,251,0.03771695354067125
15,252,15,252,-0.041585789575341585
15,253,15,253,-0.04013760511330379
15,254,15,254,0.0
15,255,15,255,0.0
15,256,15,256,0.04645430743206713
15,257,15,257,0.04427176281442984
15,258,15,258,0.000826955737729744
15,259,15,259,0.000498535961695895
15,260,15,260,0.04132478636395362
15,261,15,261,0.040020569279850746
15,262,15,262,0.03956475080488816
15,263,15,263,0.0
15,264,15,264,0.0
15,265,15,265,0.046600297832522015
15,266,15,266,0.038351508724110736
15,267,15,267,0.0
15,268,15,268,0.0
15,269,15,269,0.0
15,270,15,270,0.0
15,271,15,271,0.0
15,272,15,272,0.0
15,273,15,273,0.0
15,274,15,274,0.0
15,275,15,275,0.0
15,276,15,276,0.037439523884659494
15,277,15,277,0.0
15,278,15,278,0.0
15,279,15,279,0.0
15,280,15,280,0.0
15,281,15,281,0.0
15,282,15,282,0.0
15,283,15,283,0.04776220607622602
15,284,15,284,0.04565972805297098
15,285,15,285,0.04858108872854628
15,286,15,286,0.04534047509778483
15,287,15,287,0.0420082376722658
15,288,15,288,0.038551853723113365
15,289,15,289,0.049891666466889945
15,290,15,290,0.04432049748425177
15,291,15,291,0.0
15,292,15,292,0.0
15,293,15,293,0.0
15,294,15,294,0.040330115677916105
15,295,15,295,0.04134016341080873
15,296,15,296,0.0
15,297,15,297,0.0
15,298,15,298,0.0
16,17,16,17,0.0
16,18,16,18,0.0
16,19,16,19,0.0
16,20,16,20,0.0
16,21,16,21,0.14322644422958322
16,22,16,22,0.0
16,23,16,23,0.0
16,24,16,24,0.017033976572179796
16,25,16,25,0.01568570176982478
16,26,16,26,0.0
16,27,16,27,0.0
16,28,16,28,0.04884617548935407
16,29,16,29,0.028406292804414177
16,30,16,30,0.0
16,31,16,31,0.03190815032928784
16,32,16,32,0.017258056856518232
16,33,16,33,0.0
16,34,16,34,0.0
16,35,16,35,-0.10693293894494911
16,36,16,36,0.142540387055363
16,37,16,37,-0.0808438946696183
16,38,16,38,0.1238489274920606
16,39,16,39,0.0
16,40,16,40,0.0
16,41,16,41,0.0
16,42,16,42,0.0
16,43,16,43,-0.0997226889322679
16,44,16,44,0.0
16,45,16,45,0.0
16,46,16,46,0.0
16,47,16,47,0.0
16,48,16,48,0.0
16,49,16,49,0.0
16,50,16,50,0.0
16,51,16,51,0.0
16,52,16,52,0.0
16,53,16,53,0.0
16,54,16,54,0.0
16,55,16,55,0.0
16,56,16,56,0.0
16,57,16,57,0.0
16,58,16,58,0.0
16,59,16,59,0.0
16,60,16,60,0.0
16,61,16,61,0.0
16,62,16,62,0.0
16,63,16,63,0.0
16,64,16,64,0.0
16,65,16,65,0.0
16,66,16,66,0.0
16,67,16,67,0.0
16,68,16,68,0.0
16,69,16,69,0.0
16,70,16,70,0.0
16,71,16,71,0.0
16,72,16,72,0.0
16,73,16,73,0.0
16,74,16,74,0.0
16,75,16,75,0.0
16,76,16,76,0.0
16,77,16,77,0.0
16,78,16,78,0.0
16,79,16,79,0.0
16,80,16,80,0.0
16,81,16,81,0.0
16,82,16,82,0.0
16,83,16,83,0.0
16,84,16,84,0.0
16,85,16,85,0.0
16,86,16,86,0.0
16,87,16,87,0.0
16,88,16,88,0.0
16,89,16,89,0.0
16,90,16,90,0.0
16,91,16,91,0.0
16,92,16,92,0.0
16,93,16,93,0.0
16,94,16,94,0.0
16,95,16,95,0.0
16,96,16,96,0.0
16,97,16,97,0.0
16,98,16,98,0.0
16,99,16,99,0.0
16,100,16,100,0.0
16,101,16,101,0.0
16,102,16,102,0.0
16,103,16,103,0.0
16,104,16,104,0.0
16,105,16,105,0.0
16,106,16,106,0.0
16,107,16,107,0.0
16,108,16,108,0.0
16,109,16,109,0.0
16,110,16,110,0.0
16,111,16,111,0.0
16,112,16,112,0.0
16,113,16,113,0.0
16,114,16,114,0.0
16,115,16,115,0.0
16,116,16,116,0.0
16,117,16,117,0.0
16,118,16,118,0.0
16,119,16,119,0.0
16,120,16,120,0.0
16,121,16,121,0.0
16,122,16,122,0.0
16,123,16,123,0.0
16,124,16,124,0.0
16,125,16,125,0.0
16,126,16,126,0.0
16,127,16,127,0.0
16,128,16,128,0.0
16,129,16,129,0.0
16,130,16,130,0.0
16,131,16,131,0.0
16,132,16,132,0.0
16,133,16,133,0.0
16,134,16,134,0.0
16,135,16,135,0.0
16,136,16,136,0.0
16,137,16,137,0.0
16,138,16,138,0.0
16,139,16,139,0.0
16,140,16,140,0.0
16,141,16,141,0.0
16,142,16,142,0.0
16,143,16,143,0.0
16,144,16,144,0.0
16,145,16,145,0.0
16,146,16,146,0.0
16,147,16,147,0.0
16,148,16,148,0.0
16,149,16,149,0.0
16,150,16,150,0.0
16,151,16,151,0.0
16,152,16,152,0.0
16,153,16,153,0.0
16,154,16,154,0.0
16,155,16,155,0.0
16,156,16,156,0.0
16,157,16,157,0.0
16,158,16,158,0.0
16,159,16,159,0.0
16,160,16,160,0.0
16,161,16,161,0.0
16,162,16,162,0.0
16,163,16,163,0.0
16,164,16,164,0.0
16,165,16,165,0.0
16,166,16,166,0.0
16,167,16,167,0.0
16,168,16,168,0.0
16,169,16,169,0.0
16,170,16,170,0.0
16,171,16,171,0.0
16,172,16,172,0.0
16,173,16,173,0.0
16,174,16,174,0.0
16,175,16,175,0.0
16,176,16,176,0.0
16,177,16,177,0.0
16,178,16,178,0.0
16,179,16,179,0.0
16,180,16,180,0.0
16,181,16,181,0.0
16,182,16,182,0.0
16,183,16,183,0.0
16,184,16,184,0.0
16,185,16,185,0.0
16,186,16,186,0.0
16,187,16,187,0.0
16,188,16,188,0.0
16,189,16,189,0.0
16,190,16,190,0.0
16,191,16,191,0.0
16,192,16,192,0.0
16,193,16,193,0.0
16,194,16,194,0.0
16,195,16,195,0.0
16,196,16,196,0.0
16,197,16,197,0.0
16,198,16,198,0.0
16,199,16,199,0.0
16,200,16,200,0.0
16,201,16,201,0.12406241290471434
16,202,16,202,0.0
16,203,16,203,0.0
16,204,16,204,0.0
16,205,16,205,0.0
16,206,16,206,0.0
16,207,16,207,0.16347406513083942
16,208,16,208,0.007551219210615224
16,209,16,209,-0.12319104858739827
16,210,16,210,-0.09783172066317523
16,211,16,211,0.16974706252085753
16,212,16,212,0.0
16,213,16,213,-0.006483919702509938
16,214,16,214,-0.0029074604665273165
16,215,16,215,0.02449239357952044
16,216,16,216,0.0
16,217,16,217,0.04917498871413023
16,218,16,218,0.05025114306510455
16,219,16,219,-0.01984676400331795
16,220,16,220,0.11852618779330505
16,221,16,221,0.059940287160641786
16,222,16,222,0.10994858212510501
16,223,16,223,0.0
16,224,16,224,-0.22234227362765588
16,225,16,225,-0.1359944892643849
16,226,16,226,-0.2296015496817953
16,227,16,227,-0.23472841366406086
16,228,16,228,0.0
16,229,16,229,0.0
16,230,16,230,0.0
16,231,16,231,0.0
16,232,16,232,0.0
16,233,16,233,0.016675717731300693
16,234,16,234,0.07641633871288998
16,235,16,235,-0.07286015875785418
16,236,16,236,-0.030114539908260036
16,237,16,237,-0.01462913337731272
16,238,16,238,0.041809886372488905
16,239,16,239,0.023292639338296745
16,240,16,240,0.027029789234625807
16,241,16,241,0.04636544617968286
16,242,16,242,0.035614071674752966
16,243,16,243,0.03739398492488757
16,244,16,244,0.0
16,245,16,245,0.0
16,246,16,246,0.0
16,247,16,247,0.0
16,248,16,248,0.0
16,249,16,249,0.0
16,250,16,250,0.03456437488781104
16,251,16,251,0.034090764211614354
16,252,16,252,-0.03594726165771999
16,253,16,253,-0.03476418281690861
16,254,16,254,0.0
16,255,16,255,0.0
16,256,16,256,0.04526670361198138
16,257,16,257,0.03966243664670183
16,258,16,258,-0.001362375778392248
16,259,16,259,-0.003581169499723086
16,260,16,260,0.03592494832047976
16,261,16,261,0.03493691634037131
16,262,16,262,0.03545206048498962
16,263,16,263,0.0
16,264,16,264,0.0
16,265,16,265,0.023046953887877787
16,266,16,266,0.007443448172454188
16,267,16,267,0.0
16,268,16,268,0.0
16,269,16,269,0.0
16,270,16,270,0.0
16,271,16,271,0.0
16,272,16,272,0.0
16,273,16,273,0.0
16,274,16,274,0.0
16,275,16,275,0.0
16,276,16,276,0.0332077951796816
16,277,16,277,0.0
16,278,16,278,0.0
16,279,16,279,0.0
16,280,16,280,0.0
16,281,16,281,0.0
16,282,16,282,0.0
16,283,16,283,0.04232825915336166
16,284,16,284,0.03782834246344489
16,285,16,285,0.04053186963476321
16,286,16,286,0.0387125583650875
16,287,16,287,0.0356567846498968
16,288,16,288,0.031938938026129286
16,289,16,289,0.040682111638511764
16,290,16,290,0.03487070966833385
16,291,16,291,0.0
16,292,16,292,0.0
16,293,16,293,0.0
16,294,16,294,0.037112324940249596
16,295,16,295,0.040346742129969936
16,296,16,296,0.0
16,297,16,297,0.0
16,298,16,298,0.0
17,18,17,18,0.0
17,19,17,19,0.0
17,20,17,20,0.0
17,21,17,21,0.0
17,22,17,22,0.0
17,23,17,23,0.0
17,24,17,24,0.0
17,25,17,25,0.0
17,26,17,26,0.0
17,27,17,27,0.0
17,28,17,28,0.0
17,29,17,29,0.0
17,30,17,30,0.0
17,31,17,31,0.0
17,32,17,32,0.0
17,33,17,33,0.0
17,34,17,34,0.0
17,35,17,35,0.0
17,36,17,36,0.0
17,37,17,37,0.0
17,38,17,38,0.0
17,39,17,39,0.0
17,40,17,40,0.0
17,41,17,41,0.0
17,42,17,42,0.0
17,43,17,43,0.0
17,44,17,44,0.0
17,45,17,45,0.0
17,46,17,46,0.0
17,47,17,47,0.0
17,48,17,48,0.0
17,49,17,49,0.0
17,50,17,50,0.0
17,51,17,51,0.0
17,52,17,52,0.0
17,53,17,53,0.0
17,54,17,54,0.0
17,55,17,55,0.0
17,56,17,56,0.0
17,57,17,57,0.0
17,58,17,58,0.0
17,59,17,59,0.0
17,60,17,60,0.0
17,61,17,61,0.0
17,62,17,62,0.0
17,63,17,63,0.0
17,64,17,64,0.0
17,65,17,65,0.0
17,66,17,66,0.0
17,67,17,67,0.0
17,68,17,68,0.0
17,69,17,69,0.0
17,70,17,70,0.0
17,71,17,71,0.0
17,72,17,72,0.0
17,73,17,73,0.0
17,74,17,74,0.0
17,75,17,75,0.0
17,76,17,76,0.0
17,77,17,77,0.0
17,78,17,78,0.0
17,79,17,79,0.0
17,80,17,80,0.0
17,81,17,81,0.0
17,82,17,82,0.0
17,83,17,83,0.0
17,84,17,84,0.0
17,85,17,85,0.0
17,86,17,86,0.0
17,87,17,87,0.0
17,88,17,88,0.0
17,89,17,89,0.0
17,90,17,90,0.0
17,91,17,91,0.0
17,92,17,92,0.0
17,93,17,93,0.0
17,94,17,94,0.0
17,95,17,95,0.0
17,96,17,96,0.0
17,97,17,97,0.0
17,98,17,98,0.0
17,99,17,99,0.0
17,100,17,100,0.0
17,101,17,101,0.0
17,102,17,102,0.0
17,103,17,103,0.0
17,104,17,104,0.0
17,105,17,105,0.0
17,106,17,106,0.0
17,107,17,107,0.0
17,108,17,108,0.0
17,109,17,109,0.0
17,110,17,110,0.0
17,111,17,111,0.0
17,112,17,112,0.0
17,113,17,113,0.0
17,114,17,114,0.0
17,115,17,115,0.0
17,116,17,116,0.0
17,117,17,117,0.0
17,118,17,118,0.0
17,119,17,119,0.0
17,120,17,120,0.0
17,121,17,121,0.0
17,122,17,122,0.0
17,123,17,123,0.0
17,124,17,124,0.0
17,125,17,125,0.0
17,126,17,126,0.0
17,127,17,127,0.0
17,128,17,128,0.0
17,129,17,129,0.0
17,130,17,130,0.0
17,131,17,131,0.0
17,132,17,132,0.0
17,133,17,133,0.0
17,134,17,134,0.0
17,135,17,135,0.0
17,136,17,136,0.0
17,137,17,137,0.0
17,138,17,138,0.0
17,139,17,139,0.0
17,140,17,140,0.0
17,141,17,141,0.0
17,142,17,142,0.0
17,143,17,143,0.0
17,144,17,144,0.0
17,145,17,145,0.0
17,146,17,146,0.0
17,147,17,147,0.0
17,148,17,148,0.0
17,149,17,149,0.0
17,150,17,150,0.0
17,151,17,151,0.0
17,152,17,152,0.0
17,153,17,153,0.0
17,154,17,154,0.0
17,155,17,155,0.0
17,156,17,156,0.0
17,157,17,157,0.0
17,158,17,158,0.0
17,159,17,159,0.0
17,160,17,160,0.0
17,161,17,161,0.0
17,162,17,162,0.0
17,163,17,163,0.0
17,164,17,164,0.0
17,165,17,165,0.0
17,166,17,166,0.0
17,167,17,167,0.0
17,168,17,168,0.0
17,169,17,169,0.0
17,170,17,170,0.0
17,171,17,171,0.0
17,172,17,172,0.0
17,173,17,173,0.0
17,174,17,174,0.0
17,175,17,175,0.0
17,176,17,176,0.0
17,177,17,177,0.0
17,178,17,178,0.0
17,179,17,179,0.0
17,180,17,180,0.0
17,181,17,181,0.0
17,182,17,182,0.0
17,183,17,183,0.0
17,184,17,184,0.0
17,185,17,185,0.0
17,186,17,186,0.0
17,187,17,187,0.0
17,188,17,188,0.0
17,189,17,189,0.0
17,190,17,190,0.0
17,191,17,191,0.0
17,192,17,192,0.0
17,193,17,193,0.0
17,194,17,194,0.0
17,195,17,195,0.0
17,196,17,196,0.0
17,197,17,197,0.0
17,198,17,198,0.0
17,199,17,199,0.0
17,200,17,200,0.0
17,201,17,201,0.0
17,202,17,202,0.0
17,203,17,203,0.0
17,204,17,204,0.0
17,205,17,205,0.0
17,206,17,206,0.0
17,207,17,207,0.0
17,208,17,208,0.0
17,209,17,209,0.0
17,210,17,210,0.0
17,211,17,211,0.0
17,212,17,212,0.0
17,213,17,213,0.0
17,214,17,214,0.0
17,215,17,215,0.0
17,216,17,216,0.0
17,217,17,217,0.0
17,218,17,218,0.0
17,219,17,219,0.0
17,220,17,220,0.0
17,221,17,221,0.0
17,222,17,222,0.0
17,223,17,223,0.0
17,224,17,224,0.0
17,225,17,225,0.0
17,226,17,226,0.0
17,227,17,227,0.0
17,228,17,228,0.0
17,229,17,229,0.0
17,230,17,230,0.0
17,231,17,231,0.0
17,232,17,232,0.0
17,233,17,233,0.0
17,234,17,234,0.0
17,235,17,235,0.0
17,236,17,236,0.0
17,237,17,237,0.0
17,238,17,238,0.0
17,239,17,239,0.0
17,240,17,240,0.0
17,241,17,241,0.0
17,242,17,242,0.0
17,243,17,243,0.0
17,244,17,244,0.0
17,245,17,245,0.0
17,246,17,246,0.0
17,247,17,247,0.0
17,248,17,248,0.0
17,249,17,249,0.0
17,250,17,250,0.0
17,251,17,251,0.0
17,252,17,252,0.0
17,253,17,253,0.0
17,254,17,254,0.0
17,255,17,255,0.0
17,256,17,256,0.0
17,257,17,257,0.0
17,258,17,258,0.0
17,259,17,259,0.0
17,260,17,260,0.0
17,261,17,261,0.0
17,262,17,262,0.0
17,263,17,263,0.0
17,264,17,264,0.0
17,265,17,265,0.0
17,266,17,266,0.0
17,267,17,267,0.0
17,268,17,268,0.0
17,269,17,269,0.0
17,270,17,270,0.0
17,271,17,271,0.0
17,272,17,272,0.0
17,273,17,273,0.0
17,274,17,274,0.0
17,275,17,275,0.0
17,276,17,276,0.0
17,277,17,277,0.0
17,278,17,278,0.0
17,279,17,279,0.0
17,280,17,280,0.0
17,281,17,281,0.0
17,282,17,282,0.0
17,283,17,283,0.0
17,284,17,284,0.0
17,285,17,285,0.0
17,286,17,286,0.0
17,287,17,287,0.0
17,288,17,288,0.0
17,289,17,289,0.0
17,290,17,290,0.0
17,291,17,291,0.0
17,292,17,292,0.0
17,293,17,293,0.0
17,294,17,294,0.0
17,295,17,295,0.0
17,296,17,296,0.0
17,297,17,297,0.0
17,298,17,298,0.0
18,19,18,19,0.0
18,20,18,20,0.0
18,21,18,21,0.0
18,22,18,22,0.0
18,23,18,23,0.0
18,24,18,24,0.0
18,25,18,25,0.0
18,26,18,26,0.0
18,27,18,27,0.0
18,28,18,28,0.0
18,29,18,29,0.0
18,30,18,30,0.0
18,31,18,31,0.0
18,32,18,32,0.0
18,33,18,33,0.0
18,34,18,34,0.0
18,35,18,35,0.0
18,36,18,36,0.0
18,37,18,37,0.0
18,38,18,38,0.0
18,39,18,39,0.0
18,40,18,40,0.0
18,41,18,41,0.0
18,42,18,42,0.0
18,43,18,43,0.0
18,44,18,44,0.0
18,45,18,45,0.0
18,46,18,46,0.0
18,47,18,47,0.0
18,48,18,48,0.0
18,49,18,49,0.0
18,50,18,50,0.0
18,51,18,51,0.0
18,52,18,52,0.0
18,53,18,53,0.0
18,54,18,54,0.0
18,55,18,55,0.0
18,56,18,56,0.0
18,57,18,57,0.0
18,58,18,58,0.0
18,59,18,59,0.0
18,60,18,60,0.0
18,61,18,61,0.0
18,62,18,62,0.0
18,63,18,63,0.0
18,64,18,64,0.0
18,65,18,65,0.0
18,66,18,66,0.0
18,67,18,67,0.0
18,68,18,68,0.0
18,69,18,69,0.0
18,70,18,70,0.0
18,71,18,71,0.0
18,72,18,72,0.0
18,73,18,73,0.0
18,74,18,74,0.0
18,75,18,75,0.0
18,76,18,76,0.0
18,77,18,77,0.0
18,78,18,78,0.0
18,79,18,79,0.0
18,80,18,80,0.0
18,81,18,81,0.0
18,82,18,82,0.0
18,83,18,83,0.0
18,84,18,84,0.0
18,85,18,85,0.0
18,86,18,86,0.0
18,87,18,87,0.0
18,88,18,88,0.0
18,89,18,89,0.0
18,90,18,90,0.0
18,91,18,91,0.0
18,92,18,92,0.0
18,93,18,93,0.0
18,94,18,94,0.0
18,95,18,95,0.0
18,96,18,96,0.0
18,97,18,97,0.0
18,98,18,98,0.0
18,99,18,99,0.0
18,100,18,100,0.0
18,101,18,101,0.0
18,102,18,102,0.0
18,103,18,103,0.0
18,104,18,104,0.0
18,105,18,105,0.0
18,106,18,106,0.0
18,107,18,107,0.0
18,108,18,108,0.0
18,109,18,109,0.0
18,110,18,110,0.0
18,111,18,111,0.0
18,112,18,112,0.0
18,113,18,113,0.0
18,114,18,114,0.0
18,115,18,115,0.0
18,116,18,116,0.0
18,117,18,117,0.0
18,118,18,118,0.0
18,119,18,119,0.0
18,120,18,120,0.0
18,121,18,121,0.0
18,122,18,122,0.0
18,123,18,123,0.0
18,124,18,124,0.0
18,125,18,125,0.0
18,126,18,126,0.0
18,127,18,127,0.0
18,128,18,128,0.0
18,129,18,129,0.0
18,130,18,130,0.0
18,131,18,131,0.0
18,132,18,132,0.0
18,133,18,133,0.0
18,134,18,134,0.0
18,135,18,135,0.0
18,136,18,136,0.0
18,137,18,137,0.0
18,138,18,138,0.0
18,139,18,139,0.0
18,140,18,140,0.0
18,141,18,141,0.0
18,142,18,142,0.0
18,143,18,143,0.0
18,144,18,144,0.0
18,145,18,145,0.0
18,146,18,146,0.0
18,147,18,147,0.0
18,148,18,148,0.0
18,149,18,149,0.0
18,150,18,150,0.0
18,151,18,151,0.0
18,152,18,152,0.0
18,153,18,153,0.0
18,154,18,154,0.0
18,155,18,155,0.0
18,156,18,156,0.0
18,157,18,157,0.0
18,158,18,158,0.0
18,159,18,159,0.0
18,160,18,160,0.0
18,161,18,161,0.0
18,162,18,162,0.0
18,163,18,163,0.0
18,164,18,164,0.0
18,165,18,165,0.0
18,166,18,166,0.0
18,167,18,167,0.0
18,168,18,168,0.0
18,169,18,169,0.0
18,170,18,170,0.0
18,171,18,171,0.0
18,172,18,172,0.0
18,173,18,173,0.0
18,174,18,174,0.0
18,175,18,175,0.0
18,176,18,176,0.0
18,177,18,177,0.0
18,178,18,178,0.0
18,179,18,179,0.0
18,180,18,180,0.0
18,181,18,181,0.0
18,182,18,182,0.0
18,183,18,183,0.0
18,184,18,184,0.0
18,185,18,185,0.0
18,186,18,186,0.0
18,187,18,187,0.0
18,188,18,188,0.0
18,189,18,189,0.0
18,190,18,190,0.0
18,191,18,191,0.0
18,192,18,192,0.0
18,193,18,193,0.0
18,194,18,194,0.0
18,195,18,195,0.0
18,196,18,196,0.0
18,197,18,197,0.0
18,198,18,198,0.0
18,199,18,199,0.0
18,200,18,200,0.0
18,201,18,201,0.0
18,202,18,202,0.0
18,203,18,203,0.0
18,204,18,204,0.0
18,205,18,205,0.0
18,206,18,206,0.0
18,207,18,207,0.0
18,208,18,208,0.0
18,209,18,209,0.0
18,210,18,210,0.0
18,211,18,211,0.0
18,212,18,212,0.0
18,213,18,213,0.0
18,214,18,214,0.0
18,215,18,215,0.0
18,216,18,216,0.0
18,217,18,217,0.0
18,218,18,218,0.0
18,219,18,219,0.0
18,220,18,220,0.0
18,221,18,221,0.0
18,222,18,222,0.0
18,223,18,223,0.0
18,224,18,224,0.0
18,225,18,225,0.0
18,226,18,226,0.0
18,227,18,227,0.0
18,228,18,228,0.0
18,229,18,229,0.0
18,230,18,230,0.0
18,231,18,231,0.0
18,232,18,232,0.0
18,233,18,233,0.0
18,234,18,234,0.0
18,235,18,235,0.0
18,236,18,236,0.0
18,237,18,237,0.0
18,238,18,238,0.0
18,239,18,239,0.0
18,240,18,240,0.0
18,241,18,241,0.0
18,242,18,242,0.0
18,243,18,243,0.0
18,244,18,244,0.0
18,245,18,245,0.0
18,246,18,246,0.0
18,247,18,247,0.0
18,248,18,248,0.0
18,249,18,249,0.0
18,250,18,250,0.0
18,251,18,251,0.0
18,252,18,252,0.0
18,253,18,253,0.0
18,254,18,254,0.0
18,255,18,255,0.0
18,256,18,256,0.0
18,257,18,257,0.0
18,258,18,258,0.0
18,259,18,259,0.0
18,260,18,260,0.0
18,261,18,261,0.0
18,262,18,262,0.0
18,263,18,263,0.0
18,264,18,264,0.0
18,265,18,265,0.0
18,266,18,266,0.0
18,267,18,267,0.0
18,268,18,268,0.0
18,269,18,269,0.0
18,270,18,270,0.0
18,271,18,271,0.0
18,272,18,272,0.0
18,273,18,273,0.0
18,274,18,274,0.0
18,275,18,275,0.0
18,276,18,276,0.0
18,277,18,277,0.0
18,278,18,278,0.0
18,279,18,279,0.0
18,280,18,280,0.0
18,281,18,281,0.0
18,282,18,282,0.0
18,283,18,283,0.0
18,284,18,284,0.0
18,285,18,285,0.0
18,286,18,286,0.0
18,287,18,287,0.0
18,288,18,288,0.0
18,289,18,289,0.0
18,290,18,290,0.0
18,291,18,291,0.0
18,292,18,292,0.0
18,293,18,293,0.0
18,294,18,294,0.0
18,295,18,295,0.0
18,296,18,296,0.0
18,297,18,297,0.0
18,298,18,298,0.0
19,20,19,20,0.0
19,21,19,21,0.0
19,22,19,22,0.0
19,23,19,23,0.0
19,24,19,24,0.0
19,25,19,25,0.0
19,26,19,26,0.0
19,27,19,27,0.0
19,28,19,28,0.0
19,29,19,29,0.0
19,30,19,30,0.0
19,31,19,31,0.0
19,32,19,32,0.0
19,33,19,33,0.0
19,34,19,34,0.0
19,35,19,35,0.0
19,36,19,36,0.0
19,37,19,37,0.0
19,38,19,38,0.0
19,39,19,39,0.0
19,40,19,40,0.0
19,41,19,41,0.0
19,42,19,42,0.0
19,43,19,43,0.0
19,44,19,44,0.0
19,45,19,45,0.0
19,46,19,46,0.0
19,47,19,47,0.0
19,48,19,48,0.0
19,49,19,49,0.0
19,50,19,50,0.0
19,51,19,51,0.0
19,52,19,52,0.0
19,53,19,53,0.0
19,54,19,54,0.0
19,55,19,55,0.0
19,56,19,56,0.0
19,57,19,57,0.0
19,58,19,58,0.0
19,59,19,59,0.0
19,60,19,60,0.0
19,61,19,61,0.0
19,62,19,62,0.0
19,63,19,63,0.0
19,64,19,64,0.0
19,65,19,65,0.0
19,66,19,66,0.0
19,67,19,67,0.0
19,68,19,68,0.0
19,69,19,69,0.0
19,70,19,70,0.0
19,71,19,71,0.0
19,72,19,72,0.0
19,73,19,73,0.0
19,74,19,74,0.0
19,75,19,75,0.0
19,76,19,76,0.0
19,77,19,77,0.0
19,78,19,78,0.0
19,79,19,79,0.0
19,80,19,80,0.0
19,81,19,81,0.0
19,82,19,82,0.0
19,83,19,83,0.0
19,84,19,84,0.0
19,85,19,85,0.0
19,86,19,86,0.0
19,87,19,87,0.0
19,88,19,88,0.0
19,89,19,89,0.0
19,90,19,90,0.0
19,91,19,91,0.0
19,92,19,92,0.0
19,93,19,93,0.0
19,94,19,94,0.0
19,95,19,95,0.0
19,96,19,96,0.0
19,97,19,97,0.0
19,98,19,98,0.0
19,99,19,99,0.0
19,100,19,100,0.0
19,101,19,101,0.0
19,102,19,102,0.0
19,103,19,103,0.0
19,104,19,104,0.0
19,105,19,105,0.0
19,106,19,106,0.0
19,107,19,107,0.0
19,108,19,108,0.0
19,109,19,109,0.0
19,110,19,110,0.0
19,111,19,111,0.0
19,112,19,112,0.0
19,113,19,113,0.0
19,114,19,114,0.0
19,115,19,115,0.0
19,116,19,116,0.0
19,117,19,117,0.0
19,118,19,118,0.0
19,119,19,119,0.0
19,120,19,120,0.0
19,121,19,121,0.0
19,122,19,122,0.0
19,123,19,123,0.0
19,124,19,124,0.0
19,125,19,125,0.0
19,126,19,126,0.0
19,127,19,127,0.0
19,128,19,128,0.0
19,129,19,129,0.0
19,130,19,130,0.0
19,131,19,131,0.0
19,132,19,132,0.0
19,133,19,133,0.0
19,134,19,134,0.0
19,135,19,135,0.0
19,136,19,136,0.0
19,137,19,137,0.0
19,138,19,138,0.0
19,139,19,139,0.0
19,140,19,140,0.0
19,141,19,141,0.0
19,142,19,142,0.0
19,143,19,143,0.0
19,144,19,144,0.0
19,145,19,145,0.0
19,146,19,146,0.0
19,147,19,147,0.0
19,148,19,148,0.0
19,149,19,149,0.0
19,150,19,150,0.0
19,151,19,151,0.0
19,152,19,152,0.0
19,153,19,153,0.0
19,154,19,154,0.0
19,155,19,155,0.0
19,156,19,156,0.0
19,157,19,157,0.0
19,158,19,158,0.0
19,159,19,159,0.0
19,160,19,160,0.0
19,161,19,161,0.0
19,162,19,162,0.0
19,163,19,163,0.0
19,164,19,164,0.0
19,165,19,165,0.0
19,166,19,166,0.0
19,167,19,167,0.0
19,168,19,168,0.0
19,169,19,169,0.0
19,170,19,170,0.0
19,171,19,171,0.0
19,172,19,172,0.0
19,173,19,173,0.0
19,174,19,174,0.0
19,175,19,175,0.0
19,176,19,176,0.0
19,177,19,177,0.0
19,178,19,178,0.0
19,179,19,179,0.0
19,180,19,180,0.0
19,181,19,181,0.0
19,182,19,182,0.0
19,183,19,183,0.0
19,184,19,184,0.0
19,185,19,185,0.0
19,186,19,186,0.0
19,187,19,187,0.0
19,188,19,188,0.0
19,189,19,189,0.0
19,190,19,190,0.0
19,191,19,191,0.0
19,192,19,192,0.0
19,193,19,193,0.0
19,194,19,194,0.0
19,195,19,195,0.0
19,196,19,196,0.0
19,197,19,197,0.0
19,198,19,198,0.0
19,199,19,199,0.0
19,200,19,200,0.0
19,201,19,201,0.0
19,202,19,202,0.0
19,203,19,203,0.0
19,204,19,204,0.0
19,205,19,205,0.0
19,206,19,206,0.0
19,207,19,207,0.0
19,208,19,208,0.0
19,209,19,209,0.0
19,210,19,210,0.0
19,211,19,211,0.0
19,212,19,212,0.0
19,213,19,213,0.0
19,214,19,214,0.0
19,215,19,215,0.0
19,216,19,216,0.0
19,217,19,217,0.0
19,218,19,218,0.0
19,219,19,219,0.0
19,220,19,220,0.0
19,221,19,221,0.0
19,222,19,222,0.0
19,223,19,223,0.0
19,224,19,224,0.0
19,225,19,225,0.0
19,226,19,226,0.0
19,227,19,227,0.0
19,228,19,228,0.0
19,229,19,229,0.0
19,230,19,230,0.0
19,231,19,231,0.0
19,232,19,232,0.0
19,233,19,233,0.0
19,234,19,234,0.0
19,235,19,235,0.0
19,236,19,236,0.0
19,237,19,237,0.0
19,238,19,238,0.0
19,239,19,239,0.0
19,240,19,240,0.0
19,241,19,241,0.0
19,242,19,242,0.0
19,243,19,243,0.0
19,244,19,244,0.0
19,245,19,245,0.0
19,246,19,246,0.0
19,247,19,247,0.0
19,248,19,248,0.0
19,249,19,249,0.0
19,250,19,250,0.0
19,251,19,251,0.0
19,252,19,252,0.0
19,253,19,253,0.0
19,254,19,254,0.0
19,255,19,255,0.0
19,256,19,256,0.0
19,257,19,257,0.0
19,258,19,258,0.0
19,259,19,259,0.0
19,260,19,260,0.0
19,261,19,261,0.0
19,262,19,262,0.0
19,263,19,263,0.0
19,264,19,264,0.0
19,265,19,265,0.0
19,266,19,266,0.0
19,267,19,267,0.0
19,268,19,268,0.0
19,269,19,269,0.0
19,270,19,270,0.0
19,271,19,271,0.0
19,272,19,272,0.0
19,273,19,273,0.0
19,274,19,274,0.0
19,275,19,275,0.0
19,276,19,276,0.0
19,277,19,277,0.0
19,278,19,278,0.0
19,279,19,279,0.0
19,280,19,280,0.0
19,281,19,281,0.0
19,282,19,282,0.0
19,283,19,283,0.0
19,284,19,284,0.0
19,285,19,285,0.0
19,286,19,286,0.0
19,287,19,287,0.0
19,288,19,288,0.0
19,289,19,289,0.0
19,290,19,290,0.0
19,291,19,291,0.0
19,292,19,292,0.0
19,293,19,293,0.0
19,294,19,294,0.0
19,295,19,295,0.0
19,296,19,296,0.0
19,297,19,297,0.0
19,298,19,298,0.0
20,21,20,21,0.0
20,22,20,22,0.0
20,23,20,23,0.0
20,24,20,24,0.0
20,25,20,25,0.0
20,26,20,26,0.0
20,27,20,27,0.0
20,28,20,28,0.0
20,29,20,29,0.0
20,30,20,30,0.0
20,31,20,31,0.0
20,32,20,32,0.0
20,33,20,33,0.0
20,34,20,34,0.0
20,35,20,35,0.0
20,36,20,36,0.0
20,37,20,37,0.0
20,38,20,38,0.0
20,39,20,39,0.0
20,40,20,40,0.0
20,41,20,41,0.0
20,42,20,42,0.0
20,43,20,43,0.0
20,44,20,44,0.0
20,45,20,45,0.0
20,46,20,46,0.0
20,47,20,47,0.0
20,48,20,48,0.0
20,49,20,49,0.0
20,50,20,50,0.0
20,51,20,51,0.0
20,52,20,52,0.0
20,53,20,53,0.0
20,54,20,54,0.0
20,55,20,55,0.0
20,56,20,56,0.0
20,57,20,57,0.0
20,58,20,58,0.0
20,59,20,59,0.0
20,60,20,60,0.0
20,61,20,61,0.0
20,62,20,62,0.0
20,63,20,63,0.0
20,64,20,64,0.0
20,65,20,65,0.0
20,66,20,66,0.0
20,67,20,67,0.0
20,68,20,68,0.0
20,69,20,69,0.0
20,70,20,70,0.0
20,71,20,71,0.0
20,72,20,72,0.0
20,73,20,73,0.0
20,74,20,74,0.0
20,75,20,75,0.0
20,76,20,76,0.0
20,77,20,77,0.0
20,78,20,78,0.0
20,79,20,79,0.0
20,80,20,80,0.0
20,81,20,81,0.0
20,82,20,82,0.0
20,83,20,83,0.0
20,84,20,84,0.0
20,85,20,85,0.0
20,86,20,86,0.0
20,87,20,87,0.0
20,88,20,88,0.0
20,89,20,89,0.0
20,90,20,90,0.0
20,91,20,91,0.0
20,92,20,92,0.0
20,93,20,93,0.0
20,94,20,94,0.0
20,95,20,95,0.0
20,96,20,96,0.0
20,97,20,97,0.0
20,98,20,98,0.0
20,99,20,99,0.0
20,100,20,100,0.0
20,101,20,101,0.0
20,102,20,102,0.0
20,103,20,103,0.0
20,104,20,104,0.0
20,105,20,105,0.0
20,106,20,106,0.0
20,107,20,107,0.0
20,108,20,108,0.0
20,109,20,109,0.0
20,110,20,110,0.0
20,111,20,111,0.0
20,112,20,112,0.0
20,113,20,113,0.0
20,114,20,114,0.0
20,115,20,115,0.0
20,116,20,116,0.0
20,117,20,117,0.0
20,118,20,118,0.0
20,119,20,119,0.0
20,120,20,120,0.0
20,121,20,121,0.0
20,122,20,122,0.0
20,123,20,123,0.0
20,124,20,124,0.0
20,125,20,125,0.0
20,126,20,126,0.0
20,127,20,127,0.0
20,128,20,128,0.0
20,129,20,129,0.0
20,130,20,130,0.0
20,131,20,131,0.0
20,132,20,132,0.0
20,133,20,133,0.0
20,134,20,134,0.0
20,135,20,135,0.0
20,136,20,136,0.0
20,137,20,137,0.0
20,138,20,138,0.0
20,139,20,139,0.0
20,140,20,140,0.0
20,141,20,141,0.0
20,142,20,142,0.0
20,143,20,143,0.0
20,144,20,144,0.0
20,145,20,145,0.0
20,146,20,146,0.0
20,147,20,147,0.0
20,148,20,148,0.0
20,149,20,149,0.0
20,150,20,150,0.0
20,151,20,151,0.0
20,152,20,152,0.0
20,153,20,153,0.0
20,154,20,154,0.0
20,155,20,155,0.0
20,156,20,156,0.0
20,157,20,157,0.0
20,158,20,158,0.0
20,159,20,159,0.0
20,160,20,160,0.0
20,161,20,161,0.0
20,162,20,162,0.0
20,163,20,163,0.0
20,164,20,164,0.0
20,165,20,165,0.0
20,166,20,166,0.0
20,167,20,167,0.0
20,168,20,168,0.0
20,169,20,169,0.0
20,170,20,170,0.0
20,171,20,171,0.0
20,172,20,172,0.0
20,173,20,173,0.0
20,174,20,174,0.0
20,175,20,175,0.0
20,176,20,176,0.0
20,177,20,177,0.0
20,178,20,178,0.0
20,179,20,179,0.0
20,180,20,180,0.0
20,181,20,181,0.0
20,182,20,182,0.0
20,183,20,183,0.0
20,184,20,184,0.0
20,185,20,185,0.0
20,186,20,186,0.0
20,187,20,187,0.0
20,188,20,188,0.0
20,189,20,189,0.0
20,190,20,190,0.0
20,191,20,191,0.0
20,192,20,192,0.0
20,193,20,193,0.0
20,194,20,194,0.0
20,195,20,195,0.0
20,196,20,196,0.0
20,197,20,197,0.0
20,198,20,198,0.0
20,199,20,199,0.0
20,200,20,200,0.0
20,201,20,201,0.0
20,202,20,202,0.0
20,203,20,203,0.0
20,204,20,204,0.0
20,205,20,205,0.0
20,206,20,206,0.0
20,207,20,207,0.0
20,208,20,208,0.0
20,209,20,209,0.0
20,210,20,210,0.0
20,211,20,211,0.0
20,212,20,212,0.0
20,213,20,213,0.0
20,214,20,214,0.0
20,215,20,215,0.0
20,216,20,216,0.0
20,217,20,217,0.0
20,218,20,218,0.0
20,219,20,219,0.0
20,220,20,220,0.0
20,221,20,221,0.0
20,222,20,222,0.0
20,223,20,223,0.0
20,224,20,224,0.0
20,225,20,225,0.0
20,226,20,226,0.0
20,227,20,227,0.0
20,228,20,228,0.0
20,229,20,229,0.0
20,230,20,230,0.0
20,231,20,231,0.0
20,232,20,232,0.0
20,233,20,233,0.0
20,234,20,234,0.0
20,235,20,235,0.0
20,236,20,236,0.0
20,237,20,237,0.0
20,238,20,238,0.0
20,239,20,239,0.0
20,240,20,240,0.0
20,241,20,241,0.0
20,242,20,242,0.0
20,243,20,243,0.0
20,244,20,244,0.0
20,245,20,245,0.0
20,246,20,246,0.0
20,247,20,247,0.0
20,248,20,248,0.0
20,249,20,249,0.0
20,250,20,250,0.0
20,251,20,251,0.0
20,252,20,252,0.0
20,253,20,253,0.0
20,254,20,254,0.0
20,255,20,255,0.0
20,256,20,256,0.0
20,257,20,257,0.0
20,258,20,258,0.0
20,259,20,259,0.0
20,260,20,260,0.0
20,261,20,261,0.0
20,262,20,262,0.0
20,263,20,263,0.0
20,264,20,264,0.0
20,265,20,265,0.0
20,266,20,266,0.0
20,267,20,267,0.0
20,268,20,268,0.0
20,269,20,269,0.0
20,270,20,270,0.0
20,271,20,271,0.0
20,272,20,272,0.0
20,273,20,273,0.0
20,274,20,274,0.0
20,275,20,275,0.0
20,276,20,276,0.0
20,277,20,277,0.0
20,278,20,278,0.0
20,279,20,279,0.0
20,280,20,280,0.0
20,281,20,281,0.0
20,282,20,282,0.0
20,283,20,283,0.0
20,284,20,284,0.0
20,285,20,285,0.0
20,286,20,286,0.0
20,287,20,287,0.0
20,288,20,288,0.0
20,289,20,289,0.0
20,290,20,290,0.0
20,291,20,291,0.0
20,292,20,292,0.0
20,293,20,293,0.0
20,294,20,294,0.0
20,295,20,295,0.0
20,296,20,296,0.0
20,297,20,297,0.0
20,298,20,298,0.0
21,22,21,22,0.0
21,23,21,23,0.0
21,24,21,24,0.014104007715868842
21,25,21,25,0.007169820046196086
21,26,21,26,0.0
21,27,21,27,0.0
21,28,21,28,0.03589043632566004
21,29,21,29,0.03240219501127465
21,30,21,30,0.0
21,31,21,31,0.015217844280227023
21,32,21,32,0.01699627795626948
21,33,21,33,0.0
21,34,21,34,0.0
21,35,21,35,-0.022597016022714064
21,36,21,36,0.14787839713037781
21,37,21,37,-0.06731978422406941
21,38,21,38,0.12095674115708388
21,39,21,39,0.0
21,40,21,40,0.0
21,41,21,41,0.0
21,42,21,42,0.0
21,43,21,43,-0.04230476999573988
21,44,21,44,0.0
21,45,21,45,0.0
21,46,21,46,0.0
21,47,21,47,0.0
21,48,21,48,0.0
21,49,21,49,0.0
21,50,21,50,0.0
21,51,21,51,0.0
21,52,21,52,0.0
21,53,21,53,0.0
21,54,21,54,0.0
21,55,21,55,0.0
21,56,21,56,0.0
21,57,21,57,0.0
21,58,21,58,0.0
21,59,21,59,0.0
21,60,21,60,0.0
21,61,21,61,0.0
21,62,21,62,0.0
21,63,21,63,0.0
21,64,21,64,0.0
21,65,21,65,0.0
21,66,21,66,0.0
21,67,21,67,0.0
21,68,21,68,0.0
21,69,21,69,0.0
21,70,21,70,0.0
21,71,21,71,0.0
21,72,21,72,0.0
21,73,21,73,0.0
21,74,21,74,0.0
21,75,21,75,0.0
21,76,21,76,0.0
21,77,21,77,0.0
21,78,21,78,0.0
21,79,21,79,0.0
21,80,21,80,0.0
21,81,21,81,0.0
21,82,21,82,0.0
21,83,21,83,0.0
21,84,21,84,0.0
21,85,21,85,0.0
21,86,21,86,0.0
21,87,21,87,0.0
21,88,21,88,0.0
21,89,21,89,0.0
21,90,21,90,0.0
21,91,21,91,0.0
21,92,21,92,0.0
21,93,21,93,0.0
21,94,21,94,0.0
21,95,21,95,0.0
21,96,21,96,0.0
21,97,21,97,0.0
21,98,21,98,0.0
21,99,21,99,0.0
21,100,21,100,0.0
21,101,21,101,0.0
21,102,21,102,0.0
21,103,21,103,0.0
21,104,21,104,0.0
21,105,21,105,0.0
21,106,21,106,0.0
21,107,21,107,0.0
21,108,21,108,0.0
21,109,21,109,0.0
21,110,21,110,0.0
21,111,21,111,0.0
21,112,21,112,0.0
21,113,21,113,0.0
21,114,21,114,0.0
21,115,21,115,0.0
21,116,21,116,0.0
21,117,21,117,0.0
21,118,21,118,0.0
21,119,21,119,0.0
21,120,21,120,0.0
21,121,21,121,0.0
21,122,21,122,0.0
21,123,21,123,0.0
21,124,21,124,0.0
21,125,21,125,0.0
21,126,21,126,0.0
21,127,21,127,0.0
21,128,21,128,0.0
21,129,21,129,0.0
21,130,21,130,0.0
21,131,21,131,0.0
21,132,21,132,0.0
21,133,21,133,0.0
21,134,21,134,0.0
21,135,21,135,0.0
21,136,21,136,0.0
21,137,21,137,0.0
21,138,21,138,0.0
21,139,21,139,0.0
21,140,21,140,0.0
21,141,21,141,0.0
21,142,21,142,0.0
21,143,21,143,0.0
21,144,21,144,0.0
21,145,21,145,0.0
21,146,21,146,0.0
21,147,21,147,0.0
21,148,21,148,0.0
21,149,21,149,0.0
21,150,21,150,0.0
21,151,21,151,0.0
21,152,21,152,0.0
21,153,21,153,0.0
21,154,21,154,0.0
21,155,21,155,0.0
21,156,21,156,0.0
21,157,21,157,0.0
21,158,21,158,0.0
21,159,21,159,0.0
21,160,21,160,0.0
21,161,21,161,0.0
21,162,21,162,0.0
21,163,21,163,0.0
21,164,21,164,0.0
21,165,21,165,0.0
21,166,21,166,0.0
21,167,21,167,0.0
21,168,21,168,0.0
21,169,21,169,0.0
21,170,21,170,0.0
21,171,21,171,0.0
21,172,21,172,0.0
21,173,21,173,0.0
21,174,21,174,0.0
21,175,21,175,0.0
21,176,21,176,0.0
21,177,21,177,0.0
21,178,21,178,0.0
21,179,21,179,0.0
21,180,21,180,0.0
21,181,21,181,0.0
21,182,21,182,0.0
21,183,21,183,0.0
21,184,21,184,0.0
21,185,21,185,0.0
21,186,21,186,0.0
21,187,21,187,0.0
21,188,21,188,0.0
21,189,21,189,0.0
21,190,21,190,0.0
21,191,21,191,0.0
21,192,21,192,0.0
21,193,21,193,0.0
21,194,21,194,0.0
21,195,21,195,0.0
21,196,21,196,0.0
21,197,21,197,0.0
21,198,21,198,0.0
21,199,21,199,0.0
21,200,21,200,0.0
21,201,21,201,0.09475743724931512
21,202,21,202,0.0
21,203,21,203,0.0
21,204,21,204,0.0
21,205,21,205,0.0
21,206,21,206,0.0
21,207,21,207,0.11610684084454931
21,208,21,208,0.0009219571029006745
21,209,21,209,-0.087036994754808
21,210,21,210,-0.060700639842871856
21,211,21,211,0.7955423528442548
21,212,21,212,0.0
21,213,21,213,0.016852566975972788
21,214,21,214,0.013721004319411726
21,215,21,215,0.013040132279464503
21,216,21,216,0.0
21,217,21,217,0.023144626336051424
21,218,21,218,0.023856082346981868
21,219,21,219,-0.002900473833148045
21,220,21,220,0.0512018509662228
21,221,21,221,0.030709471574285222
21,222,21,222,0.04854616773774411
21,223,21,223,0.0
21,224,21,224,-0.2077551129963935
21,225,21,225,-0.09189347103259078
21,226,21,226,-0.21800280601518277
21,227,21,227,-0.23304007237327692
21,228,21,228,0.0
21,229,21,229,0.0
21,230,21,230,0.0
21,231,21,231,0.0
21,232,21,232,0.0
21,233,21,233,0.007899789480377777
21,234,21,234,0.07152694810183656
21,235,21,235,-0.06392932335320321
21,236,21,236,0.009345843022992838
21,237,21,237,-0.0025350854765215035
21,238,21,238,0.028069432202560116
21,239,21,239,0.01951395799078212
21,240,21,240,0.0158663267158618
21,241,21,241,0.03198980327479017
21,242,21,242,0.024975827766754513
21,243,21,243,0.026022449500582558
21,244,21,244,0.0
21,245,21,245,0.0
21,246,21,246,0.0
21,247,21,247,0.0
21,248,21,248,0.0
21,249,21,249,0.0
21,250,21,250,0.033640721088396115
21,251,21,251,0.03340287442035062
21,252,21,252,-0.039102262460331
21,253,21,253,-0.03987494951587054
21,254,21,254,0.0
21,255,21,255,0.0
21,256,21,256,0.04811201236899018
21,257,21,257,0.04654104964484784
21,258,21,258,-0.0016549519282529881
21,259,21,259,0.0016479821928834636
21,260,21,260,0.03909492302621046
21,261,21,261,0.03967994503115715
21,262,21,262,0.029781624950903505
21,263,21,263,0.0
21,264,21,264,0.0
21,265,21,265,0.02099738187207397
21,266,21,266,0.007549153444510453
21,267,21,267,0.0
21,268,21,268,0.0
21,269,21,269,0.0
21,270,21,270,0.0
21,271,21,271,0.0
21,272,21,272,0.0
21,273,21,273,0.0
21,274,21,274,0.0
21,275,21,275,0.0
21,276,21,276,0.02693725161294718
21,277,21,277,0.0
21,278,21,278,0.0
21,279,21,279,0.0
21,280,21,280,0.0
21,281,21,281,0.0
21,282,21,282,0.0
21,283,21,283,0.04214936167296643
21,284,21,284,0.034157856105792625
21,285,21,285,0.037518950390014544
21,286,21,286,0.03709930792620158
21,287,21,287,0.03339554530850909
21,288,21,288,0.027390782719957853
21,289,21,289,0.040006370408102114
21,290,21,290,0.030956481911452657
21,291,21,291,0.0
21,292,21,292,0.0
21,293,21,293,0.0
21,294,21,294,0.029229701084220964
21,295,21,295,0.03199795117083521
21,296,21,296,0.0
21,297,21,297,0.0
21,298,21,298,0.0
22,23,22,23,0.0
22,24,22,24,0.0
22,25,22,25,0.0
22,26,22,26,0.0
22,27,22,27,0.0
22,28,22,28,0.0
22,29,22,29,0.0
22,30,22,30,0.0
22,31,22,31,0.0
22,32,22,32,0.0
22,33,22,33,0.0
22,34,22,34,0.0
22,35,22,35,0.0
22,36,22,36,0.0
22,37,22,37,0.0
22,38,22,38,0.0
22,39,22,39,0.0
22,40,22,40,0.0
22,41,22,41,0.0
22,42,22,42,0.0
22,43,22,43,0.0
22,44,22,44,0.0
22,45,22,45,0.0
22,46,22,46,0.0
22,47,22,47,0.0
22,48,22,48,0.0
22,49,22,49,0.0
22,50,22,50,0.0
22,51,22,51,0.0
22,52,22,52,0.0
22,53,22,53,0.0
22,54,22,54,0.0
22,55,22,55,0.0
22,56,22,56,0.0
22,57,22,57,0.0
22,58,22,58,0.0
22,59,22,59,0.0
22,60,22,60,0.0
22,61,22,61,0.0
22,62,22,62,0.0
22,63,22,63,0.0
22,64,22,64,0.0
22,65,22,65,0.0
22,66,22,66,0.0
22,67,22,67,0.0
22,68,22,68,0.0
22,69,22,69,0.0
22,70,22,70,0.0
22,71,22,71,0.0
22,72,22,72,0.0
22,73,22,73,0.0
22,74,22,74,0.0
22,75,22,75,0.0
22,76,22,76,0.0
22,77,22,77,0.0
22,78,22,78,0.0
22,79,22,79,0.0
22,80,22,80,0.0
22,81,22,81,0.0
22,82,22,82,0.0
22,83,22,83,0.0
22,84,22,84,0.0
22,85,22,85,0.0
22,86,22,86,0.0
22,87,22,87,0.0
22,88,22,88,0.0
22,89,22,89,0.0
22,90,22,90,0.0
22,91,22,91,0.0
22,92,22,92,0.0
22,93,22,93,0.0
22,94,22,94,0.0
22,95,22,95,0.0
22,96,22,96,0.0
22,97,22,97,0.0
22,98,22,98,0.0
22,99,22,99,0.0
22,100,22,100,0.0
22,101,22,101,0.0
22,102,22,102,0.0
22,103,22,103,0.0
22,104,22,104,0.0
22,105,22,105,0.0
22,106,22,106,0.0
22,107,22,107,0.0
22,108,22,108,0.0
22,109,22,109,0.0
22,110,22,110,0.0
22,111,22,111,0.0
22,112,22,112,0.0
22,113,22,113,0.0
22,114,22,114,0.0
22,115,22,115,0.0
22,116,22,116,0.0
22,117,22,117,0.0
22,118,22,118,0.0
22,119,22,119,0.0
22,120,22,120,0.0
22,121,22,121,0.0
22,122,22,122,0.0
22,123,22,123,0.0
22,124,22,124,0.0
22,125,22,125,0.0
22,126,22,126,0.0
22,127,22,127,0.0
22,128,22,128,0.0
22,129,22,129,0.0
22,130,22,130,0.0
22,131,22,131,0.0
22,132,22,132,0.0
22,133,22,133,0.0
22,134,22,134,0.0
22,135,22,135,0.0
22,136,22,136,0.0
22,137,22,137,0.0
22,138,22,138,0.0
22,139,22,139,0.0
22,140,22,140,0.0
22,141,22,141,0.0
22,142,22,142,0.0
22,143,22,143,0.0
22,144,22,144,0.0
22,145,22,145,0.0
22,146,22,146,0.0
22,147,22,147,0.0
22,148,22,148,0.0
22,149,22,149,0.0
22,150,22,150,0.0
22,151,22,151,0.0
22,152,22,152,0.0
22,153,22,153,0.0
22,154,22,154,0.0
22,155,22,155,0.0
22,156,22,156,0.0
22,157,22,157,0.0
22,158,22,158,0.0
22,159,22,159,0.0
22,160,22,160,0.0
22,161,22,161,0.0
22,162,22,162,0.0
22,163,22,163,0.0
22,164,22,164,0.0
22,165,22,165,0.0
22,166,22,166,0.0
22,167,22,167,0.0
22,168,22,168,0.0
22,169,22,169,0.0
22,170,22,170,0.0
22,171,22,171,0.0
22,172,22,172,0.0
22,173,22,173,0.0
22,174,22,174,0.0
22,175,22,175,0.0
22,176,22,176,0.0
22,177,22,177,0.0
22,178,22,178,0.0
22,179,22,179,0.0
22,180,22,180,0.0
22,181,22,181,0.0
22,182,22,182,0.0
22,183,22,183,0.0
22,184,22,184,0.0
22,185,22,185,0.0
22,186,22,186,0.0
22,187,22,187,0.0
22,188,22,188,0.0
22,189,22,189,0.0
22,190,22,190,0.0
22,191,22,191,0.0
22,192,22,192,0.0
22,193,22,193,0.0
22,194,22,194,0.0
22,195,22,195,0.0
22,196,22,196,0.0
22,197,22,197,0.0
22,198,22,198,0.0
22,199,22,199,0.0
22,200,22,200,0.0
22,201,22,201,0.0
22,202,22,202,0.0
22,203,22,203,0.0
22,204,22,204,0.0
22,205,22,205,0.0
22,206,22,206,0.0
22,207,22,207,0.0
22,208,22,208,0.0
22,209,22,209,0.0
22,210,22,210,0.0
22,211,22,211,0.0
22,212,22,212,0.0
22,213,22,213,0.0
22,214,22,214,0.0
22,215,22,215,0.0
22,216,22,216,0.0
22,217,22,217,0.0
22,218,22,218,0.0
22,219,22,219,0.0
22,220,22,220,0.0
22,221,22,221,0.0
22,222,22,222,0.0
22,223,22,223,0.0
22,224,22,224,0.0
22,225,22,225,0.0
22,226,22,226,0.0
22,227,22,227,0.0
22,228,22,228,0.0
22,229,22,229,0.0
22,230,22,230,0.0
22,231,22,231,0.0
22,232,22,232,0.0
22,233,22,233,0.0
22,234,22,234,0.0
22,235,22,235,0.0
22,236,22,236,0.0
22,237,22,237,0.0
22,238,22,238,0.0
22,239,22,239,0.0
22,240,22,240,0.0
22,241,22,241,0.0
22,242,22,242,0.0
22,243,22,243,0.0
22,244,22,244,0.0
22,245,22,245,0.0
22,246,22,246,0.0
22,247,22,247,0.0
22,248,22,248,0.0
22,249,22,249,0.0
22,250,22,250,0.0
22,251,22,251,0.0
22,252,22,252,0.0
22,253,22,253,0.0
22,254,22,254,0.0
22,255,22,255,0.0
22,256,22,256,0.0
22,257,22,257,0.0
22,258,22,258,0.0
22,259,22,259,0.0
22,260,22,260,0.0
22,261,22,261,0.0
22,262,22,262,0.0
22,263,22,263,0.0
22,264,22,264,0.0
22,265,22,265,0.0
22,266,22,266,0.0
22,267,22,267,0.0
22,268,22,268,0.0
22,269,22,269,0.0
22,270,22,270,0.0
22,271,22,271,0.0
22,272,22,272,0.0
22,273,22,273,0.0
22,274,22,274,0.0
22,275,22,275,0.0
22,276,22,276,0.0
22,277,22,277,0.0
22,278,22,278,0.0
22,279,22,279,0.0
22,280,22,280,0.0
22,281,22,281,0.0
22,282,22,282,0.0
22,283,22,283,0.0
22,284,22,284,0.0
22,285,22,285,0.0
22,286,22,286,0.0
22,287,22,287,0.0
22,288,22,288,0.0
22,289,22,289,0.0
22,290,22,290,0.0
22,291,22,291,0.0
22,292,22,292,0.0
22,293,22,293,0.0
22,294,22,294,0.0
22,295,22,295,0.0
22,296,22,296,0.0
22,297,22,297,0.0
22,298,22,298,0.0
23,24,23,24,0.0
23,25,23,25,0.0
23,26,23,26,0.0
23,27,23,27,0.0
23,28,23,28,0.0
23,29,23,29,0.0
23,30,23,30,0.0
23,31,23,31,0.0
23,32,23,32,0.0
23,33,23,33,0.0
23,34,23,34,0.0
23,35,23,35,0.0
23,36,23,36,0.0
23,37,23,37,0.0
23,38,23,38,0.0
23,39,23,39,0.0
23,40,23,40,0.0
23,41,23,41,0.0
23,42,23,42,0.0
23,43,23,43,0.0
23,44,23,44,0.0
23,45,23,45,0.0
23,46,23,46,0.0
23,47,23,47,0.0
23,48,23,48,0.0
23,49,23,49,0.0
23,50,23,50,0.0
23,51,23,51,0.0
23,52,23,52,0.0
23,53,23,53,0.0
23,54,23,54,0.0
23,55,23,55,0.0
23,56,23,56,0.0
23,57,23,57,0.0
23,58,23,58,0.0
23,59,23,59,0.0
23,60,23,60,0.0
23,61,23,61,0.0
23,62,23,62,0.0
23,63,23,63,0.0
23,64,23,64,0.0
23,65,23,65,0.0
23,66,23,66,0.0
23,67,23,67,0.0
23,68,23,68,0.0
23,69,23,69,0.0
23,70,23,70,0.0
23,71,23,71,0.0
23,72,23,72,0.0
23,73,23,73,0.0
23,74,23,74,0.0
23,75,23,75,0.0
23,76,23,76,0.0
23,77,23,77,0.0
23,78,23,78,0.0
23,79,23,79,0.0
23,80,23,80,0.0
23,81,23,81,0.0
23,82,23,82,0.0
23,83,23,83,0.0
23,84,23,84,0.0
23,85,23,85,0.0
23,86,23,86,0.0
23,87,23,87,0.0
23,88,23,88,0.0
23,89,23,89,0.0
23,90,23,90,0.0
23,91,23,91,0.0
23,92,23,92,0.0
23,93,23,93,0.0
23,94,23,94,0.0
23,95,23,95,0.0
23,96,23,96,0.0
23,97,23,97,0.0
23,98,23,98,0.0
23,99,23,99,0.0
23,100,23,100,0.0
23,101,23,101,0.0
23,102,23,102,0.0
23,103,23,103,0.0
23,104,23,104,0.0
23,105,23,105,0.0
23,106,23,106,0.0
23,107,23,107,0.0
23,108,23,108,0.0
23,109,23,109,0.0
23,110,23,110,0.0
23,111,23,111,0.0
23,112,23,112,0.0
23,113,23,113,0.0
23,114,23,114,0.0
23,115,23,115,0.0
23,116,23,116,0.0
23,117,23,117,0.0
23,118,23,118,0.0
23,119,23,119,0.0
23,120,23,120,0.0
23,121,23,121,0.0
23,122,23,122,0.0
23,123,23,123,0.0
23,124,23,124,0.0
23,125,23,125,0.0
23,126,23,126,0.0
23,127,23,127,0.0
23,128,23,128,0.0
23,129,23,129,0.0
23,130,23,130,0.0
23,131,23,131,0.0
23,132,23,132,0.0
23,133,23,133,0.0
23,134,23,134,0.0
23,135,23,135,0.0
23,136,23,136,0.0
23,137,23,137,0.0
23,138,23,138,0.0
23,139,23,139,0.0
23,140,23,140,0.0
23,141,23,141,0.0
23,142,23,142,0.0
23,143,23,143,0.0
23,144,23,144,0.0
23,145,23,145,0.0
23,146,23,146,0.0
23,147,23,147,0.0
23,148,23,148,0.0
23,149,23,149,0.0
23,150,23,150,0.0
23,151,23,151,0.0
23,152,23,152,0.0
23,153,23,153,0.0
23,154,23,154,0.0
23,155,23,155,0.0
23,156,23,156,0.0
23,157,23,157,0.0
23,158,23,158,0.0
23,159,23,159,0.0
23,160,23,160,0.0
23,161,23,161,0.0
23,162,23,162,0.0
23,163,23,163,0.0
23,164,23,164,0.0
23,165,23,165,0.0
23,166,23,166,0.0
23,167,23,167,0.0
23,168,23,168,0.0
23,169,23,169,0.0
23,170,23,170,0.0
23,171,23,171,0.0
23,172,23,172,0.0
23,173,23,173,0.0
23,174,23,174,0.0
23,175,23,175,0.0
23,176,23,176,0.0
23,177,23,177,0.0
23,178,23,178,0.0
23,179,23,179,0.0
23,180,23,180,0.0
23,181,23,181,0.0
23,182,23,182,0.0
23,183,23,183,0.0
23,184,23,184,0.0
23,185,23,185,0.0
23,186,23,186,0.0
23,187,23,187,0.0
23,188,23,188,0.0
23,189,23,189,0.0
23,190,23,190,0.0
23,191,23,191,0.0
23,192,23,192,0.0
23,193,23,193,0.0
23,194,23,194,0.0
23,195,23,195,0.0
23,196,23,196,0.0
23,197,23,197,0.0
23,198,23,198,0.0
23,199,23,199,0.0
23,200,23,200,0.0
23,201,23,201,0.0
23,202,23,202,0.0
23,203,23,203,0.0
23,204,23,204,0.0
23,205,23,205,0.0
23,206,23,206,0.0
23,207,23,207,0.0
23,208,23,208,0.0
23,209,23,209,0.0
23,210,23,210,0.0
23,211,23,211,0.0
23,212,23,212,0.0
23,213,23,213,0.0
23,214,23,214,0.0
23,215,23,215,0.0
23,216,23,216,0.0
23,217,23,217,0.0
23,218,23,218,0.0
23,219,23,219,0.0
23,220,23,220,0.0
23,221,23,221,0.0
23,222,23,222,0.0
23,223,23,223,0.0
23,224,23,224,0.0
23,225,23,225,0.0
23,226,23,226,0.0
23,227,23,227,0.0
23,228,23,228,0.0
23,229,23,229,0.0
23,230,23,230,0.0
23,231,23,231,0.0
23,232,23,232,0.0
23,233,23,233,0.0
23,234,23,234,0.0
23,235,23,235,0.0
23,236,23,236,0.0
23,237,23,237,0.0
23,238,23,238,0.0
23,239,23,239,0.0
23,240,23,240,0.0
23,241,23,241,0.0
23,242,23,242,0.0
23,243,23,243,0.0
23,244,23,244,0.0
23,245,23,245,0.0
23,246,23,246,0.0
23,247,23,247,0.0
23,248,23,248,0.0
23,249,23,249,0.0
23,250,23,250,0.0
23,251,23,251,0.0
23,252,23,252,0.0
23,253,23,253,0.0
23,254,23,254,0.0
23,255,23,255,0.0
23,256,23,256,0.0
23,257,23,257,0.0
23,258,23,258,0.0
23,259,23,259,0.0
23,260,23,260,0.0
23,261,23,261,0.0
23,262,23,262,0.0
23,263,23,263,0.0
23,264,23,264,0.0
23,265,23,265,0.0
23,266,23,266,0.0
23,267,23,267,0.0
23,268,23,268,0.0
23,269,23,269,0.0
23,270,23,270,0.0
23,271,23,271,0.0
23,272,23,272,0.0
23,273,23,273,0.0
23,274,23,274,0.0
23,275,23,275,0.0
23,276,23,276,0.0
23,277,23,277,0.0
23,278,23,278,0.0
23,279,23,279,0.0
23,280,23,280,0.0
23,281,23,281,0.0
23,282,23,282,0.0
23,283,23,283,0.0
23,284,23,284,0.0
23,285,23,285,0.0
23,286,23,286,0.0
23,287,23,287,0.0
23,288,23,288,0.0
23,289,23,289,0.0
23,290,23,290,0.0
23,291,23,291,0.0
23,292,23,292,0.0
23,293,23,293,0.0
23,294,23,294,0.0
23,295,23,295,0.0
23,296,23,296,0.0
23,297,23,297,0.0
23,298,23,298,0.0
24,25,24,25,0.021562694234002772
24,26,24,26,0.0
24,27,24,27,0.0
24,28,24,28,0.0303904009485425
24,29,24,29,0.033763454940905185
24,30,24,30,0.0
24,31,24,31,0.023484144699899723
24,32,24,32,0.024332671344098254
24,33,24,33,0.0
24,34,24,34,0.0
24,35,24,35,0.00048186400603108815
24,36,24,36,0.003567712847098808
24,37,24,37,0.03108466296186718
24,38,24,38,-0.000466887579317464
24,39,24,39,0.0
24,40,24,40,0.0
24,41,24,41,0.0
24,42,24,42,0.0
24,43,24,43,-0.0754460216253562
24,44,24,44,0.0
24,45,24,45,0.0
24,46,24,46,0.0
24,47,24,47,0.0
24,48,24,48,0.0
24,49,24,49,0.0
24,50,24,50,0.0
24,51,24,51,0.0
24,52,24,52,0.0
24,53,24,53,0.0
24,54,24,54,0.0
24,55,24,55,0.0
24,56,24,56,0.0
24,57,24,57,0.0
24,58,24,58,0.0
24,59,24,59,0.0
24,60,24,60,0.0
24,61,24,61,0.0
24,62,24,62,0.0
24,63,24,63,0.0
24,64,24,64,0.0
24,65,24,65,0.0
24,66,24,66,0.0
24,67,24,67,0.0
24,68,24,68,0.0
24,69,24,69,0.0
24,70,24,70,0.0
24,71,24,71,0.0
24,72,24,72,0.0
24,73,24,73,0.0
24,74,24,74,0.0
24,75,24,75,0.0
24,76,24,76,0.0
24,77,24,77,0.0
24,78,24,78,0.0
24,79,24,79,0.0
24,80,24,80,0.0
24,81,24,81,0.0
24,82,24,82,0.0
24,83,24,83,0.0
24,84,24,84,0.0
24,85,24,85,0.0
24,86,24,86,0.0
24,87,24,87,0.0
24,88,24,88,0.0
24,89,24,89,0.0
24,90,24,90,0.0
24,91,24,91,0.0
24,92,24,92,0.0
24,93,24,93,0.0
24,94,24,94,0.0
24,95,24,95,0.0
24,96,24,96,0.0
24,97,24,97,0.0
24,98,24,98,0.0
24,99,24,99,0.0
24,100,24,100,0.0
24,101,24,101,0.0
24,102,24,102,0.0
24,103,24,103,0.0
24,104,24,104,0.0
24,105,24,105,0.0
24,106,24,106,0.0
24,107,24,107,0.0
24,108,24,108,0.0
24,109,24,109,0.0
24,110,24,110,0.0
24,111,24,111,0.0
24,112,24,112,0.0
24,113,24,113,0.0
24,114,24,114,0.0
24,115,24,115,0.0
24,116,24,116,0.0
24,117,24,117,0.0
24,118,24,118,0.0
24,119,24,119,0.0
24,120,24,120,0.0
24,121,24,121,0.0
24,122,24,122,0.0
24,123,24,123,0.0
24,124,24,124,0.0
24,125,24,125,0.0
24,126,24,126,0.0
24,127,24,127,0.0
24,128,24,128,0.0
24,129,24,129,0.0
24,130,24,130,0.0
24,131,24,131,0.0
24,132,24,132,0.0
24,133,24,133,0.0
24,134,24,134,0.0
24,135,24,135,0.0
24,136,24,136,0.0
24,137,24,137,0.0
24,138,24,138,0.0
24,139,24,139,0.0
24,140,24,140,0.0
24,141,24,141,0.0
24,142,24,142,0.0
24,143,24,143,0.0
24,144,24,144,0.0
24,145,24,145,0.0
24,146,24,146,0.0
24,147,24,147,0.0
24,148,24,148,0.0
24,149,24,149,0.0
24,150,24,150,0.0
24,151,24,151,0.0
24,152,24,152,0.0
24,153,24,153,0.0
24,154,24,154,0.0
24,155,24,155,0.0
24,156,24,156,0.0
24,157,24,157,0.0
24,158,24,158,0.0
24,159,24,159,0.0
24,160,24,160,0.0
24,161,24,161,0.0
24,162,24,162,0.0
24,163,24,163,0.0
24,164,24,164,0.0
24,165,24,165,0.0
24,166,24,166,0.0
24,167,24,167,0.0
24,168,24,168,0.0
24,169,24,169,0.0
24,170,24,170,0.0
24,171,24,171,0.0
24,172,24,172,0.0
24,173,24,173,0.0
24,174,24,174,0.0
24,175,24,175,0.0
24,176,24,176,0.0
24,177,24,177,0.0
24,178,24,178,0.0
24,179,24,179,0.0
24,180,24,180,0.0
24,181,24,181,0.0
24,182,24,182,0.0
24,183,24,183,0.0
24,184,24,184,0.0
24,185,24,185,0.0
24,186,24,186,0.0
24,187,24,187,0.0
24,188,24,188,0.0
24,189,24,189,0.0
24,190,24,190,0.0
24,191,24,191,0.0
24,192,24,192,0.0
24,193,24,193,0.0
24,194,24,194,0.0
24,195,24,195,0.0
24,196,24,196,0.0
24,197,24,197,0.0
24,198,24,198,0.0
24,199,24,199,0.0
24,200,24,200,0.0
24,201,24,201,0.02717718755180745
24,202,24,202,0.0
24,203,24,203,0.0
24,204,24,204,0.0
24,205,24,205,0.0
24,206,24,206,0.0
24,207,24,207,-0.0025596759690566994
24,208,24,208,-0.05381091198622157
24,209,24,209,-0.057776748172254665
24,210,24,210,-0.05220934696279201
24,211,24,211,0.016314474857311245
24,212,24,212,0.0
24,213,24,213,-0.002232235493775479
24,214,24,214,0.0005093277960643428
24,215,24,215,0.021064634094914894
24,216,24,216,0.0
24,217,24,217,0.006677847582660777
24,218,24,218,0.006371273971890207
24,219,24,219,-0.007301306420024721
24,220,24,220,0.010286110267269567
24,221,24,221,-0.0029245897664200164
24,222,24,222,0.0064760291096824
24,223,24,223,0.0
24,224,24,224,-0.06787799516152687
24,225,24,225,-0.054624594309618454
24,226,24,226,-0.0698996009974445
24,227,24,227,-0.06422538854279665
24,228,24,228,0.0
24,229,24,229,0.0
24,230,24,230,0.0
24,231,24,231,0.0
24,232,24,232,0.0
24,233,24,233,0.007890401548129013
24,234,24,234,0.027816418411330254
24,235,24,235,0.030729877425107247
24,236,24,236,0.026723965277942994
24,237,24,237,0.01404190862107118
24,238,24,238,-0.0017664988103294724
24,239,24,239,-0.009120302102938696
24,240,24,240,0.004378301172672445
24,241,24,241,0.006313042309392006
24,242,24,242,0.0032419971661577763
24,243,24,243,0.0037743873575876146
24,244,24,244,0.0
24,245,24,245,0.0
24,246,24,246,0.0
24,247,24,247,0.0
24,248,24,248,0.0
24,249,24,249,0.0
24,250,24,250,-0.002455110057593325
24,251,24,251,-0.0025945679404852304
24,252,24,252,0.0026417946372136805
24,253,24,253,0.005335373782411706
24,254,24,254,0.0
24,255,24,255,0.0
24,256,24,256,-0.0031171367366955274
24,257,24,257,-0.00792048910480393
24,258,24,258,-3.78848825998631e-05
24,259,24,259,0.0007647638715216723
24,260,24,260,-0.0026266477427998145
24,261,24,261,-0.005376579353594748
24,262,24,262,-0.007748551136088784
24,263,24,263,0.0
24,264,24,264,0.0
24,265,24,265,0.01078181606168219
24,266,24,266,0.006348257485198826
24,267,24,267,0.0
24,268,24,268,0.0
24,269,24,269,0.0
24,270,24,270,0.0
24,271,24,271,0.0
24,272,24,272,0.0
24,273,24,273,0.0
24,274,24,274,0.0
24,275,24,275,0.0
24,276,24,276,-0.002652426779517729
24,277,24,277,0.0
24,278,24,278,0.0
24,279,24,279,0.0
24,280,24,280,0.0
24,281,24,281,0.0
24,282,24,282,0.0
24,283,24,283,-0.015472975908388165
24,284,24,284,-0.008968361323751528
24,285,24,285,-0.013764868069111673
24,286,24,286,-0.01222601236912986
24,287,24,287,-0.007292765016558619
24,288,24,288,-0.0033422059291350966
24,289,24,289,-0.01355181640395599
24,290,24,290,-0.006932841044671466
24,291,24,291,0.0
24,292,24,292,0.0
24,293,24,293,0.0
24,294,24,294,-0.0032710092237690554
24,295,24,295,-0.0026663566428188215
24,296,24,296,0.0
24,297,24,297,0.0
24,298,24,298,0.0
25,26,25,26,0.0
25,27,25,27,0.0
25,28,25,28,0.017420185512982342
25,29,25,29,0.10964569045239371
25,30,25,30,0.0
25,31,25,31,0.07733528295220846
25,32,25,32,0.018703068535018758
25,33,25,33,0.0
25,34,25,34,0.0
25,35,25,35,-0.04837388280754645
25,36,25,36,-0.031027056663941892
25,37,25,37,0.00967525218742269
25,38,25,38,-0.030274935463351742
25,39,25,39,0.0
25,40,25,40,0.0
25,41,25,41,0.0
25,42,25,42,0.0
25,43,25,43,-0.024309935666365037
25,44,25,44,0.0
25,45,25,45,0.0
25,46,25,46,0.0
25,47,25,47,0.0
25,48,25,48,0.0
25,49,25,49,0.0
25,50,25,50,0.0
25,51,25,51,0.0
25,52,25,52,0.0
25,53,25,53,0.0
25,54,25,54,0.0
25,55,25,55,0.0
25,56,25,56,0.0
25,57,25,57,0.0
25,58,25,58,0.0
25,59,25,59,0.0
25,60,25,60,0.0
25,61,25,61,0.0
25,62,25,62,0.0
25,63,25,63,0.0
25,64,25,64,0.0
25,65,25,65,0.0
25,66,25,66,0.0
25,67,25,67,0.0
25,68,25,68,0.0
25,69,25,69,0.0
25,70,25,70,0.0
25,71,25,71,0.0
25,72,25,72,0.0
25,73,25,73,0.0
25,74,25,74,0.0
25,75,25,75,0.0
25,76,25,76,0.0
25,77,25,77,0.0
25,78,25,78,0.0
25,79,25,79,0.0
25,80,25,80,0.0
25,81,25,81,0.0
25,82,25,82,0.0
25,83,25,83,0.0
25,84,25,84,0.0
25,85,25,85,0.0
25,86,25,86,0.0
25,87,25,87,0.0
25,88,25,88,0.0
25,89,25,89,0.0
25,90,25,90,0.0
25,91,25,91,0.0
25,92,25,92,0.0
25,93,25,93,0.0
25,94,25,94,0.0
25,95,25,95,0.0
25,96,25,96,0.0
25,97,25,97,0.0
25,98,25,98,0.0
25,99,25,99,0.0
25,100,25,100,0.0
25,101,25,101,0.0
25,102,25,102,0.0
25,103,25,103,0.0
25,104,25,104,0.0
25,105,25,105,0.0
25,106,25,106,0.0
25,107,25,107,0.0
25,108,25,108,0.0
25,109,25,109,0.0
25,110,25,110,0.0
25,111,25,111,0.0
25,112,25,112,0.0
25,113,25,113,0.0
25,114,25,114,0.0
25,115,25,115,0.0
25,116,25,116,0.0
25,117,25,117,0.0
25,118,25,118,0.0
25,119,25,119,0.0
25,120,25,120,0.0
25,121,25,121,0.0
25,122,25,122,0.0
25,123,25,123,0.0
25,124,25,124,0.0
25,125,25,125,0.0
25,126,25,126,0.0
25,127,25,127,0.0
25,128,25,128,0.0
25,129,25,129,0.0
25,130,25,130,0.0
25,131,25,131,0.0
25,132,25,132,0.0
25,133,25,133,0.0
25,134,25,134,0.0
25,135,25,135,0.0
25,136,25,136,0.0
25,137,25,137,0.0
25,138,25,138,0.0
25,139,25,139,0.0
25,140,25,140,0.0
25,141,25,141,0.0
25,142,25,142,0.0
25,143,25,143,0.0
25,144,25,144,0.0
25,145,25,145,0.0
25,146,25,146,0.0
25,147,25,147,0.0
25,148,25,148,0.0
25,149,25,149,0.0
25,150,25,150,0.0
25,151,25,151,0.0
25,152,25,152,0.0
25,153,25,153,0.0
25,154,25,154,0.0
25,155,25,155,0.0
25,156,25,156,0.0
25,157,25,157,0.0
25,158,25,158,0.0
25,159,25,159,0.0
25,160,25,160,0.0
25,161,25,161,0.0
25,162,25,162,0.0
25,163,25,163,0.0
25,164,25,164,0.0
25,165,25,165,0.0
25,166,25,166,0.0
25,167,25,167,0.0
25,168,25,168,0.0
25,169,25,169,0.0
25,170,25,170,0.0
25,171,25,171,0.0
25,172,25,172,0.0
25,173,25,173,0.0
25,174,25,174,0.0
25,175,25,175,0.0
25,176,25,176,0.0
25,177,25,177,0.0
25,178,25,178,0.0
25,179,25,179,0.0
25,180,25,180,0.0
25,181,25,181,0.0
25,182,25,182,0.0
25,183,25,183,0.0
25,184,25,184,0.0
25,185,25,185,0.0
25,186,25,186,0.0
25,187,25,187,0.0
25,188,25,188,0.0
25,189,25,189,0.0
25,190,25,190,0.0
25,191,25,191,0.0
25,192,25,192,0.0
25,193,25,193,0.0
25,194,25,194,0.0
25,195,25,195,0.0
25,196,25,196,0.0
25,197,25,197,0.0
25,198,25,198,0.0
25,199,25,199,0.0
25,200,25,200,0.0
25,201,25,201,-0.015136969825226524
25,202,25,202,0.0
25,203,25,203,0.0
25,204,25,204,0.0
25,205,25,205,0.0
25,206,25,206,0.0
25,207,25,207,-0.011881216694401184
25,208,25,208,-0.055119134953061415
25,209,25,209,0.03533591086576669
25,210,25,210,-0.016219659776558943
25,211,25,211,0.00876860452174796
25,212,25,212,0.0
25,213,25,213,0.02586725197396819
25,214,25,214,0.04997000524964605
25,215,25,215,0.755931960939403
25,216,25,216,0.0
25,217,25,217,0.008685318786009477
25,218,25,218,0.007583206885203234
25,219,25,219,0.00434546363175344
25,220,25,220,-0.005141802766719068
25,221,25,221,-0.001546204008680431
25,222,25,222,-0.0038224100012056914
25,223,25,223,0.0
25,224,25,224,0.043343613340040575
25,225,25,225,0.03490830568752609
25,226,25,226,0.04220297616156338
25,227,25,227,0.03880982197976296
25,228,25,228,0.0
25,229,25,229,0.0
25,230,25,230,0.0
25,231,25,231,0.0
25,232,25,232,0.0
25,233,25,233,-0.001455835351371808
25,234,25,234,-0.0062490325574165355
25,235,25,235,0.010287698373464289
25,236,25,236,0.03546742746416401
25,237,25,237,0.023165628806295285
25,238,25,238,0.006312323931907529
25,239,25,239,0.003287772858101957
25,240,25,240,0.012342250055757507
25,241,25,241,0.010535724550660824
25,242,25,242,0.01095484234644144
25,243,25,243,0.010933528674890012
25,244,25,244,0.0
25,245,25,245,0.0
25,246,25,246,0.0
25,247,25,247,0.0
25,248,25,248,0.0
25,249,25,249,0.0
25,250,25,250,0.011848930160377857
25,251,25,251,0.012050742201178266
25,252,25,252,-0.0119743003252978
25,253,25,253,-0.013333164257689368
25,254,25,254,0.0
25,255,25,255,0.0
25,256,25,256,0.010721479089940773
25,257,25,257,0.012138235262637643
25,258,25,258,-0.0029686096876722547
25,259,25,259,0.000859212891849948
25,260,25,260,0.0122129961354458
25,261,25,261,0.013246910537238294
25,262,25,262,0.0039430483700646805
25,263,25,263,0.0
25,264,25,264,0.0
25,265,25,265,0.007790192907165751
25,266,25,266,0.010093598032266319
25,267,25,267,0.0
25,268,25,268,0.0
25,269,25,269,0.0
25,270,25,270,0.0
25,271,25,271,0.0
25,272,25,272,0.0
25,273,25,273,0.0
25,274,25,274,0.0
25,275,25,275,0.0
25,276,25,276,0.009038658744318964
25,277,25,277,0.0
25,278,25,278,0.0
25,279,25,279,0.0
25,280,25,280,0.0
25,281,25,281,0.0
25,282,25,282,0.0
25,283,25,283,-3.5361072784105825e-05
25,284,25,284,0.007691223735658799
25,285,25,285,0.003757205321999732
25,286,25,286,0.004724076548172195
25,287,25,287,0.008642672002512621
25,288,25,288,0.007596268178166322
25,289,25,289,0.002105735157870107
25,290,25,290,0.010704734582272845
25,291,25,291,0.0
25,292,25,292,0.0
25,293,25,293,0.0
25,294,25,294,0.005558414078381844
25,295,25,295,0.005751501405700896
25,296,25,296,0.0
25,297,25,297,0.0
25,298,25,298,0.0
26,27,26,27,0.0
26,28,26,28,0.0
26,29,26,29,0.0
26,30,26,30,0.0
26,31,26,31,0.0
26,32,26,32,0.0
26,33,26,33,0.0
26,34,26,34,0.0
26,35,26,35,0.0
26,36,26,36,0.0
26,37,26,37,0.0
26,38,26,38,0.0
26,39,26,39,0.0
26,40,26,40,0.0
26,41,26,41,0.0
26,42,26,42,0.0
26,43,26,43,0.0
26,44,26,44,0.0
26,45,26,45,0.0
26,46,26,46,0.0
26,47,26,47,0.0
26,48,26,48,0.0
26,49,26,49,0.0
26,50,26,50,0.0
26,51,26,51,0.0
26,52,26,52,0.0
26,53,26,53,0.0
26,54,26,54,0.0
26,55,26,55,0.0
26,56,26,56,0.0
26,57,26,57,0.0
26,58,26,58,0.0
26,59,26,59,0.0
26,60,26,60,0.0
26,61,26,61,0.0
26,62,26,62,0.0
26,63,26,63,0.0
26,64,26,64,0.0
26,65,26,65,0.0
26,66,26,66,0.0
26,67,26,67,0.0
26,68,26,68,0.0
26,69,26,69,0.0
26,70,26,70,0.0
26,71,26,71,0.0
26,72,26,72,0.0
26,73,26,73,0.0
26,74,26,74,0.0
26,75,26,75,0.0
26,76,26,76,0.0
26,77,26,77,0.0
26,78,26,78,0.0
26,79,26,79,0.0
26,80,26,80,0.0
26,81,26,81,0.0
26,82,26,82,0.0
26,83,26,83,0.0
26,84,26,84,0.0
26,85,26,85,0.0
26,86,26,86,0.0
26,87,26,87,0.0
26,88,26,88,0.0
26,89,26,89,0.0
26,90,26,90,0.0
26,91,26,91,0.0
26,92,26,92,0.0
26,93,26,93,0.0
26,94,26,94,0.0
26,95,26,95,0.0
26,96,26,96,0.0
26,97,26,97,0.0
26,98,26,98,0.0
26,99,26,99,0.0
26,100,26,100,0.0
26,101,26,101,0.0
26,102,26,102,0.0
26,103,26,103,0.0
26,104,26,104,0.0
26,105,26,105,0.0
26,106,26,106,0.0
26,107,26,107,0.0
26,108,26,108,0.0
26,109,26,109,0.0
26,110,26,110,0.0
26,111,26,111,0.0
26,112,26,112,0.0
26,113,26,113,0.0
26,114,26,114,0.0
26,115,26,115,0.0
26,116,26,116,0.0
26,117,26,117,0.0
26,118,26,118,0.0
26,119,26,119,0.0
26,120,26,120,0.0
26,121,26,121,0.0
26,122,26,122,0.0
26,123,26,123,0.0
26,124,26,124,0.0
26,125,26,125,0.0
26,126,26,126,0.0
26,127,26,127,0.0
26,128,26,128,0.0
26,129,26,129,0.0
26,130,26,130,0.0
26,131,26,131,0.0
26,132,26,132,0.0
26,133,26,133,0.0
26,134,26,134,0.0
26,135,26,135,0.0
26,136,26,136,0.0
26,137,26,137,0.0
26,138,26,138,0.0
26,139,26,139,0.0
26,140,26,140,0.0
26,141,26,141,0.0
26,142,26,142,0.0
26,143,26,143,0.0
26,144,26,144,0.0
26,145,26,145,0.0
26,146,26,146,0.0
26,147,26,147,0.0
26,148,26,148,0.0
26,149,26,149,0.0
26,150,26,150,0.0
26,151,26,151,0.0
26,152,26,152,0.0
26,153,26,153,0.0
26,154,26,154,0.0
26,155,26,155,0.0
26,156,26,156,0.0
26,157,26,157,0.0
26,158,26,158,0.0
26,159,26,159,0.0
26,160,26,160,0.0
26,161,26,161,0.0
26,162,26,162,0.0
26,163,26,163,0.0
26,164,26,164,0.0
26,165,26,165,0.0
26,166,26,166,0.0
26,167,26,167,0.0
26,168,26,168,0.0
26,169,26,169,0.0
26,170,26,170,0.0
26,171,26,171,0.0
26,172,26,172,0.0
26,173,26,173,0.0
26,174,26,174,0.0
26,175,26,175,0.0
26,176,26,176,0.0
26,177,26,177,0.0
26,178,26,178,0.0
26,179,26,179,0.0
26,180,26,180,0.0
26,181,26,181,0.0
26,182,26,182,0.0
26,183,26,183,0.0
26,184,26,184,0.0
26,185,26,185,0.0
26,186,26,186,0.0
26,187,26,187,0.0
26,188,26,188,0.0
26,189,26,189,0.0
26,190,26,190,0.0
26,191,26,191,0.0
26,192,26,192,0.0
26,193,26,193,0.0
26,194,26,194,0.0
26,195,26,195,0.0
26,196,26,196,0.0
26,197,26,197,0.0
26,198,26,198,0.0
26,199,26,199,0.0
26,200,26,200,0.0
26,201,26,201,0.0
26,202,26,202,0.0
26,203,26,203,0.0
26,204,26,204,0.0
26,205,26,205,0.0
26,206,26,206,0.0
26,207,26,207,0.0
26,208,26,208,0.0
26,209,26,209,0.0
26,210,26,210,0.0
26,211,26,211,0.0
26,212,26,212,0.0
26,213,26,213,0.0
26,214,26,214,0.0
26,215,26,215,0.0
26,216,26,216,0.0
26,217,26,217,0.0
26,218,26,218,0.0
26,219,26,219,0.0
26,220,26,220,0.0
26,221,26,221,0.0
26,222,26,222,0.0
26,223,26,223,0.0
26,224,26,224,0.0
26,225,26,225,0.0
26,226,26,226,0.0
26,227,26,227,0.0
26,228,26,228,0.0
26,229,26,229,0.0
26,230,26,230,0.0
26,231,26,231,0.0
26,232,26,232,0.0
26,233,26,233,0.0
26,234,26,234,0.0
26,235,26,235,0.0
26,236,26,236,0.0
26,237,26,237,0.0
26,238,26,238,0.0
26,239,26,239,0.0
26,240,26,240,0.0
26,241,26,241,0.0
26,242,26,242,0.0
26,243,26,243,0.0
26,244,26,244,0.0
26,245,26,245,0.0
26,246,26,246,0.0
26,247,26,247,0.0
26,248,26,248,0.0
26,249,26,249,0.0
26,250,26,250,0.0
26,251,26,251,0.0
26,252,26,252,0.0
26,253,26,253,0.0
26,254,26,254,0.0
26,255,26,255,0.0
26,256,26,256,0.0
26,257,26,257,0.0
26,258,26,258,0.0
26,259,26,259,0.0
26,260,26,260,0.0
26,261,26,261,0.0
26,262,26,262,0.0
26,263,26,263,0.0
26,264,26,264,0.0
26,265,26,265,0.0
26,266,26,266,0.0
26,267,26,267,0.0
26,268,26,268,0.0
26,269,26,269,0.0
26,270,26,270,0.0
26,271,26,271,0.0
26,272,26,272,0.0
26,273,26,273,0.0
26,274,26,274,0.0
26,275,26,275,0.0
26,276,26,276,0.0
26,277,26,277,0.0
26,278,26,278,0.0
26,279,26,279,0.0
26,280,26,280,0.0
26,281,26,281,0.0
26,282,26,282,0.0
26,283,26,283,0.0
26,284,26,284,0.0
26,285,26,285,0.0
26,286,26,286,0.0
26,287,26,287,0.0
26,288,26,288,0.0
26,289,26,289,0.0
26,290,26,290,0.0
26,291,26,291,0.0
26,292,26,292,0.0
26,293,26,293,0.0
26,294,26,294,0.0
26,295,26,295,0.0
26,296,26,296,0.0
26,297,26,297,0.0
26,298,26,298,0.0
27,28,27,28,0.0
27,29,27,29,0.0
27,30,27,30,0.0
27,31,27,31,0.0
27,32,27,32,0.0
27,33,27,33,0.0
27,34,27,34,0.0
27,35,27,35,0.0
27,36,27,36,0.0
27,37,27,37,0.0
27,38,27,38,0.0
27,39,27,39,0.0
27,40,27,40,0.0
27,41,27,41,0.0
27,42,27,42,0.0
27,43,27,43,0.0
27,44,27,44,0.0
27,45,27,45,0.0
27,46,27,46,0.0
27,47,27,47,0.0
27,48,27,48,0.0
27,49,27,49,0.0
27,50,27,50,0.0
27,51,27,51,0.0
27,52,27,52,0.0
27,53,27,53,0.0
27,54,27,54,0.0
27,55,27,55,0.0
27,56,27,56,0.0
27,57,27,57,0.0
27,58,27,58,0.0
27,59,27,59,0.0
27,60,27,60,0.0
27,61,27,61,0.0
27,62,27,62,0.0
27,63,27,63,0.0
27,64,27,64,0.0
27,65,27,65,0.0
27,66,27,66,0.0
27,67,27,67,0.0
27,68,27,68,0.0
27,69,27,69,0.0
27,70,27,70,0.0
27,71,27,71,0.0
27,72,27,72,0.0
27,73,27,73,0.0
27,74,27,74,0.0
27,75,27,75,0.0
27,76,27,76,0.0
27,77,27,77,0.0
27,78,27,78,0.0
27,79,27,79,0.0
27,80,27,80,0.0
27,81,27,81,0.0
27,82,27,82,0.0
27,83,27,83,0.0
27,84,27,84,0.0
27,85,27,85,0.0
27,86,27,86,0.0
27,87,27,87,0.0
27,88,27,88,0.0
27,89,27,89,0.0
27,90,27,90,0.0
27,91,27,91,0.0
27,92,27,92,0.0
27,93,27,93,0.0
27,94,27,94,0.0
27,95,27,95,0.0
27,96,27,96,0.0
27,97,27,97,0.0
27,98,27,98,0.0
27,99,27,99,0.0
27,100,27,100,0.0
27,101,27,101,0.0
27,102,27,102,0.0
27,103,27,103,0.0
27,104,27,104,0.0
27,105,27,105,0.0
27,106,27,106,0.0
27,107,27,107,0.0
27,108,27,108,0.0
27,109,27,109,0.0
27,110,27,110,0.0
27,111,27,111,0.0
27,112,27,112,0.0
27,113,27,113,0.0
27,114,27,114,0.0
27,115,27,115,0.0
27,116,27,116,0.0
27,117,27,117,0.0
27,118,27,118,0.0
27,119,27,119,0.0
27,120,27,120,0.0
27,121,27,121,0.0
27,122,27,122,0.0
27,123,27,123,0.0
27,124,27,124,0.0
27,125,27,125,0.0
27,126,27,126,0.0
27,127,27,127,0.0
27,128,27,128,0.0
27,129,27,129,0.0
27,130,27,130,0.0
27,131,27,131,0.0
27,132,27,132,0.0
27,133,27,133,0.0
27,134,27,134,0.0
27,135,27,135,0.0
27,136,27,136,0.0
27,137,27,137,0.0
27,138,27,138,0.0
27,139,27,139,0.0
27,140,27,140,0.0
27,141,27,141,0.0
27,142,27,142,0.0
27,143,27,143,0.0
27,144,27,144,0.0
27,145,27,145,0.0
27,146,27,146,0.0
27,147,27,147,0.0
27,148,27,148,0.0
27,149,27,149,0.0
27,150,27,150,0.0
27,151,27,151,0.0
27,152,27,152,0.0
27,153,27,153,0.0
27,154,27,154,0.0
27,155,27,155,0.0
27,156,27,156,0.0
27,157,27,157,0.0
27,158,27,158,0.0
27,159,27,159,0.0
27,160,27,160,0.0
27,161,27,161,0.0
27,162,27,162,0.0
27,163,27,163,0.0
27,164,27,164,0.0
27,165,27,165,0.0
27,166,27,166,0.0
27,167,27,167,0.0
27,168,27,168,0.0
27,169,27,169,0.0
27,170,27,170,0.0
27,171,27,171,0.0
27,172,27,172,0.0
27,173,27,173,0.0
27,174,27,174,0.0
27,175,27,175,0.0
27,176,27,176,0.0
27,177,27,177,0.0
27,178,27,178,0.0
27,179,27,179,0.0
27,180,27,180,0.0
27,181,27,181,0.0
27,182,27,182,0.0
27,183,27,183,0.0
27,184,27,184,0.0
27,185,27,185,0.0
27,186,27,186,0.0
27,187,27,187,0.0
27,188,27,188,0.0
27,189,27,189,0.0
27,190,27,190,0.0
27,191,27,191,0.0
27,192,27,192,0.0
27,193,27,193,0.0
27,194,27,194,0.0
27,195,27,195,0.0
27,196,27,196,0.0
27,197,27,197,0.0
27,198,27,198,0.0
27,199,27,199,0.0
27,200,27,200,0.0
27,201,27,201,0.0
27,202,27,202,0.0
27,203,27,203,0.0
27,204,27,204,0.0
27,205,27,205,0.0
27,206,27,206,0.0
27,207,27,207,0.0
27,208,27,208,0.0
27,209,27,209,0.0
27,210,27,210,0.0
27,211,27,211,0.0
27,212,27,212,0.0
27,213,27,213,0.0
27,214,27,214,0.0
27,215,27,215,0.0
27,216,27,216,0.0
27,217,27,217,0.0
27,218,27,218,0.0
27,219,27,219,0.0
27,220,27,220,0.0
27,221,27,221,0.0
27,222,27,222,0.0
27,223,27,223,0.0
27,224,27,224,0.0
27,225,27,225,0.0
27,226,27,226,0.0
27,227,27,227,0.0
27,228,27,228,0.0
27,229,27,229,0.0
27,230,27,230,0.0
27,231,27,231,0.0
27,232,27,232,0.0
27,233,27,233,0.0
27,234,27,234,0.0
27,235,27,235,0.0
27,236,27,236,0.0
27,237,27,237,0.0
27,238,27,238,0.0
27,239,27,239,0.0
27,240,27,240,0.0
27,241,27,241,0.0
27,242,27,242,0.0
27,243,27,243,0.0
27,244,27,244,0.0
27,245,27,245,0.0
27,246,27,246,0.0
27,247,27,247,0.0
27,248,27,248,0.0
27,249,27,249,0.0
27,250,27,250,0.0
27,251,27,251,0.0
27,252,27,252,0.0
27,253,27,253,0.0
27,254,27,254,0.0
27,255,27,255,0.0
27,256,27,256,0.0
27,257,27,257,0.0
27,258,27,258,0.0
27,259,27,259,0.0
27,260,27,260,0.0
27,261,27,261,0.0
27,262,27,262,0.0
27,263,27,263,0.0
27,264,27,264,0.0
27,265,27,265,0.0
27,266,27,266,0.0
27,267,27,267,0.0
27,268,27,268,0.0
27,269,27,269,0.0
27,270,27,270,0.0
27,271,27,271,0.0
27,272,27,272,0.0
27,273,27,273,0.0
27,274,27,274,0.0
27,275,27,275,0.0
27,276,27,276,0.0
27,277,27,277,0.0
27,278,27,278,0.0
27,279,27,279,0.0
27,280,27,280,0.0
27,281,27,281,0.0
27,282,27,282,0.0
27,283,27,283,0.0
27,284,27,284,0.0
27,285,27,285,0.0
27,286,27,286,0.0
27,287,27,287,0.0
27,288,27,288,0.0
27,289,27,289,0.0
27,290,27,290,0.0
27,291,27,291,0.0
27,292,27,292,0.0
27,293,27,293,0.0
27,294,27,294,0.0
27,295,27,295,0.0
27,296,27,296,0.0
27,297,27,297,0.0
27,298,27,298,0.0
28,29,28,29,0.038954911216585515
28,30,28,30,0.0
28,31,28,31,0.017761052203946408
28,32,28,32,0.03507611974570659
28,33,28,33,0.0
28,34,28,34,0.0
28,35,28,35,-0.03297531366256255
28,36,28,36,0.03654631375619985
28,37,28,37,-0.00035647900787141596
28,38,28,38,0.03973779018804552
28,39,28,39,0.0
28,40,28,40,0.0
28,41,28,41,0.0
28,42,28,42,0.0
28,43,28,43,-0.11564515929097859
28,44,28,44,0.0
28,45,28,45,0.0
28,46,28,46,0.0
28,47,28,47,0.0
28,48,28,48,0.0
28,49,28,49,0.0
28,50,28,50,0.0
28,51,28,51,0.0
28,52,28,52,0.0
28,53,28,53,0.0
28,54,28,54,0.0
28,55,28,55,0.0
28,56,28,56,0.0
28,57,28,57,0.0
28,58,28,58,0.0
28,59,28,59,0.0
28,60,28,60,0.0
28,61,28,61,0.0
28,62,28,62,0.0
28,63,28,63,0.0
28,64,28,64,0.0
28,65,28,65,0.0
28,66,28,66,0.0
28,67,28,67,0.0
28,68,28,68,0.0
28,69,28,69,0.0
28,70,28,70,0.0
28,71,28,71,0.0
28,72,28,72,0.0
28,73,28,73,0.0
28,74,28,74,0.0
28,75,28,75,0.0
28,76,28,76,0.0
28,77,28,77,0.0
28,78,28,78,0.0
28,79,28,79,0.0
28,80,28,80,0.0
28,81,28,81,0.0
28,82,28,82,0.0
28,83,28,83,0.0
28,84,28,84,0.0
28,85,28,85,0.0
28,86,28,86,0.0
28,87,28,87,0.0
28,88,28,88,0.0
28,89,28,89,0.0
28,90,28,90,0.0
28,91,28,91,0.0
28,92,28,92,0.0
28,93,28,93,0.0
28,94,28,94,0.0
28,95,28,95,0.0
28,96,28,96,0.0
28,97,28,97,0.0
28,98,28,98,0.0
28,99,28,99,0.0
28,100,28,100,0.0
28,101,28,101,0.0
28,102,28,102,0.0
28,103,28,103,0.0
28,104,28,104,0.0
28,105,28,105,0.0
28,106,28,106,0.0
28,107,28,107,0.0
28,108,28,108,0.0
28,109,28,109,0.0
28,110,28,110,0.0
28,111,28,111,0.0
28,112,28,112,0.0
28,113,28,113,0.0
28,114,28,114,0.0
28,115,28,115,0.0
28,116,28,116,0.0
28,117,28,117,0.0
28,118,28,118,0.0
28,119,28,119,0.0
28,120,28,120,0.0
28,121,28,121,0.0
28,122,28,122,0.0
28,123,28,123,0.0
28,124,28,124,0.0
28,125,28,125,0.0
28,126,28,126,0.0
28,127,28,127,0.0
28,128,28,128,0.0
28,129,28,129,0.0
28,130,28,130,0.0
28,131,28,131,0.0
28,132,28,132,0.0
28,133,28,133,0.0
28,134,28,134,0.0
28,135,28,135,0.0
28,136,28,136,0.0
28,137,28,137,0.0
28,138,28,138,0.0
28,139,28,139,0.0
28,140,28,140,0.0
28,141,28,141,0.0
28,142,28,142,0.0
28,143,28,143,0.0
28,144,28,144,0.0
28,145,28,145,0.0
28,146,28,146,0.0
28,147,28,147,0.0
28,148,28,148,0.0
28,149,28,149,0.0
28,150,28,150,0.0
28,151,28,151,0.0
28,152,28,152,0.0
28,153,28,153,0.0
28,154,28,154,0.0
28,155,28,155,0.0
28,156,28,156,0.0
28,157,28,157,0.0
28,158,28,158,0.0
28,159,28,159,0.0
28,160,28,160,0.0
28,161,28,161,0.0
28,162,28,162,0.0
28,163,28,163,0.0
28,164,28,164,0.0
28,165,28,165,0.0
28,166,28,166,0.0
28,167,28,167,0.0
28,168,28,168,0.0
28,169,28,169,0.0
28,170,28,170,0.0
28,171,28,171,0.0
28,172,28,172,0.0
28,173,28,173,0.0
28,174,28,174,0.0
28,175,28,175,0.0
28,176,28,176,0.0
28,177,28,177,0.0
28,178,28,178,0.0
28,179,28,179,0.0
28,180,28,180,0.0
28,181,28,181,0.0
28,182,28,182,0.0
28,183,28,183,0.0
28,184,28,184,0.0
28,185,28,185,0.0
28,186,28,186,0.0
28,187,28,187,0.0
28,188,28,188,0.0
28,189,28,189,0.0
28,190,28,190,0.0
28,191,28,191,0.0
28,192,28,192,0.0
28,193,28,193,0.0
28,194,28,194,0.0
28,195,28,195,0.0
28,196,28,196,0.0
28,197,28,197,0.0
28,198,28,198,0.0
28,199,28,199,0.0
28,200,28,200,0.0
28,201,28,201,0.06673358993200214
28,202,28,202,0.0
28,203,28,203,0.0
28,204,28,204,0.0
28,205,28,205,0.0
28,206,28,206,0.0
28,207,28,207,0.05056827653451742
28,208,28,208,-0.0533023007125886
28,209,28,209,-0.14527695010071082
28,210,28,210,-0.05426160873510748
28,211,28,211,0.0370879457045316
28,212,28,212,0.0
28,213,28,213,0.00304619517188951
28,214,28,214,0.002521535160215799
28,215,28,215,0.018318429589766726
28,216,28,216,0.0
28,217,28,217,0.01821199213200464
28,218,28,218,0.018286966125655772
28,219,28,219,-0.00861538230070952
28,220,28,220,0.04863071548433632
28,221,28,221,0.027593611868577197
28,222,28,222,0.045748238189668375
28,223,28,223,0.0
28,224,28,224,-0.15832417781604857
28,225,28,225,-0.13710284458832922
28,226,28,226,-0.16396183547016807
28,227,28,227,-0.15280083693897473
28,228,28,228,0.0
28,229,28,229,0.0
28,230,28,230,0.0
28,231,28,231,0.0
28,232,28,232,0.0
28,233,28,233,0.016068190215204944
28,234,28,234,0.07148970212185403
28,235,28,235,0.0018988861845573377
28,236,28,236,0.01008688482202693
28,237,28,237,0.011198318726179317
28,238,28,238,0.01564976408999368
28,239,28,239,0.001705826053137114
28,240,28,240,0.009400540369920324
28,241,28,241,0.018284161848955257
28,242,28,242,0.012418342962465405
28,243,28,243,0.012963702441313995
28,244,28,244,0.0
28,245,28,245,0.0
28,246,28,246,0.0
28,247,28,247,0.0
28,248,28,248,0.0
28,249,28,249,0.0
28,250,28,250,0.011079150101011752
28,251,28,251,0.011153708555109268
28,252,28,252,-0.009941450809612997
28,253,28,253,-0.007458444527947982
28,254,28,254,0.0
28,255,28,255,0.0
28,256,28,256,0.01323597462557086
28,257,28,257,0.00853794835036162
28,258,28,258,0.0031835776392065726
28,259,28,259,-0.0010569598836618695
28,260,28,260,0.009586820034303027
28,261,28,261,0.007515218817650601
28,262,28,262,0.007189419468430112
28,263,28,263,0.0
28,264,28,264,0.0
28,265,28,265,0.02766367298756582
28,266,28,266,0.01709732710436738
28,267,28,267,0.0
28,268,28,268,0.0
28,269,28,269,0.0
28,270,28,270,0.0
28,271,28,271,0.0
28,272,28,272,0.0
28,273,28,273,0.0
28,274,28,274,0.0
28,275,28,275,0.0
28,276,28,276,0.012024694895051946
28,277,28,277,0.0
28,278,28,278,0.0
28,279,28,279,0.0
28,280,28,280,0.0
28,281,28,281,0.0
28,282,28,282,0.0
28,283,28,283,0.009243943189292161
28,284,28,284,0.011912797899201305
28,285,28,285,0.007793856888531651
28,286,28,286,0.010601409653443295
28,287,28,287,0.014655143271561593
28,288,28,288,0.009712354426588793
28,289,28,289,0.0074003139514512645
28,290,28,290,0.011096470917596633
28,291,28,291,0.0
28,292,28,292,0.0
28,293,28,293,0.0
28,294,28,294,0.012603140312643273
28,295,28,295,0.01362290095278014
28,296,28,296,0.0
28,297,28,297,0.0
28,298,28,298,0.0
29,30,29,30,0.0
29,31,29,31,0.06576812612969771
29,32,29,32,0.03684246174121997
29,33,29,33,0.0
29,34,29,34,0.0
29,35,29,35,-0.025820384133726722
29,36,29,36,0.002321846725659947
29,37,29,37,0.04767982458933126
29,38,29,38,-0.002265505698011198
29,39,29,39,0.0
29,40,29,40,0.0
29,41,29,41,0.0
29,42,29,42,0.0
29,43,29,43,-0.08950986714303603
29,44,29,44,0.0
29,45,29,45,0.0
29,46,29,46,0.0
29,47,29,47,0.0
29,48,29,48,0.0
29,49,29,49,0.0
29,50,29,50,0.0
29,51,29,51,0.0
29,52,29,52,0.0
29,53,29,53,0.0
29,54,29,54,0.0
29,55,29,55,0.0
29,56,29,56,0.0
29,57,29,57,0.0
29,58,29,58,0.0
29,59,29,59,0.0
29,60,29,60,0.0
29,61,29,61,0.0
29,62,29,62,0.0
29,63,29,63,0.0
29,64,29,64,0.0
29,65,29,65,0.0
29,66,29,66,0.0
29,67,29,67,0.0
29,68,29,68,0.0
29,69,29,69,0.0
29,70,29,70,0.0
29,71,29,71,0.0
29,72,29,72,0.0
29,73,29,73,0.0
29,74,29,74,0.0
29,75,29,75,0.0
29,76,29,76,0.0
29,77,29,77,0.0
29,78,29,78,0.0
29,79,29,79,0.0
29,80,29,80,0.0
29,81,29,81,0.0
29,82,29,82,0.0
29,83,29,83,0.0
29,84,29,84,0.0
29,85,29,85,0.0
29,86,29,86,0.0
29,87,29,87,0.0
29,88,29,88,0.0
29,89,29,89,0.0
29,90,29,90,0.0
29,91,29,91,0.0
29,92,29,92,0.0
29,93,29,93,0.0
29,94,29,94,0.0
29,95,29,95,0.0
29,96,29,96,0.0
29,97,29,97,0.0
29,98,29,98,0.0
29,99,29,99,0.0
29,100,29,100,0.0
29,101,29,101,0.0
29,102,29,102,0.0
29,103,29,103,0.0
29,104,29,104,0.0
29,105,29,105,0.0
29,106,29,106,0.0
29,107,29,107,0.0
29,108,29,108,0.0
29,109,29,109,0.0
29,110,29,110,0.0
29,111,29,111,0.0
29,112,29,112,0.0
29,113,29,113,0.0
29,114,29,114,0.0
29,115,29,115,0.0
29,116,29,116,0.0
29,117,29,117,0.0
29,118,29,118,0.0
29,119,29,119,0.0
29,120,29,120,0.0
29,121,29,121,0.0
29,122,29,122,0.0
29,123,29,123,0.0
29,124,29,124,0.0
29,125,29,125,0.0
29,126,29,126,0.0
29,127,29,127,0.0
29,128,29,128,0.0
29,129,29,129,0.0
29,130,29,130,0.0
29,131,29,131,0.0
29,132,29,132,0.0
29,133,29,133,0.0
29,134,29,134,0.0
29,135,29,135,0.0
29,136,29,136,0.0
29,137,29,137,0.0
29,138,29,138,0.0
29,139,29,139,0.0
29,140,29,140,0.0
29,141,29,141,0.0
29,142,29,142,0.0
29,143,29,143,0.0
29,144,29,144,0.0
29,145,29,145,0.0
29,146,29,146,0.0
29,147,29,147,0.0
29,148,29,148,0.0
29,149,29,149,0.0
29,150,29,150,0.0
29,151,29,151,0.0
29,152,29,152,0.0
29,153,29,153,0.0
29,154,29,154,0.0
29,155,29,155,0.0
29,156,29,156,0.0
29,157,29,157,0.0
29,158,29,158,0.0
29,159,29,159,0.0
29,160,29,160,0.0
29,161,29,161,0.0
29,162,29,162,0.0
29,163,29,163,0.0
29,164,29,164,0.0
29,165,29,165,0.0
29,166,29,166,0.0
29,167,29,167,0.0
29,168,29,168,0.0
29,169,29,169,0.0
29,170,29,170,0.0
29,171,29,171,0.0
29,172,29,172,0.0
29,173,29,173,0.0
29,174,29,174,0.0
29,175,29,175,0.0
29,176,29,176,0.0
29,177,29,177,0.0
29,178,29,178,0.0
29,179,29,179,0.0
29,180,29,180,0.0
29,181,29,181,0.0
29,182,29,182,0.0
29,183,29,183,0.0
29,184,29,184,0.0
29,185,29,185,0.0
29,186,29,186,0.0
29,187,29,187,0.0
29,188,29,188,0.0
29,189,29,189,0.0
29,190,29,190,0.0
29,191,29,191,0.0
29,192,29,192,0.0
29,193,29,193,0.0
29,194,29,194,0.0
29,195,29,195,0.0
29,196,29,196,0.0
29,197,29,197,0.0
29,198,29,198,0.0
29,199,29,199,0.0
29,200,29,200,0.0
29,201,29,201,0.02823801930059654
29,202,29,202,0.0
29,203,29,203,0.0
29,204,29,204,0.0
29,205,29,205,0.0
29,206,29,206,0.0
29,207,29,207,0.0023024447015571213
29,208,29,208,-0.08141332203692214
29,209,29,209,-0.04909888217802181
29,210,29,210,-0.0427564491829851
29,211,29,211,0.033381148608924355
29,212,29,212,0.0
29,213,29,213,-0.06064086320349294
29,214,29,214,-0.04463191549481007
29,215,29,215,0.11012891370796044
29,216,29,216,0.0
29,217,29,217,0.014369951692607704
29,218,29,218,0.013867167978009787
29,219,29,219,-2.837795825320672e-06
29,220,29,220,0.02772389491833728
29,221,29,221,0.02001537021066121
29,222,29,222,0.02769898730031424
29,223,29,223,0.0
29,224,29,224,-0.06364145446129026
29,225,29,225,-0.04566980446360298
29,226,29,226,-0.0672055086606282
29,227,29,227,-0.06767071379656348
29,228,29,228,0.0
29,229,29,229,0.0
29,230,29,230,0.0
29,231,29,231,0.0
29,232,29,232,0.0
29,233,29,233,0.013515947589033357
29,234,29,234,0.03661499024513329
29,235,29,235,0.0479420112265167
29,236,29,236,0.055568827651696164
29,237,29,237,0.07528153553910151
29,238,29,238,-0.004879446191485755
29,239,29,239,-0.0004991272243915237
29,240,29,240,0.014635645184882477
29,241,29,241,0.015280076320744676
29,242,29,242,0.012619861084194453
29,243,29,243,0.012432304339168544
29,244,29,244,0.0
29,245,29,245,0.0
29,246,29,246,0.0
29,247,29,247,0.0
29,248,29,248,0.0
29,249,29,249,0.0
29,250,29,250,0.013755858277735592
29,251,29,251,0.012841101259461066
29,252,29,252,-0.015726709587963468
29,253,29,253,-0.014502278216420037
29,254,29,254,0.0
29,255,29,255,0.0
29,256,29,256,0.011740268302495402
29,257,29,257,0.011288995325650815
29,258,29,258,-0.005121870066819652
29,259,29,259,-0.0026286797375432635
29,260,29,260,0.016159901998260635
29,261,29,261,0.014651844122953743
29,262,29,262,-0.0011811470842133676
29,263,29,263,0.0
29,264,29,264,0.0
29,265,29,265,0.012721535147463273
29,266,29,266,0.008503605920811447
29,267,29,267,0.0
29,268,29,268,0.0
29,269,29,269,0.0
29,270,29,270,0.0
29,271,29,271,0.0
29,272,29,272,0.0
29,273,29,273,0.0
29,274,29,274,0.0
29,275,29,275,0.0
29,276,29,276,0.009675915093197738
29,277,29,277,0.0
29,278,29,278,0.0
29,279,29,279,0.0
29,280,29,280,0.0
29,281,29,281,0.0
29,282,29,282,0.0
29,283,29,283,-0.011606410280790104
29,284,29,284,0.0025785242807668195
29,285,29,285,-0.006983535207473558
29,286,29,286,-0.0038369404637692375
29,287,29,287,0.005820077676684834
29,288,29,288,0.006219721050034792
29,289,29,289,-0.009166095297807614
29,290,29,290,0.006897198900890261
29,291,29,291,0.0
29,292,29,292,0.0
29,293,29,293,0.0
29,294,29,294,0.007341795329732499
29,295,29,295,0.007819972099873567
29,296,29,296,0.0
29,297,29,297,0.0
29,298,29,298,0.0
30,31,30,31,0.0
30,32,30,32,0.0
30,33,30,33,0.0
30,34,30,34,0.0
30,35,30,35,0.0
30,36,30,36,0.0
30,37,30,37,0.0
30,38,30,38,0.0
30,39,30,39,0.0
30,40,30,40,0.0
30,41,30,41,0.0
30,42,30,42,0.0
30,43,30,43,0.0
30,44,30,44,0.0
30,45,30,45,0.0
30,46,30,46,0.0
30,47,30,47,0.0
30,48,30,48,0.0
30,49,30,49,0.0
30,50,30,50,0.0
30,51,30,51,0.0
30,52,30,52,0.0
30,53,30,53,0.0
30,54,30,54,0.0
30,55,30,55,0.0
30,56,30,56,0.0
30,57,30,57,0.0
30,58,30,58,0.0
30,59,30,59,0.0
30,60,30,60,0.0
30,61,30,61,0.0
30,62,30,62,0.0
30,63,30,63,0.0
30,64,30,64,0.0
30,65,30,65,0.0
30,66,30,66,0.0
30,67,30,67,0.0
30,68,30,68,0.0
30,69,30,69,0.0
30,70,30,70,0.0
30,71,30,71,0.0
30,72,30,72,0.0
30,73,30,73,0.0
30,74,30,74,0.0
30,75,30,75,0.0
30,76,30,76,0.0
30,77,30,77,0.0
30,78,30,78,0.0
30,79,30,79,0.0
30,80,30,80,0.0
30,81,30,81,0.0
30,82,30,82,0.0
30,83,30,83,0.0
30,84,30,84,0.0
30,85,30,85,0.0
30,86,30,86,0.0
30,87,30,87,0.0
30,88,30,88,0.0
30,89,30,89,0.0
30,90,30,90,0.0
30,91,30,91,0.0
30,92,30,92,0.0
30,93,30,93,0.0
30,94,30,94,0.0
30,95,30,95,0.0
30,96,30,96,0.0
30,97,30,97,0.0
30,98,30,98,0.0
30,99,30,99,0.0
30,100,30,100,0.0
30,101,30,101,0.0
30,102,30,102,0.0
30,103,30,103,0.0
30,104,30,104,0.0
30,105,30,105,0.0
30,106,30,106,0.0
30,107,30,107,0.0
30,108,30,108,0.0
30,109,30,109,0.0
30,110,30,110,0.0
30,111,30,111,0.0
30,112,30,112,0.0
30,113,30,113,0.0
30,114,30,114,0.0
30,115,30,115,0.0
30,116,30,116,0.0
30,117,30,117,0.0
30,118,30,118,0.0
30,119,30,119,0.0
30,120,30,120,0.0
30,121,30,121,0.0
30,122,30,122,0.0
30,123,30,123,0.0
30,124,30,124,0.0
30,125,30,125,0.0
30,126,30,126,0.0
30,127,30,127,0.0
30,128,30,128,0.0
30,129,30,129,0.0
30,130,30,130,0.0
30,131,30,131,0.0
30,132,30,132,0.0
30,133,30,133,0.0
30,134,30,134,0.0
30,135,30,135,0.0
30,136,30,136,0.0
30,137,30,137,0.0
30,138,30,138,0.0
30,139,30,139,0.0
30,140,30,140,0.0
30,141,30,141,0.0
30,142,30,142,0.0
30,143,30,143,0.0
30,144,30,144,0.0
30,145,30,145,0.0
30,146,30,146,0.0
30,147,30,147,0.0
30,148,30,148,0.0
30,149,30,149,0.0
30,150,30,150,0.0
30,151,30,151,0.0
30,152,30,152,0.0
30,153,30,153,0.0
30,154,30,154,0.0
30,155,30,155,0.0
30,156,30,156,0.0
30,157,30,157,0.0
30,158,30,158,0.0
30,159,30,159,0.0
30,160,30,160,0.0
30,161,30,161,0.0
30,162,30,162,0.0
30,163,30,163,0.0
30,164,30,164,0.0
30,165,30,165,0.0
30,166,30,166,0.0
30,167,30,167,0.0
30,168,30,168,0.0
30,169,30,169,0.0
30,170,30,170,0.0
30,171,30,171,0.0
30,172,30,172,0.0
30,173,30,173,0.0
30,174,30,174,0.0
30,175,30,175,0.0
30,176,30,176,0.0
30,177,30,177,0.0
30,178,30,178,0.0
30,179,30,179,0.0
30,180,30,180,0.0
30,181,30,181,0.0
30,182,30,182,0.0
30,183,30,183,0.0
30,184,30,184,0.0
30,185,30,185,0.0
30,186,30,186,0.0
30,187,30,187,0.0
30,188,30,188,0.0
30,189,30,189,0.0
30,190,30,190,0.0
30,191,30,191,0.0
30,192,30,192,0.0
30,193,30,193,0.0
30,194,30,194,0.0
30,195,30,195,0.0
30,196,30,196,0.0
30,197,30,197,0.0
30,198,30,198,0.0
30,199,30,199,0.0
30,200,30,200,0.0
30,201,30,201,0.0
30,202,30,202,0.0
30,203,30,203,0.0
30,204,30,204,0.0
30,205,30,205,0.0
30,206,30,206,0.0
30,207,30,207,0.0
30,208,30,208,0.0
30,209,30,209,0.0
30,210,30,210,0.0
30,211,30,211,0.0
30,212,30,212,0.0
30,213,30,213,0.0
30,214,30,214,0.0
30,215,30,215,0.0
30,216,30,216,0.0
30,217,30,217,0.0
30,218,30,218,0.0
30,219,30,219,0.0
30,220,30,220,0.0
30,221,30,221,0.0
30,222,30,222,0.0
30,223,30,223,0.0
30,224,30,224,0.0
30,225,30,225,0.0
30,226,30,226,0.0
30,227,30,227,0.0
30,228,30,228,0.0
30,229,30,229,0.0
30,230,30,230,0.0
30,231,30,231,0.0
30,232,30,232,0.0
30,233,30,233,0.0
30,234,30,234,0.0
30,235,30,235,0.0
30,236,30,236,0.0
30,237,30,237,0.0
30,238,30,238,0.0
30,239,30,239,0.0
30,240,30,240,0.0
30,241,30,241,0.0
30,242,30,242,0.0
30,243,30,243,0.0
30,244,30,244,0.0
30,245,30,245,0.0
30,246,30,246,0.0
30,247,30,247,0.0
30,248,30,248,0.0
30,249,30,249,0.0
30,250,30,250,0.0
30,251,30,251,0.0
30,252,30,252,0.0
30,253,30,253,0.0
30,254,30,254,0.0
30,255,30,255,0.0
30,256,30,256,0.0
30,257,30,257,0.0
30,258,30,258,0.0
30,259,30,259,0.0
30,260,30,260,0.0
30,261,30,261,0.0
30,262,30,262,0.0
30,263,30,263,0.0
30,264,30,264,0.0
30,265,30,265,0.0
30,266,30,266,0.0
30,267,30,267,0.0
30,268,30,268,0.0
30,269,30,269,0.0
30,270,30,270,0.0
30,271,30,271,0.0
30,272,30,272,0.0
30,273,30,273,0.0
30,274,30,274,0.0
30,275,30,275,0.0
30,276,30,276,0.0
30,277,30,277,0.0
30,278,30,278,0.0
30,279,30,279,0.0
30,280,30,280,0.0
30,281,30,281,0.0
30,282,30,282,0.0
30,283,30,283,0.0
30,284,30,284,0.0
30,285,30,285,0.0
30,286,30,286,0.0
30,287,30,287,0.0
30,288,30,288,0.0
30,289,30,289,0.0
30,290,30,290,0.0
30,291,30,291,0.0
30,292,30,292,0.0
30,293,30,293,0.0
30,294,30,294,0.0
30,295,30,295,0.0
30,296,30,296,0.0
30,297,30,297,0.0
30,298,30,298,0.0
31,32,31,32,0.03676239745495857
31,33,31,33,0.0
31,34,31,34,0.0
31,35,31,35,-0.08304629709560742
31,36,31,36,-0.02038313718254652
31,37,31,37,0.029970940483193872
31,38,31,38,-0.01963061870275986
31,39,31,39,0.0
31,40,31,40,0.0
31,41,31,41,0.0
31,42,31,42,0.0
31,43,31,43,-0.06586023458751514
31,44,31,44,0.0
31,45,31,45,0.0
31,46,31,46,0.0
31,47,31,47,0.0
31,48,31,48,0.0
31,49,31,49,0.0
31,50,31,50,0.0
31,51,31,51,0.0
31,52,31,52,0.0
31,53,31,53,0.0
31,54,31,54,0.0
31,55,31,55,0.0
31,56,31,56,0.0
31,57,31,57,0.0
31,58,31,58,0.0
31,59,31,59,0.0
31,60,31,60,0.0
31,61,31,61,0.0
31,62,31,62,0.0
31,63,31,63,0.0
31,64,31,64,0.0
31,65,31,65,0.0
31,66,31,66,0.0
31,67,31,67,0.0
31,68,31,68,0.0
31,69,31,69,0.0
31,70,31,70,0.0
31,71,31,71,0.0
31,72,31,72,0.0
31,73,31,73,0.0
31,74,31,74,0.0
31,75,31,75,0.0
31,76,31,76,0.0
31,77,31,77,0.0
31,78,31,78,0.0
31,79,31,79,0.0
31,80,31,80,0.0
31,81,31,81,0.0
31,82,31,82,0.0
31,83,31,83,0.0
31,84,31,84,0.0
31,85,31,85,0.0
31,86,31,86,0.0
31,87,31,87,0.0
31,88,31,88,0.0
31,89,31,89,0.0
31,90,31,90,0.0
31,91,31,91,0.0
31,92,31,92,0.0
31,93,31,93,0.0
31,94,31,94,0.0
31,95,31,95,0.0
31,96,31,96,0.0
31,97,31,97,0.0
31,98,31,98,0.0
31,99,31,99,0.0
31,100,31,100,0.0
31,101,31,101,0.0
31,102,31,102,0.0
31,103,31,103,0.0
31,104,31,104,0.0
31,105,31,105,0.0
31,106,31,106,0.0
31,107,31,107,0.0
31,108,31,108,0.0
31,109,31,109,0.0
31,110,31,110,0.0
31,111,31,111,0.0
31,112,31,112,0.0
31,113,31,113,0.0
31,114,31,114,0.0
31,115,31,115,0.0
31,116,31,116,0.0
31,117,31,117,0.0
31,118,31,118,0.0
31,119,31,119,0.0
31,120,31,120,0.0
31,121,31,121,0.0
31,122,31,122,0.0
31,123,31,123,0.0
31,124,31,124,0.0
31,125,31,125,0.0
31,126,31,126,0.0
31,127,31,127,0.0
31,128,31,128,0.0
31,129,31,129,0.0
31,130,31,130,0.0
31,131,31,131,0.0
31,132,31,132,0.0
31,133,31,133,0.0
31,134,31,134,0.0
31,135,31,135,0.0
31,136,31,136,0.0
31,137,31,137,0.0
31,138,31,138,0.0
31,139,31,139,0.0
31,140,31,140,0.0
31,141,31,141,0.0
31,142,31,142,0.0
31,143,31,143,0.0
31,144,31,144,0.0
31,145,31,145,0.0
31,146,31,146,0.0
31,147,31,147,0.0
31,148,31,148,0.0
31,149,31,149,0.0
31,150,31,150,0.0
31,151,31,151,0.0
31,152,31,152,0.0
31,153,31,153,0.0
31,154,31,154,0.0
31,155,31,155,0.0
31,156,31,156,0.0
31,157,31,157,0.0
31,158,31,158,0.0
31,159,31,159,0.0
31,160,31,160,0.0
31,161,31,161,0.0
31,162,31,162,0.0
31,163,31,163,0.0
31,164,31,164,0.0
31,165,31,165,0.0
31,166,31,166,0.0
31,167,31,167,0.0
31,168,31,168,0.0
31,169,31,169,0.0
31,170,31,170,0.0
31,171,31,171,0.0
31,172,31,172,0.0
31,173,31,173,0.0
31,174,31,174,0.0
31,175,31,175,0.0
31,176,31,176,0.0
31,177,31,177,0.0
31,178,31,178,0.0
31,179,31,179,0.0
31,180,31,180,0.0
31,181,31,181,0.0
31,182,31,182,0.0
31,183,31,183,0.0
31,184,31,184,0.0
31,185,31,185,0.0
31,186,31,186,0.0
31,187,31,187,0.0
31,188,31,188,0.0
31,189,31,189,0.0
31,190,31,190,0.0
31,191,31,191,0.0
31,192,31,192,0.0
31,193,31,193,0.0
31,194,31,194,0.0
31,195,31,195,0.0
31,196,31,196,0.0
31,197,31,197,0.0
31,198,31,198,0.0
31,199,31,199,0.0
31,200,31,200,0.0
31,201,31,201,-0.00871613929846724
31,202,31,202,0.0
31,203,31,203,0.0
31,204,31,204,0.0
31,205,31,205,0.0
31,206,31,206,0.0
31,207,31,207,-0.01736173492410713
31,208,31,208,-0.0913125607193419
31,209,31,209,0.052373514480763925
31,210,31,210,-0.02453311039390882
31,211,31,211,0.01822080405910667
31,212,31,212,0.0
31,213,31,213,-0.050829689244795466
31,214,31,214,-0.036682257169233796
31,215,31,215,0.07067885257196992
31,216,31,216,0.0
31,217,31,217,0.02403977942297748
31,218,31,218,0.023291431628816753
31,219,31,219,0.010959653364422898
31,220,31,220,0.023201681435858754
31,221,31,221,0.029903477614928
31,222,31,222,0.027753779923633676
31,223,31,223,0.0
31,224,31,224,0.0313177583103177
31,225,31,225,0.05531029389759885
31,226,31,226,0.02271402678461294
31,227,31,227,0.013350717286453184
31,228,31,228,0.0
31,229,31,229,0.0
31,230,31,230,0.0
31,231,31,231,0.0
31,232,31,232,0.0
31,233,31,233,0.02236708239202327
31,234,31,234,0.01542767567274915
31,235,31,235,0.032744651137547626
31,236,31,236,0.08844605239075494
31,237,31,237,0.080686587151507
31,238,31,238,0.010401817676405344
31,239,31,239,0.02088778721477056
31,240,31,240,0.034164175134321434
31,241,31,241,0.031090661591001316
31,242,31,242,0.03173720525601922
31,243,31,243,0.030010528468832242
31,244,31,244,0.0
31,245,31,245,0.0
31,246,31,246,0.0
31,247,31,247,0.0
31,248,31,248,0.0
31,249,31,249,0.0
31,250,31,250,0.035245143917163366
31,251,31,251,0.03462496329867519
31,252,31,252,-0.03604402751409087
31,253,31,253,-0.03581604936815094
31,254,31,254,0.0
31,255,31,255,0.0
31,256,31,256,0.029444874371291146
31,257,31,257,0.032149402590475294
31,258,31,258,-0.002127777199289988
31,259,31,259,-0.0012505730607882933
31,260,31,260,0.03609620679313436
31,261,31,261,0.03582741929276115
31,262,31,262,0.018334902224730915
31,263,31,263,0.0
31,264,31,264,0.0
31,265,31,265,0.035907525387468525
31,266,31,266,0.03668745282102984
31,267,31,267,0.0
31,268,31,268,0.0
31,269,31,269,0.0
31,270,31,270,0.0
31,271,31,271,0.0
31,272,31,272,0.0
31,273,31,273,0.0
31,274,31,274,0.0
31,275,31,275,0.0
31,276,31,276,0.03146994090402277
31,277,31,277,0.0
31,278,31,278,0.0
31,279,31,279,0.0
31,280,31,280,0.0
31,281,31,281,0.0
31,282,31,282,0.0
31,283,31,283,0.006841474584738344
31,284,31,284,0.026383072243425273
31,285,31,285,0.01619258116386183
31,286,31,286,0.019781557429612212
31,287,31,287,0.02986675281471977
31,288,31,288,0.02476075635772021
31,289,31,289,0.007308133140031917
31,290,31,290,0.03260156148484706
31,291,31,291,0.0
31,292,31,292,0.0
31,293,31,293,0.0
31,294,31,294,0.027600916224780902
31,295,31,295,0.027277495642298106
31,296,31,296,0.0
31,297,31,297,0.0
31,298,31,298,0.0
32,33,32,33,0.0
32,34,32,34,0.0
32,35,32,35,-0.009549547832044746
32,36,32,36,0.0111645956274874
32,37,32,37,0.001310521148344452
32,38,32,38,0.010402312369219291
32,39,32,39,0.0
32,40,32,40,0.0
32,41,32,41,0.0
32,42,32,42,0.0
32,43,32,43,-0.0359165229143081
32,44,32,44,0.0
32,45,32,45,0.0
32,46,32,46,0.0
32,47,32,47,0.0
32,48,32,48,0.0
32,49,32,49,0.0
32,50,32,50,0.0
32,51,32,51,0.0
32,52,32,52,0.0
32,53,32,53,0.0
32,54,32,54,0.0
32,55,32,55,0.0
32,56,32,56,0.0
32,57,32,57,0.0
32,58,32,58,0.0
32,59,32,59,0.0
32,60,32,60,0.0
32,61,32,61,0.0
32,62,32,62,0.0
32,63,32,63,0.0
32,64,32,64,0.0
32,65,32,65,0.0
32,66,32,66,0.0
32,67,32,67,0.0
32,68,32,68,0.0
32,69,32,69,0.0
32,70,32,70,0.0
32,71,32,71,0.0
32,72,32,72,0.0
32,73,32,73,0.0
32,74,32,74,0.0
32,75,32,75,0.0
32,76,32,76,0.0
32,77,32,77,0.0
32,78,32,78,0.0
32,79,32,79,0.0
32,80,32,80,0.0
32,81,32,81,0.0
32,82,32,82,0.0
32,83,32,83,0.0
32,84,32,84,0.0
32,85,32,85,0.0
32,86,32,86,0.0
32,87,32,87,0.0
32,88,32,88,0.0
32,89,32,89,0.0
32,90,32,90,0.0
32,91,32,91,0.0
32,92,32,92,0.0
32,93,32,93,0.0
32,94,32,94,0.0
32,95,32,95,0.0
32,96,32,96,0.0
32,97,32,97,0.0
32,98,32,98,0.0
32,99,32,99,0.0
32,100,32,100,0.0
32,101,32,101,0.0
32,102,32,102,0.0
32,103,32,103,0.0
32,104,32,104,0.0
32,105,32,105,0.0
32,106,32,106,0.0
32,107,32,107,0.0
32,108,32,108,0.0
32,109,32,109,0.0
32,110,32,110,0.0
32,111,32,111,0.0
32,112,32,112,0.0
32,113,32,113,0.0
32,114,32,114,0.0
32,115,32,115,0.0
32,116,32,116,0.0
32,117,32,117,0.0
32,118,32,118,0.0
32,119,32,119,0.0
32,120,32,120,0.0
32,121,32,121,0.0
32,122,32,122,0.0
32,123,32,123,0.0
32,124,32,124,0.0
32,125,32,125,0.0
32,126,32,126,0.0
32,127,32,127,0.0
32,128,32,128,0.0
32,129,32,129,0.0
32,130,32,130,0.0
32,131,32,131,0.0
32,132,32,132,0.0
32,133,32,133,0.0
32,134,32,134,0.0
32,135,32,135,0.0
32,136,32,136,0.0
32,137,32,137,0.0
32,138,32,138,0.0
32,139,32,139,0.0
32,140,32,140,0.0
32,141,32,141,0.0
32,142,32,142,0.0
32,143,32,143,0.0
32,144,32,144,0.0
32,145,32,145,0.0
32,146,32,146,0.0
32,147,32,147,0.0
32,148,32,148,0.0
32,149,32,149,0.0
32,150,32,150,0.0
32,151,32,151,0.0
32,152,32,152,0.0
32,153,32,153,0.0
32,154,32,154,0.0
32,155,32,155,0.0
32,156,32,156,0.0
32,157,32,157,0.0
32,158,32,158,0.0
32,159,32,159,0.0
32,160,32,160,0.0
32,161,32,161,0.0
32,162,32,162,0.0
32,163,32,163,0.0
32,164,32,164,0.0
32,165,32,165,0.0
32,166,32,166,0.0
32,167,32,167,0.0
32,168,32,168,0.0
32,169,32,169,0.0
32,170,32,170,0.0
32,171,32,171,0.0
32,172,32,172,0.0
32,173,32,173,0.0
32,174,32,174,0.0
32,175,32,175,0.0
32,176,32,176,0.0
32,177,32,177,0.0
32,178,32,178,0.0
32,179,32,179,0.0
32,180,32,180,0.0
32,181,32,181,0.0
32,182,32,182,0.0
32,183,32,183,0.0
32,184,32,184,0.0
32,185,32,185,0.0
32,186,32,186,0.0
32,187,32,187,0.0
32,188,32,188,0.0
32,189,32,189,0.0
32,190,32,190,0.0
32,191,32,191,0.0
32,192,32,192,0.0
32,193,32,193,0.0
32,194,32,194,0.0
32,195,32,195,0.0
32,196,32,196,0.0
32,197,32,197,0.0
32,198,32,198,0.0
32,199,32,199,0.0
32,200,32,200,0.0
32,201,32,201,0.014179729883539988
32,202,32,202,0.0
32,203,32,203,0.0
32,204,32,204,0.0
32,205,32,205,0.0
32,206,32,206,0.0
32,207,32,207,0.013389876645851902
32,208,32,208,-0.025780698028280744
32,209,32,209,-0.026902588002990915
32,210,32,210,-0.026402755312137188
32,211,32,211,0.02140919091788708
32,212,32,212,0.0
32,213,32,213,0.004596048778239231
32,214,32,214,0.0075787542884559154
32,215,32,215,0.01883409231592163
32,216,32,216,0.0
32,217,32,217,0.008660534390197676
32,218,32,218,0.008476815157485666
32,219,32,219,0.007683564054138549
32,220,32,220,0.009474823474169138
32,221,32,221,0.010009792474328946
32,222,32,222,0.010597955902464248
32,223,32,223,0.0
32,224,32,224,-0.03346098290823005
32,225,32,225,-0.02547601818663689
32,226,32,226,-0.03604727021704681
32,227,32,227,-0.03494887281116618
32,228,32,228,0.0
32,229,32,229,0.0
32,230,32,230,0.0
32,231,32,231,0.0
32,232,32,232,0.0
32,233,32,233,0.008290270767017922
32,234,32,234,0.016707466662455043
32,235,32,235,0.0026068091471265933
32,236,32,236,0.018838325904816485
32,237,32,237,0.005073709639344148
32,238,32,238,0.009797540150142696
32,239,32,239,0.004266265371189776
32,240,32,240,0.011978262636171237
32,241,32,241,0.012808179350834434
32,242,32,242,0.010444553403548475
32,243,32,243,0.010986232372735561
32,244,32,244,0.0
32,245,32,245,0.0
32,246,32,246,0.0
32,247,32,247,0.0
32,248,32,248,0.0
32,249,32,249,0.0
32,250,32,250,0.008524881295040565
32,251,32,251,0.008019072147996064
32,252,32,252,-0.008976424013421762
32,253,32,253,-0.008462534916266782
32,254,32,254,0.0
32,255,32,255,0.0
32,256,32,256,0.00971604957824327
32,257,32,257,0.0077872332462979145
32,258,32,258,0.0016192046000251166
32,259,32,259,0.0010193833835261774
32,260,32,260,0.008779080640692653
32,261,32,261,0.008375410872815287
32,262,32,262,0.0038390386403266835
32,263,32,263,0.0
32,264,32,264,0.0
32,265,32,265,0.009121173520891599
32,266,32,266,0.006816765899680335
32,267,32,267,0.0
32,268,32,268,0.0
32,269,32,269,0.0
32,270,32,270,0.0
32,271,32,271,0.0
32,272,32,272,0.0
32,273,32,273,0.0
32,274,32,274,0.0
32,275,32,275,0.0
32,276,32,276,0.008181064614578556
32,277,32,277,0.0
32,278,32,278,0.0
32,279,32,279,0.0
32,280,32,280,0.0
32,281,32,281,0.0
32,282,32,282,0.0
32,283,32,283,0.0026683721053236006
32,284,32,284,0.006927006128952696
32,285,32,285,0.0036341752445201345
32,286,32,286,0.005922880113872769
32,287,32,287,0.009185654964632726
32,288,32,288,0.006747014219652292
32,289,32,289,0.0026029824290876957
32,290,32,290,0.0089143686033685
32,291,32,291,0.0
32,292,32,292,0.0
32,293,32,293,0.0
32,294,32,294,0.005723484776290622
32,295,32,295,0.006128964873653431
32,296,32,296,0.0
32,297,32,297,0.0
32,298,32,298,0.0
33,34,33,34,0.0
33,35,33,35,0.0
33,36,33,36,0.0
33,37,33,37,0.0
33,38,33,38,0.0
33,39,33,39,0.0
33,40,33,40,0.0
33,41,33,41,0.0
33,42,33,42,0.0
33,43,33,43,0.0
33,44,33,44,0.0
33,45,33,45,0.0
33,46,33,46,0.0
33,47,33,47,0.0
33,48,33,48,0.0
33,49,33,49,0.0
33,50,33,50,0.0
33,51,33,51,0.0
33,52,33,52,0.0
33,53,33,53,0.0
33,54,33,54,0.0
33,55,33,55,0.0
33,56,33,56,0.0
33,57,33,57,0.0
33,58,33,58,0.0
33,59,33,59,0.0
33,60,33,60,0.0
33,61,33,61,0.0
33,62,33,62,0.0
33,63,33,63,0.0
33,64,33,64,0.0
33,65,33,65,0.0
33,66,33,66,0.0
33,67,33,67,0.0
33,68,33,68,0.0
33,69,33,69,0.0
33,70,33,70,0.0
33,71,33,71,0.0
33,72,33,72,0.0
33,73,33,73,0.0
33,74,33,74,0.0
33,75,33,75,0.0
33,76,33,76,0.0
33,77,33,77,0.0
33,78,33,78,0.0
33,79,33,79,0.0
33,80,33,80,0.0
33,81,33,81,0.0
33,82,33,82,0.0
33,83,33,83,0.0
33,84,33,84,0.0
33,85,33,85,0.0
33,86,33,86,0.0
33,87,33,87,0.0
33,88,33,88,0.0
33,89,33,89,0.0
33,90,33,90,0.0
33,91,33,91,0.0
33,92,33,92,0.0
33,93,33,93,0.0
33,94,33,94,0.0
33,95,33,95,0.0
33,96,33,96,0.0
33,97,33,97,0.0
33,98,33,98,0.0
33,99,33,99,0.0
33,100,33,100,0.0
33,101,33,101,0.0
33,102,33,102,0.0
33,103,33,103,0.0
33,104,33,104,0.0
33,105,33,105,0.0
33,106,33,106,0.0
33,107,33,107,0.0
33,108,33,108,0.0
33,109,33,109,0.0
33,110,33,110,0.0
33,111,33,111,0.0
33,112,33,112,0.0
33,113,33,113,0.0
33,114,33,114,0.0
33,115,33,115,0.0
33,116,33,116,0.0
33,117,33,117,0.0
33,118,33,118,0.0
33,119,33,119,0.0
33,120,33,120,0.0
33,121,33,121,0.0
33,122,33,122,0.0
33,123,33,123,0.0
33,124,33,124,0.0
33,125,33,125,0.0
33,126,33,126,0.0
33,127,33,127,0.0
33,128,33,128,0.0
33,129,33,129,0.0
33,130,33,130,0.0
33,131,33,131,0.0
33,132,33,132,0.0
33,133,33,133,0.0
33,134,33,134,0.0
33,135,33,135,0.0
33,136,33,136,0.0
33,137,33,137,0.0
33,138,33,138,0.0
33,139,33,139,0.0
33,140,33,140,0.0
33,141,33,141,0.0
33,142,33,142,0.0
33,143,33,143,0.0
33,144,33,144,0.0
33,145,33,145,0.0
33,146,33,146,0.0
33,147,33,147,0.0
33,148,33,148,0.0
33,149,33,149,0.0
33,150,33,150,0.0
33,151,33,151,0.0
33,152,33,152,0.0
33,153,33,153,0.0
33,154,33,154,0.0
33,155,33,155,0.0
33,156,33,156,0.0
33,157,33,157,0.0
33,158,33,158,0.0
33,159,33,159,0.0
33,160,33,160,0.0
33,161,33,161,0.0
33,162,33,162,0.0
33,163,33,163,0.0
33,164,33,164,0.0
33,165,33,165,0.0
33,166,33,166,0.0
33,167,33,167,0.0
33,168,33,168,0.0
33,169,33,169,0.0
33,170,33,170,0.0
33,171,33,171,0.0
33,172,33,172,0.0
33,173,33,173,0.0
33,174,33,174,0.0
33,175,33,175,0.0
33,176,33,176,0.0
33,177,33,177,0.0
33,178,33,178,0.0
33,179,33,179,0.0
33,180,33,180,0.0
33,181,33,181,0.0
33,182,33,182,0.0
33,183,33,183,0.0
33,184,33,184,0.0
33,185,33,185,0.0
33,186,33,186,0.0
33,187,33,187,0.0
33,188,33,188,0.0
33,189,33,189,0.0
33,190,33,190,0.0
33,191,33,191,0.0
33,192,33,192,0.0
33,193,33,193,0.0
33,194,33,194,0.0
33,195,33,195,0.0
33,196,33,196,0.0
33,197,33,197,0.0
33,198,33,198,0.0
33,199,33,199,0.0
33,200,33,200,0.0
33,201,33,201,0.0
33,202,33,202,0.0
33,203,33,203,0.0
33,204,33,204,0.0
33,205,33,205,0.0
33,206,33,206,0.0
33,207,33,207,0.0
33,208,33,208,0.0
33,209,33,209,0.0
33,210,33,210,0.0
33,211,33,211,0.0
33,212,33,212,0.0
33,213,33,213,0.0
33,214,33,214,0.0
33,215,33,215,0.0
33,216,33,216,0.0
33,217,33,217,0.0
33,218,33,218,0.0
33,219,33,219,0.0
33,220,33,220,0.0
33,221,33,221,0.0
33,222,33,222,0.0
33,223,33,223,0.0
33,224,33,224,0.0
33,225,33,225,0.0
33,226,33,226,0.0
33,227,33,227,0.0
33,228,33,228,0.0
33,229,33,229,0.0
33,230,33,230,0.0
33,231,33,231,0.0
33,232,33,232,0.0
33,233,33,233,0.0
33,234,33,234,0.0
33,235,33,235,0.0
33,236,33,236,0.0
33,237,33,237,0.0
33,238,33,238,0.0
33,239,33,239,0.0
33,240,33,240,0.0
33,241,33,241,0.0
33,242,33,242,0.0
33,243,33,243,0.0
33,244,33,244,0.0
33,245,33,245,0.0
33,246,33,246,0.0
33,247,33,247,0.0
33,248,33,248,0.0
33,249,33,249,0.0
33,250,33,250,0.0
33,251,33,251,0.0
33,252,33,252,0.0
33,253,33,253,0.0
33,254,33,254,0.0
33,255,33,255,0.0
33,256,33,256,0.0
33,257,33,257,0.0
33,258,33,258,0.0
33,259,33,259,0.0
33,260,33,260,0.0
33,261,33,261,0.0
33,262,33,262,0.0
33,263,33,263,0.0
33,264,33,264,0.0
33,265,33,265,0.0
33,266,33,266,0.0
33,267,33,267,0.0
33,268,33,268,0.0
33,269,33,269,0.0
33,270,33,270,0.0
33,271,33,271,0.0
33,272,33,272,0.0
33,273,33,273,0.0
33,274,33,274,0.0
33,275,33,275,0.0
33,276,33,276,0.0
33,277,33,277,0.0
33,278,33,278,0.0
33,279,33,279,0.0
33,280,33,280,0.0
33,281,33,281,0.0
33,282,33,282,0.0
33,283,33,283,0.0
33,284,33,284,0.0
33,285,33,285,0.0
33,286,33,286,0.0
33,287,33,287,0.0
33,288,33,288,0.0
33,289,33,289,0.0
33,290,33,290,0.0
33,291,33,291,0.0
33,292,33,292,0.0
33,293,33,293,0.0
33,294,33,294,0.0
33,295,33,295,0.0
33,296,33,296,0.0
33,297,33,297,0.0
33,298,33,298,0.0
34,35,34,35,0.0
34,36,34,36,0.0
34,37,34,37,0.0
34,38,34,38,0.0
34,39,34,39,0.0
34,40,34,40,0.0
34,41,34,41,0.0
34,42,34,42,0.0
34,43,34,43,0.0
34,44,34,44,0.0
34,45,34,45,0.0
34,46,34,46,0.0
34,47,34,47,0.0
34,48,34,48,0.0
34,49,34,49,0.0
34,50,34,50,0.0
34,51,34,51,0.0
34,52,34,52,0.0
34,53,34,53,0.0
34,54,34,54,0.0
34,55,34,55,0.0
34,56,34,56,0.0
34,57,34,57,0.0
34,58,34,58,0.0
34,59,34,59,0.0
34,60,34,60,0.0
34,61,34,61,0.0
34,62,34,62,0.0
34,63,34,63,0.0
34,64,34,64,0.0
34,65,34,65,0.0
34,66,34,66,0.0
34,67,34,67,0.0
34,68,34,68,0.0
34,69,34,69,0.0
34,70,34,70,0.0
34,71,34,71,0.0
34,72,34,72,0.0
34,73,34,73,0.0
34,74,34,74,0.0
34,75,34,75,0.0
34,76,34,76,0.0
34,77,34,77,0.0
34,78,34,78,0.0
34,79,34,79,0.0
34,80,34,80,0.0
34,81,34,81,0.0
34,82,34,82,0.0
34,83,34,83,0.0
34,84,34,84,0.0
34,85,34,85,0.0
34,86,34,86,0.0
34,87,34,87,0.0
34,88,34,88,0.0
34,89,34,89,0.0
34,90,34,90,0.0
34,91,34,91,0.0
34,92,34,92,0.0
34,93,34,93,0.0
34,94,34,94,0.0
34,95,34,95,0.0
34,96,34,96,0.0
34,97,34,97,0.0
34,98,34,98,0.0
34,99,34,99,0.0
34,100,34,100,0.0
34,101,34,101,0.0
34,102,34,102,0.0
34,103,34,103,0.0
34,104,34,104,0.0
34,105,34,105,0.0
34,106,34,106,0.0
34,107,34,107,0.0
34,108,34,108,0.0
34,109,34,109,0.0
34,110,34,110,0.0
34,111,34,111,0.0
34,112,34,112,0.0
34,113,34,113,0.0
34,114,34,114,0.0
34,115,34,115,0.0
34,116,34,116,0.0
34,117,34,117,0.0
34,118,34,118,0.0
34,119,34,119,0.0
34,120,34,120,0.0
34,121,34,121,0.0
34,122,34,122,0.0
34,123,34,123,0.0
34,124,34,124,0.0
34,125,34,125,0.0
34,126,34,126,0.0
34,127,34,127,0.0
34,128,34,128,0.0
34,129,34,129,0.0
34,130,34,130,0.0
34,131,34,131,0.0
34,132,34,132,0.0
34,133,34,133,0.0
34,134,34,134,0.0
34,135,34,135,0.0
34,136,34,136,0.0
34,137,34,137,0.0
34,138,34,138,0.0
34,139,34,139,0.0
34,140,34,140,0.0
34,141,34,141,0.0
34,142,34,142,0.0
34,143,34,143,0.0
34,144,34,144,0.0
34,145,34,145,0.0
34,146,34,146,0.0
34,147,34,147,0.0
34,148,34,148,0.0
34,149,34,149,0.0
34,150,34,150,0.0
34,151,34,151,0.0
34,152,34,152,0.0
34,153,34,153,0.0
34,154,34,154,0.0
34,155,34,155,0.0
34,156,34,156,0.0
34,157,34,157,0.0
34,158,34,158,0.0
34,159,34,159,0.0
34,160,34,160,0.0
34,161,34,161,0.0
34,162,34,162,0.0
34,163,34,163,0.0
34,164,34,164,0.0
34,165,34,165,0.0
34,166,34,166,0.0
34,167,34,167,0.0
34,168,34,168,0.0
34,169,34,169,0.0
34,170,34,170,0.0
34,171,34,171,0.0
34,172,34,172,0.0
34,173,34,173,0.0
34,174,34,174,0.0
34,175,34,175,0.0
34,176,34,176,0.0
34,177,34,177,0.0
34,178,34,178,0.0
34,179,34,179,0.0
34,180,34,180,0.0
34,181,34,181,0.0
34,182,34,182,0.0
34,183,34,183,0.0
34,184,34,184,0.0
34,185,34,185,0.0
34,186,34,186,0.0
34,187,34,187,0.0
34,188,34,188,0.0
34,189,34,189,0.0
34,190,34,190,0.0
34,191,34,191,0.0
34,192,34,192,0.0
34,193,34,193,0.0
34,194,34,194,0.0
34,195,34,195,0.0
34,196,34,196,0.0
34,197,34,197,0.0
34,198,34,198,0.0
34,199,34,199,0.0
34,200,34,200,0.0
34,201,34,201,0.0
34,202,34,202,0.0
34,203,34,203,0.0
34,204,34,204,0.0
34,205,34,205,0.0
34,206,34,206,0.0
34,207,34,207,0.0
34,208,34,208,0.0
34,209,34,209,0.0
34,210,34,210,0.0
34,211,34,211,0.0
34,212,34,212,0.0
34,213,34,213,0.0
34,214,34,214,0.0
34,215,34,215,0.0
34,216,34,216,0.0
34,217,34,217,0.0
34,218,34,218,0.0
34,219,34,219,0.0
34,220,34,220,0.0
34,221,34,221,0.0
34,222,34,222,0.0
34,223,34,223,0.0
34,224,34,224,0.0
34,225,34,225,0.0
34,226,34,226,0.0
34,227,34,227,0.0
34,228,34,228,0.0
34,229,34,229,0.0
34,230,34,230,0.0
34,231,34,231,0.0
34,232,34,232,0.0
34,233,34,233,0.0
34,234,34,234,0.0
34,235,34,235,0.0
34,236,34,236,0.0
34,237,34,237,0.0
34,238,34,238,0.0
34,239,34,239,0.0
34,240,34,240,0.0
34,241,34,241,0.0
34,242,34,242,0.0
34,243,34,243,0.0
34,244,34,244,0.0
34,245,34,245,0.0
34,246,34,246,0.0
34,247,34,247,0.0
34,248,34,248,0.0
34,249,34,249,0.0
34,250,34,250,0.0
34,251,34,251,0.0
34,252,34,252,0.0
34,253,34,253,0.0
34,254,34,254,0.0
34,255,34,255,0.0
34,256,34,256,0.0
34,257,34,257,0.0
34,258,34,258,0.0
34,259,34,259,0.0
34,260,34,260,0.0
34,261,34,261,0.0
34,262,34,262,0.0
34,263,34,263,0.0
34,264,34,264,0.0
34,265,34,265,0.0
34,266,34,266,0.0
34,267,34,267,0.0
34,268,34,268,0.0
34,269,34,269,0.0
34,270,34,270,0.0
34,271,34,271,0.0
34,272,34,272,0.0
34,273,34,273,0.0
34,274,34,274,0.0
34,275,34,275,0.0
34,276,34,276,0.0
34,277,34,277,0.0
34,278,34,278,0.0
34,279,34,279,0.0
34,280,34,280,0.0
34,281,34,281,0.0
34,282,34,282,0.0
34,283,34,283,0.0
34,284,34,284,0.0
34,285,34,285,0.0
34,286,34,286,0.0
34,287,34,287,0.0
34,288,34,288,0.0
34,289,34,289,0.0
34,290,34,290,0.0
34,291,34,291,0.0
34,292,34,292,0.0
34,293,34,293,0.0
34,294,34,294,0.0
34,295,34,295,0.0
34,296,34,296,0.0
34,297,34,297,0.0
34,298,34,298,0.0
35,36,35,36,0.0071870406961516
35,37,35,37,-0.010985423178095472
35,38,35,38,-0.00667804872814855
35,39,35,39,0.0
35,40,35,40,0.0
35,41,35,41,0.0
35,42,35,42,0.0
35,43,35,43,0.09762389883720665
35,44,35,44,0.0
35,45,35,45,0.0
35,46,35,46,0.0
35,47,35,47,0.0
35,48,35,48,0.0
35,49,35,49,0.0
35,50,35,50,0.0
35,51,35,51,0.0
35,52,35,52,0.0
35,53,35,53,0.0
35,54,35,54,0.0
35,55,35,55,0.0
35,56,35,56,0.0
35,57,35,57,0.0
35,58,35,58,0.0
35,59,35,59,0.0
35,60,35,60,0.0
35,61,35,61,0.0
35,62,35,62,0.0
35,63,35,63,0.0
35,64,35,64,0.0
35,65,35,65,0.0
35,66,35,66,0.0
35,67,35,67,0.0
35,68,35,68,0.0
35,69,35,69,0.0
35,70,35,70,0.0
35,71,35,71,0.0
35,72,35,72,0.0
35,73,35,73,0.0
35,74,35,74,0.0
35,75,35,75,0.0
35,76,35,76,0.0
35,77,35,77,0.0
35,78,35,78,0.0
35,79,35,79,0.0
35,80,35,80,0.0
35,81,35,81,0.0
35,82,35,82,0.0
35,83,35,83,0.0
35,84,35,84,0.0
35,85,35,85,0.0
35,86,35,86,0.0
35,87,35,87,0.0
35,88,35,88,0.0
35,89,35,89,0.0
35,90,35,90,0.0
35,91,35,91,0.0
35,92,35,92,0.0
35,93,35,93,0.0
35,94,35,94,0.0
35,95,35,95,0.0
35,96,35,96,0.0
35,97,35,97,0.0
35,98,35,98,0.0
35,99,35,99,0.0
35,100,35,100,0.0
35,101,35,101,0.0
35,102,35,102,0.0
35,103,35,103,0.0
35,104,35,104,0.0
35,105,35,105,0.0
35,106,35,106,0.0
35,107,35,107,0.0
35,108,35,108,0.0
35,109,35,109,0.0
35,110,35,110,0.0
35,111,35,111,0.0
35,112,35,112,0.0
35,113,35,113,0.0
35,114,35,114,0.0
35,115,35,115,0.0
35,116,35,116,0.0
35,117,35,117,0.0
35,118,35,118,0.0
35,119,35,119,0.0
35,120,35,120,0.0
35,121,35,121,0.0
35,122,35,122,0.0
35,123,35,123,0.0
35,124,35,124,0.0
35,125,35,125,0.0
35,126,35,126,0.0
35,127,35,127,0.0
35,128,35,128,0.0
35,129,35,129,0.0
35,130,35,130,0.0
35,131,35,131,0.0
35,132,35,132,0.0
35,133,35,133,0.0
35,134,35,134,0.0
35,135,35,135,0.0
35,136,35,136,0.0
35,137,35,137,0.0
35,138,35,138,0.0
35,139,35,139,0.0
35,140,35,140,0.0
35,141,35,141,0.0
35,142,35,142,0.0
35,143,35,143,0.0
35,144,35,144,0.0
35,145,35,145,0.0
35,146,35,146,0.0
35,147,35,147,0.0
35,148,35,148,0.0
35,149,35,149,0.0
35,150,35,150,0.0
35,151,35,151,0.0
35,152,35,152,0.0
35,153,35,153,0.0
35,154,35,154,0.0
35,155,35,155,0.0
35,156,35,156,0.0
35,157,35,157,0.0
35,158,35,158,0.0
35,159,35,159,0.0
35,160,35,160,0.0
35,161,35,161,0.0
35,162,35,162,0.0
35,163,35,163,0.0
35,164,35,164,0.0
35,165,35,165,0.0
35,166,35,166,0.0
35,167,35,167,0.0
35,168,35,168,0.0
35,169,35,169,0.0
35,170,35,170,0.0
35,171,35,171,0.0
35,172,35,172,0.0
35,173,35,173,0.0
35,174,35,174,0.0
35,175,35,175,0.0
35,176,35,176,0.0
35,177,35,177,0.0
35,178,35,178,0.0
35,179,35,179,0.0
35,180,35,180,0.0
35,181,35,181,0.0
35,182,35,182,0.0
35,183,35,183,0.0
35,184,35,184,0.0
35,185,35,185,0.0
35,186,35,186,0.0
35,187,35,187,0.0
35,188,35,188,0.0
35,189,35,189,0.0
35,190,35,190,0.0
35,191,35,191,0.0
35,192,35,192,0.0
35,193,35,193,0.0
35,194,35,194,0.0
35,195,35,195,0.0
35,196,35,196,0.0
35,197,35,197,0.0
35,198,35,198,0.0
35,199,35,199,0.0
35,200,35,200,0.0
35,201,35,201,-0.11766499945558104
35,202,35,202,0.0
35,203,35,203,0.0
35,204,35,204,0.0
35,205,35,205,0.0
35,206,35,206,0.0
35,207,35,207,-0.06396278046805616
35,208,35,208,0.012373771935931652
35,209,35,209,0.05213804676517737
35,210,35,210,-0.020316882041132567
35,211,35,211,-0.019312745802428855
35,212,35,212,0.0
35,213,35,213,0.04245074349091502
35,214,35,214,0.03738288036110914
35,215,35,215,-0.05415150061294119
35,216,35,216,0.0
35,217,35,217,-0.018524792827114004
35,218,35,218,-0.019091221002998635
35,219,35,219,-0.013781284871716945
35,220,35,220,-0.01322128006213005
35,221,35,221,-0.013917754508962113
35,222,35,222,-0.013975950934862123
35,223,35,223,0.0
35,224,35,224,0.0737044701959004
35,225,35,225,0.056891649776016656
35,226,35,226,0.07349116579213474
35,227,35,227,0.06666222837665824
35,228,35,228,0.0
35,229,35,229,0.0
35,230,35,230,0.0
35,231,35,231,0.0
35,232,35,232,0.0
35,233,35,233,0.0958913644290108
35,234,35,234,0.00807460494111039
35,235,35,235,-0.012053359671868975
35,236,35,236,0.005155477248578969
35,237,35,237,0.04548034127114623
35,238,35,238,-0.013169898730521332
35,239,35,239,0.03005027543598985
35,240,35,240,-0.032337333126717376
35,241,35,241,-0.04191900769840583
35,242,35,242,-0.02439407214788928
35,243,35,243,-0.02207763821527656
35,244,35,244,0.0
35,245,35,245,0.0
35,246,35,246,0.0
35,247,35,247,0.0
35,248,35,248,0.0
35,249,35,249,0.0
35,250,35,250,-0.011990945382961521
35,251,35,251,-0.012039880714208412
35,252,35,252,0.011669960787671158
35,253,35,253,0.010092578905565103
35,254,35,254,0.0
35,255,35,255,0.0
35,256,35,256,-0.02992096513588834
35,257,35,257,-0.01946122773973912
35,258,35,258,-0.0006784272496250185
35,259,35,259,0.0008517203338052519
35,260,35,260,-0.011553030421014437
35,261,35,261,-0.01012988849707415
35,262,35,262,-0.005030316013950062
35,263,35,263,0.0
35,264,35,264,0.0
35,265,35,265,-0.00015333865048703998
35,266,35,266,0.012308688417965615
35,267,35,267,0.0
35,268,35,268,0.0
35,269,35,269,0.0
35,270,35,270,0.0
35,271,35,271,0.0
35,272,35,272,0.0
35,273,35,273,0.0
35,274,35,274,0.0
35,275,35,275,0.0
35,276,35,276,-0.010629100535295697
35,277,35,277,0.0
35,278,35,278,0.0
35,279,35,279,0.0
35,280,35,280,0.0
35,281,35,281,0.0
35,282,35,282,0.0
35,283,35,283,0.017798742014979607
35,284,35,284,0.0035667190105900313
35,285,35,285,0.00873833530229872
35,286,35,286,0.011823192845702359
35,287,35,287,0.006515520302679531
35,288,35,288,0.0005613248021749826
35,289,35,289,0.02106027243876169
35,290,35,290,0.004452633999132664
35,291,35,291,0.0
35,292,35,292,0.0
35,293,35,293,0.0
35,294,35,294,-0.019966266242208472
35,295,35,295,-0.02699682255480378
35,296,35,296,0.0
35,297,35,297,0.0
35,298,35,298,0.0
36,37,36,37,-0.08323264943909224
36,38,36,38,0.3251160836516188
36,39,36,39,0.0
36,40,36,40,0.0
36,41,36,41,0.0
36,42,36,42,0.0
36,43,36,43,0.016554845888767496
36,44,36,44,0.0
36,45,36,45,0.0
36,46,36,46,0.0
36,47,36,47,0.0
36,48,36,48,0.0
36,49,36,49,0.0
36,50,36,50,0.0
36,51,36,51,0.0
36,52,36,52,0.0
36,53,36,53,0.0
36,54,36,54,0.0
36,55,36,55,0.0
36,56,36,56,0.0
36,57,36,57,0.0
36,58,36,58,0.0
36,59,36,59,0.0
36,60,36,60,0.0
36,61,36,61,0.0
36,62,36,62,0.0
36,63,36,63,0.0
36,64,36,64,0.0
36,65,36,65,0.0
36,66,36,66,0.0
36,67,36,67,0.0
36,68,36,68,0.0
36,69,36,69,0.0
36,70,36,70,0.0
36,71,36,71,0.0
36,72,36,72,0.0
36,73,36,73,0.0
36,74,36,74,0.0
36,75,36,75,0.0
36,76,36,76,0.0
36,77,36,77,0.0
36,78,36,78,0.0
36,79,36,79,0.0
36,80,36,80,0.0
36,81,36,81,0.0
36,82,36,82,0.0
36,83,36,83,0.0
36,84,36,84,0.0
36,85,36,85,0.0
36,86,36,86,0.0
36,87,36,87,0.0
36,88,36,88,0.0
36,89,36,89,0.0
36,90,36,90,0.0
36,91,36,91,0.0
36,92,36,92,0.0
36,93,36,93,0.0
36,94,36,94,0.0
36,95,36,95,0.0
36,96,36,96,0.0
36,97,36,97,0.0
36,98,36,98,0.0
36,99,36,99,0.0
36,100,36,100,0.0
36,101,36,101,0.0
36,102,36,102,0.0
36,103,36,103,0.0
36,104,36,104,0.0
36,105,36,105,0.0
36,106,36,106,0.0
36,107,36,107,0.0
36,108,36,108,0.0
36,109,36,109,0.0
36,110,36,110,0.0
36,111,36,111,0.0
36,112,36,112,0.0
36,113,36,113,0.0
36,114,36,114,0.0
36,115,36,115,0.0
36,116,36,116,0.0
36,117,36,117,0.0
36,118,36,118,0.0
36,119,36,119,0.0
36,120,36,120,0.0
36,121,36,121,0.0
36,122,36,122,0.0
36,123,36,123,0.0
36,124,36,124,0.0
36,125,36,125,0.0
36,126,36,126,0.0
36,127,36,127,0.0
36,128,36,128,0.0
36,129,36,129,0.0
36,130,36,130,0.0
36,131,36,131,0.0
36,132,36,132,0.0
36,133,36,133,0.0
36,134,36,134,0.0
36,135,36,135,0.0
36,136,36,136,0.0
36,137,36,137,0.0
36,138,36,138,0.0
36,139,36,139,0.0
36,140,36,140,0.0
36,141,36,141,0.0
36,142,36,142,0.0
36,143,36,143,0.0
36,144,36,144,0.0
36,145,36,145,0.0
36,146,36,146,0.0
36,147,36,147,0.0
36,148,36,148,0.0
36,149,36,149,0.0
36,150,36,150,0.0
36,151,36,151,0.0
36,152,36,152,0.0
36,153,36,153,0.0
36,154,36,154,0.0
36,155,36,155,0.0
36,156,36,156,0.0
36,157,36,157,0.0
36,158,36,158,0.0
36,159,36,159,0.0
36,160,36,160,0.0
36,161,36,161,0.0
36,162,36,162,0.0
36,163,36,163,0.0
36,164,36,164,0.0
36,165,36,165,0.0
36,166,36,166,0.0
36,167,36,167,0.0
36,168,36,168,0.0
36,169,36,169,0.0
36,170,36,170,0.0
36,171,36,171,0.0
36,172,36,172,0.0
36,173,36,173,0.0
36,174,36,174,0.0
36,175,36,175,0.0
36,176,36,176,0.0
36,177,36,177,0.0
36,178,36,178,0.0
36,179,36,179,0.0
36,180,36,180,0.0
36,181,36,181,0.0
36,182,36,182,0.0
36,183,36,183,0.0
36,184,36,184,0.0
36,185,36,185,0.0
36,186,36,186,0.0
36,187,36,187,0.0
36,188,36,188,0.0
36,189,36,189,0.0
36,190,36,190,0.0
36,191,36,191,0.0
36,192,36,192,0.0
36,193,36,193,0.0
36,194,36,194,0.0
36,195,36,195,0.0
36,196,36,196,0.0
36,197,36,197,0.0
36,198,36,198,0.0
36,199,36,199,0.0
36,200,36,200,0.0
36,201,36,201,0.08783576379467276
36,202,36,202,0.0
36,203,36,203,0.0
36,204,36,204,0.0
36,205,36,205,0.0
36,206,36,206,0.0
36,207,36,207,0.18500166022201503
36,208,36,208,0.040149512637143954
36,209,36,209,-0.06794954077539431
36,210,36,210,-0.03108615705116714
36,211,36,211,0.1604895322473608
36,212,36,212,0.0
36,213,36,213,0.03786674695198758
36,214,36,214,0.029582345202020934
36,215,36,215,-0.01893183531334969
36,216,36,216,0.0
36,217,36,217,0.06738779588956993
36,218,36,218,0.06879601219420733
36,219,36,219,0.008944590984759542
36,220,36,220,0.12489604034611557
36,221,36,221,0.10993854758054702
36,222,36,222,0.13105101074828457
36,223,36,223,0.0
36,224,36,224,-0.23843633390618243
36,225,36,225,-0.06439816227471366
36,226,36,226,-0.26329595583645654
36,227,36,227,-0.29192967736629777
36,228,36,228,0.0
36,229,36,229,0.0
36,230,36,230,0.0
36,231,36,231,0.0
36,232,36,232,0.0
36,233,36,233,0.021463471709886342
36,234,36,234,-0.02944280037342721
36,235,36,235,-0.07305449817244494
36,236,36,236,-0.08992267310876571
36,237,36,237,-0.013883913896345182
36,238,36,238,0.0497829022183421
36,239,36,239,0.04241470343180487
36,240,36,240,0.026736817969375045
36,241,36,241,0.05036842855673292
36,242,36,242,0.041504558455338667
36,243,36,243,0.04352154637693886
36,244,36,244,0.0
36,245,36,245,0.0
36,246,36,246,0.0
36,247,36,247,0.0
36,248,36,248,0.0
36,249,36,249,0.0
36,250,36,250,0.0484292581044648
36,251,36,251,0.04850442799945251
36,252,36,252,-0.051338283307842986
36,253,36,253,-0.05364382848482546
36,254,36,254,0.0
36,255,36,255,0.0
36,256,36,256,0.06012820483135344
36,257,36,257,0.06618847258703466
36,258,36,258,0.0010324168899017237
36,259,36,259,0.00036799065157840067
36,260,36,260,0.05101494268276965
36,261,36,261,0.05350778550255707
36,262,36,262,0.04536861004396789
36,263,36,263,0.0
36,264,36,264,0.0
36,265,36,265,0.07513995497148247
36,266,36,266,0.05850887417877668
36,267,36,267,0.0
36,268,36,268,0.0
36,269,36,269,0.0
36,270,36,270,0.0
36,271,36,271,0.0
36,272,36,272,0.0
36,273,36,273,0.0
36,274,36,274,0.0
36,275,36,275,0.0
36,276,36,276,0.044310064756879784
36,277,36,277,0.0
36,278,36,278,0.0
36,279,36,279,0.0
36,280,36,280,0.0
36,281,36,281,0.0
36,282,36,282,0.0
36,283,36,283,0.06643949395725611
36,284,36,284,0.06080292657427623
36,285,36,285,0.0643037007336641
36,286,36,286,0.062491363840554114
36,287,36,287,0.05842748975180551
36,288,36,288,0.037863610635178804
36,289,36,289,0.05866899216528487
36,290,36,290,0.05326858885662556
36,291,36,291,0.0
36,292,36,292,0.0
36,293,36,293,0.0
36,294,36,294,0.04533442478752333
36,295,36,295,0.047484996722687516
36,296,36,296,0.0
36,297,36,297,0.0
36,298,36,298,0.0
37,38,37,38,-0.08146245902405182
37,39,37,39,0.0
37,40,37,40,0.0
37,41,37,41,0.0
37,42,37,42,0.0
37,43,37,43,-0.1621410922451559
37,44,37,44,0.0
37,45,37,45,0.0
37,46,37,46,0.0
37,47,37,47,0.0
37,48,37,48,0.0
37,49,37,49,0.0
37,50,37,50,0.0
37,51,37,51,0.0
37,52,37,52,0.0
37,53,37,53,0.0
37,54,37,54,0.0
37,55,37,55,0.0
37,56,37,56,0.0
37,57,37,57,0.0
37,58,37,58,0.0
37,59,37,59,0.0
37,60,37,60,0.0
37,61,37,61,0.0
37,62,37,62,0.0
37,63,37,63,0.0
37,64,37,64,0.0
37,65,37,65,0.0
37,66,37,66,0.0
37,67,37,67,0.0
37,68,37,68,0.0
37,69,37,69,0.0
37,70,37,70,0.0
37,71,37,71,0.0
37,72,37,72,0.0
37,73,37,73,0.0
37,74,37,74,0.0
37,75,37,75,0.0
37,76,37,76,0.0
37,77,37,77,0.0
37,78,37,78,0.0
37,79,37,79,0.0
37,80,37,80,0.0
37,81,37,81,0.0
37,82,37,82,0.0
37,83,37,83,0.0
37,84,37,84,0.0
37,85,37,85,0.0
37,86,37,86,0.0
37,87,37,87,0.0
37,88,37,88,0.0
37,89,37,89,0.0
37,90,37,90,0.0
37,91,37,91,0.0
37,92,37,92,0.0
37,93,37,93,0.0
37,94,37,94,0.0
37,95,37,95,0.0
37,96,37,96,0.0
37,97,37,97,0.0
37,98,37,98,0.0
37,99,37,99,0.0
37,100,37,100,0.0
37,101,37,101,0.0
37,102,37,102,0.0
37,103,37,103,0.0
37,104,37,104,0.0
37,105,37,105,0.0
37,106,37,106,0.0
37,107,37,107,0.0
37,108,37,108,0.0
37,109,37,109,0.0
37,110,37,110,0.0
37,111,37,111,0.0
37,112,37,112,0.0
37,113,37,113,0.0
37,114,37,114,0.0
37,115,37,115,0.0
37,116,37,116,0.0
37,117,37,117,0.0
37,118,37,118,0.0
37,119,37,119,0.0
37,120,37,120,0.0
37,121,37,121,0.0
37,122,37,122,0.0
37,123,37,123,0.0
37,124,37,124,0.0
37,125,37,125,0.0
37,126,37,126,0.0
37,127,37,127,0.0
37,128,37,128,0.0
37,129,37,129,0.0
37,130,37,130,0.0
37,131,37,131,0.0
37,132,37,132,0.0
37,133,37,133,0.0
37,134,37,134,0.0
37,135,37,135,0.0
37,136,37,136,0.0
37,137,37,137,0.0
37,138,37,138,0.0
37,139,37,139,0.0
37,140,37,140,0.0
37,141,37,141,0.0
37,142,37,142,0.0
37,143,37,143,0.0
37,144,37,144,0.0
37,145,37,145,0.0
37,146,37,146,0.0
37,147,37,147,0.0
37,148,37,148,0.0
37,149,37,149,0.0
37,150,37,150,0.0
37,151,37,151,0.0
37,152,37,152,0.0
37,153,37,153,0.0
37,154,37,154,0.0
37,155,37,155,0.0
37,156,37,156,0.0
37,157,37,157,0.0
37,158,37,158,0.0
37,159,37,159,0.0
37,160,37,160,0.0
37,161,37,161,0.0
37,162,37,162,0.0
37,163,37,163,0.0
37,164,37,164,0.0
37,165,37,165,0.0
37,166,37,166,0.0
37,167,37,167,0.0
37,168,37,168,0.0
37,169,37,169,0.0
37,170,37,170,0.0
37,171,37,171,0.0
37,172,37,172,0.0
37,173,37,173,0.0
37,174,37,174,0.0
37,175,37,175,0.0
37,176,37,176,0.0
37,177,37,177,0.0
37,178,37,178,0.0
37,179,37,179,0.0
37,180,37,180,0.0
37,181,37,181,0.0
37,182,37,182,0.0
37,183,37,183,0.0
37,184,37,184,0.0
37,185,37,185,0.0
37,186,37,186,0.0
37,187,37,187,0.0
37,188,37,188,0.0
37,189,37,189,0.0
37,190,37,190,0.0
37,191,37,191,0.0
37,192,37,192,0.0
37,193,37,193,0.0
37,194,37,194,0.0
37,195,37,195,0.0
37,196,37,196,0.0
37,197,37,197,0.0
37,198,37,198,0.0
37,199,37,199,0.0
37,200,37,200,0.0
37,201,37,201,0.002446105943414683
37,202,37,202,0.0
37,203,37,203,0.0
37,204,37,204,0.0
37,205,37,205,0.0
37,206,37,206,0.0
37,207,37,207,-0.1510240154895227
37,208,37,208,-0.17213213662753904
37,209,37,209,-0.06671222033610835
37,210,37,210,-0.08844926240253544
37,211,37,211,-0.08238599943460163
37,212,37,212,0.0
37,213,37,213,-0.022891114504485176
37,214,37,214,-0.025171097684312742
37,215,37,215,0.01384295566419033
37,216,37,216,0.0
37,217,37,217,-0.0289301257894968
37,218,37,218,-0.029730105808963188
37,219,37,219,0.07854070667045895
37,220,37,220,-0.15729005593032716
37,221,37,221,-0.042533700694178056
37,222,37,222,-0.13343449298854612
37,223,37,223,0.0
37,224,37,224,-0.03777866645385124
37,225,37,225,-0.037504532120699076
37,226,37,226,-0.04620180192726615
37,227,37,227,-0.02873189973983567
37,228,37,228,0.0
37,229,37,229,0.0
37,230,37,230,0.0
37,231,37,231,0.0
37,232,37,232,0.0
37,233,37,233,-0.029794265888356153
37,234,37,234,0.02419348309969503
37,235,37,235,0.9804142519728631
37,236,37,236,0.1486381434080719
37,237,37,237,0.09687542467204772
37,238,37,238,-0.0523924553032324
37,239,37,239,-0.08429440564656766
37,240,37,240,-0.0018413756212103793
37,241,37,241,-0.026026638943423126
37,242,37,242,-0.029111062606462523
37,243,37,243,-0.027637250019094547
37,244,37,244,0.0
37,245,37,245,0.0
37,246,37,246,0.0
37,247,37,247,0.0
37,248,37,248,0.0
37,249,37,249,0.0
37,250,37,250,-0.052136699876479814
37,251,37,251,-0.05514907282305536
37,252,37,252,0.06139484706460697
37,253,37,253,0.07312775107676404
37,254,37,254,0.0
37,255,37,255,0.0
37,256,37,256,-0.081008312891344
37,257,37,257,-0.09422720097883348
37,258,37,258,0.0007118142478132178
37,259,37,259,-0.000254204798896369
37,260,37,260,-0.061198673308521745
37,261,37,261,-0.07295919740927631
37,262,37,262,-0.07829331981808985
37,263,37,263,0.0
37,264,37,264,0.0
37,265,37,265,0.06434198896292637
37,266,37,266,0.0621978739861194
37,267,37,267,0.0
37,268,37,268,0.0
37,269,37,269,0.0
37,270,37,270,0.0
37,271,37,271,0.0
37,272,37,272,0.0
37,273,37,273,0.0
37,274,37,274,0.0
37,275,37,275,0.0
37,276,37,276,-0.045317081754069184
37,277,37,277,0.0
37,278,37,278,0.0
37,279,37,279,0.0
37,280,37,280,0.0
37,281,37,281,0.0
37,282,37,282,0.0
37,283,37,283,-0.11563251930774628
37,284,37,284,-0.07235978347783295
37,285,37,285,-0.10244486260671788
37,286,37,286,-0.09202621750741104
37,287,37,287,-0.06095082486781756
37,288,37,288,-0.07149996250329632
37,289,37,289,-0.1213509934421945
37,290,37,290,-0.0679997178249583
37,291,37,291,0.0
37,292,37,292,0.0
37,293,37,293,0.0
37,294,37,294,-0.056199504906257955
37,295,37,295,-0.057310945027646026
37,296,37,296,0.0
37,297,37,297,0.0
37,298,37,298,0.0
38,39,38,39,0.0
38,40,38,40,0.0
38,41,38,41,0.0
38,42,38,42,0.0
38,43,38,43,0.02148965778143942
38,44,38,44,0.0
38,45,38,45,0.0
38,46,38,46,0.0
38,47,38,47,0.0
38,48,38,48,0.0
38,49,38,49,0.0
38,50,38,50,0.0
38,51,38,51,0.0
38,52,38,52,0.0
38,53,38,53,0.0
38,54,38,54,0.0
38,55,38,55,0.0
38,56,38,56,0.0
38,57,38,57,0.0
38,58,38,58,0.0
38,59,38,59,0.0
38,60,38,60,0.0
38,61,38,61,0.0
38,62,38,62,0.0
38,63,38,63,0.0
38,64,38,64,0.0
38,65,38,65,0.0
38,66,38,66,0.0
38,67,38,67,0.0
38,68,38,68,0.0
38,69,38,69,0.0
38,70,38,70,0.0
38,71,38,71,0.0
38,72,38,72,0.0
38,73,38,73,0.0
38,74,38,74,0.0
38,75,38,75,0.0
38,76,38,76,0.0
38,77,38,77,0.0
38,78,38,78,0.0
38,79,38,79,0.0
38,80,38,80,0.0
38,81,38,81,0.0
38,82,38,82,0.0
38,83,38,83,0.0
38,84,38,84,0.0
38,85,38,85,0.0
38,86,38,86,0.0
38,87,38,87,0.0
38,88,38,88,0.0
38,89,38,89,0.0
38,90,38,90,0.0
38,91,38,91,0.0
38,92,38,92,0.0
38,93,38,93,0.0
38,94,38,94,0.0
38,95,38,95,0.0
38,96,38,96,0.0
38,97,38,97,0.0
38,98,38,98,0.0
38,99,38,99,0.0
38,100,38,100,0.0
38,101,38,101,0.0
38,102,38,102,0.0
38,103,38,103,0.0
38,104,38,104,0.0
38,105,38,105,0.0
38,106,38,106,0.0
38,107,38,107,0.0
38,108,38,108,0.0
38,109,38,109,0.0
38,110,38,110,0.0
38,111,38,111,0.0
38,112,38,112,0.0
38,113,38,113,0.0
38,114,38,114,0.0
38,115,38,115,0.0
38,116,38,116,0.0
38,117,38,117,0.0
38,118,38,118,0.0
38,119,38,119,0.0
38,120,38,120,0.0
38,121,38,121,0.0
38,122,38,122,0.0
38,123,38,123,0.0
38,124,38,124,0.0
38,125,38,125,0.0
38,126,38,126,0.0
38,127,38,127,0.0
38,128,38,128,0.0
38,129,38,129,0.0
38,130,38,130,0.0
38,131,38,131,0.0
38,132,38,132,0.0
38,133,38,133,0.0
38,134,38,134,0.0
38,135,38,135,0.0
38,136,38,136,0.0
38,137,38,137,0.0
38,138,38,138,0.0
38,139,38,139,0.0
38,140,38,140,0.0
38,141,38,141,0.0
38,142,38,142,0.0
38,143,38,143,0.0
38,144,38,144,0.0
38,145,38,145,0.0
38,146,38,146,0.0
38,147,38,147,0.0
38,148,38,148,0.0
38,149,38,149,0.0
38,150,38,150,0.0
38,151,38,151,0.0
38,152,38,152,0.0
38,153,38,153,0.0
38,154,38,154,0.0
38,155,38,155,0.0
38,156,38,156,0.0
38,157,38,157,0.0
38,158,38,158,0.0
38,159,38,159,0.0
38,160,38,160,0.0
38,161,38,161,0.0
38,162,38,162,0.0
38,163,38,163,0.0
38,164,38,164,0.0
38,165,38,165,0.0
38,166,38,166,0.0
38,167,38,167,0.0
38,168,38,168,0.0
38,169,38,169,0.0
38,170,38,170,0.0
38,171,38,171,0.0
38,172,38,172,0.0
38,173,38,173,0.0
38,174,38,174,0.0
38,175,38,175,0.0
38,176,38,176,0.0
38,177,38,177,0.0
38,178,38,178,0.0
38,179,38,179,0.0
38,180,38,180,0.0
38,181,38,181,0.0
38,182,38,182,0.0
38,183,38,183,0.0
38,184,38,184,0.0
38,185,38,185,0.0
38,186,38,186,0.0
38,187,38,187,0.0
38,188,38,188,0.0
38,189,38,189,0.0
38,190,38,190,0.0
38,191,38,191,0.0
38,192,38,192,0.0
38,193,38,193,0.0
38,194,38,194,0.0
38,195,38,195,0.0
38,196,38,196,0.0
38,197,38,197,0.0
38,198,38,198,0.0
38,199,38,199,0.0
38,200,38,200,0.0
38,201,38,201,0.12301602345261699
38,202,38,202,0.0
38,203,38,203,0.0
38,204,38,204,0.0
38,205,38,205,0.0
38,206,38,206,0.0
38,207,38,207,0.1813126727944584
38,208,38,208,0.06025484449468738
38,209,38,209,-0.08727824754832639
38,210,38,210,-0.023976565347020747
38,211,38,211,0.1381316913111014
38,212,38,212,0.0
38,213,38,213,0.03681544969212304
38,214,38,214,0.02705172431754936
38,215,38,215,-0.022885535156115317
38,216,38,216,0.0
38,217,38,217,0.10796859841989664
38,218,38,218,0.10954794067375216
38,219,38,219,0.031364740868022795
38,220,38,220,0.15249428124827527
38,221,38,221,0.14004674574083936
38,222,38,222,0.16139949929616743
38,223,38,223,0.0
38,224,38,224,-0.204544576841487
38,225,38,225,-0.06928832888065843
38,226,38,226,-0.23778275857418915
38,227,38,227,-0.2505404883752786
38,228,38,228,0.0
38,229,38,229,0.0
38,230,38,230,0.0
38,231,38,231,0.0
38,232,38,232,0.0
38,233,38,233,0.08310123896834785
38,234,38,234,0.10497920780583485
38,235,38,235,-0.05255300988823382
38,236,38,236,-0.0055274683352903335
38,237,38,237,0.014106688820688966
38,238,38,238,0.07929128946059683
38,239,38,239,0.08376511570311637
38,240,38,240,0.05730162405892074
38,241,38,241,0.07287572682565331
38,242,38,242,0.07010491314275712
38,243,38,243,0.0692903532728193
38,244,38,244,0.0
38,245,38,245,0.0
38,246,38,246,0.0
38,247,38,247,0.0
38,248,38,248,0.0
38,249,38,249,0.0
38,250,38,250,0.0754827470039746
38,251,38,251,0.0741293814110448
38,252,38,252,-0.07581697428441156
38,253,38,253,-0.0741093892552611
38,254,38,254,0.0
38,255,38,255,0.0
38,256,38,256,0.0836630922581727
38,257,38,257,0.08260626796602678
38,258,38,258,-0.0002011010782141622
38,259,38,259,0.0008864321159386331
38,260,38,260,0.07550836780340257
38,261,38,261,0.07389562245979715
38,262,38,262,0.07343543189004921
38,263,38,263,0.0
38,264,38,264,0.0
38,265,38,265,0.13629011541438157
38,266,38,266,0.1217548744421686
38,267,38,267,0.0
38,268,38,268,0.0
38,269,38,269,0.0
38,270,38,270,0.0
38,271,38,271,0.0
38,272,38,272,0.0
38,273,38,273,0.0
38,274,38,274,0.0
38,275,38,275,0.0
38,276,38,276,0.07237607576153647
38,277,38,277,0.0
38,278,38,278,0.0
38,279,38,279,0.0
38,280,38,280,0.0
38,281,38,281,0.0
38,282,38,282,0.0
38,283,38,283,0.10227826835792939
38,284,38,284,0.09608929387767527
38,285,38,285,0.09976962914422076
38,286,38,286,0.09822948451641071
38,287,38,287,0.0936757355351079
38,288,38,288,0.06796722298837454
38,289,38,289,0.09671754017487535
38,290,38,290,0.08852640712007316
38,291,38,291,0.0
38,292,38,292,0.0
38,293,38,293,0.0
38,294,38,294,0.07125864018128515
38,295,38,295,0.07154891473266504
38,296,38,296,0.0
38,297,38,297,0.0
38,298,38,298,0.0
39,40,39,40,0.0
39,41,39,41,0.0
39,42,39,42,0.0
39,43,39,43,0.0
39,44,39,44,0.0
39,45,39,45,0.0
39,46,39,46,0.0
39,47,39,47,0.0
39,48,39,48,0.0
39,49,39,49,0.0
39,50,39,50,0.0
39,51,39,51,0.0
39,52,39,52,0.0
39,53,39,53,0.0
39,54,39,54,0.0
39,55,39,55,0.0
39,56,39,56,0.0
39,57,39,57,0.0
39,58,39,58,0.0
39,59,39,59,0.0
39,60,39,60,0.0
39,61,39,61,0.0
39,62,39,62,0.0
39,63,39,63,0.0
39,64,39,64,0.0
39,65,39,65,0.0
39,66,39,66,0.0
39,67,39,67,0.0
39,68,39,68,0.0
39,69,39,69,0.0
39,70,39,70,0.0
39,71,39,71,0.0
39,72,39,72,0.0
39,73,39,73,0.0
39,74,39,74,0.0
39,75,39,75,0.0
39,76,39,76,0.0
39,77,39,77,0.0
39,78,39,78,0.0
39,79,39,79,0.0
39,80,39,80,0.0
39,81,39,81,0.0
39,82,39,82,0.0
39,83,39,83,0.0
39,84,39,84,0.0
39,85,39,85,0.0
39,86,39,86,0.0
39,87,39,87,0.0
39,88,39,88,0.0
39,89,39,89,0.0
39,90,39,90,0.0
39,91,39,91,0.0
39,92,39,92,0.0
39,93,39,93,0.0
39,94,39,94,0.0
39,95,39,95,0.0
39,96,39,96,0.0
39,97,39,97,0.0
39,98,39,98,0.0
39,99,39,99,0.0
39,100,39,100,0.0
39,101,39,101,0.0
39,102,39,102,0.0
39,103,39,103,0.0
39,104,39,104,0.0
39,105,39,105,0.0
39,106,39,106,0.0
39,107,39,107,0.0
39,108,39,108,0.0
39,109,39,109,0.0
39,110,39,110,0.0
39,111,39,111,0.0
39,112,39,112,0.0
39,113,39,113,0.0
39,114,39,114,0.0
39,115,39,115,0.0
39,116,39,116,0.0
39,117,39,117,0.0
39,118,39,118,0.0
39,119,39,119,0.0
39,120,39,120,0.0
39,121,39,121,0.0
39,122,39,122,0.0
39,123,39,123,0.0
39,124,39,124,0.0
39,125,39,125,0.0
39,126,39,126,0.0
39,127,39,127,0.0
39,128,39,128,0.0
39,129,39,129,0.0
39,130,39,130,0.0
39,131,39,131,0.0
39,132,39,132,0.0
39,133,39,133,0.0
39,134,39,134,0.0
39,135,39,135,0.0
39,136,39,136,0.0
39,137,39,137,0.0
39,138,39,138,0.0
39,139,39,139,0.0
39,140,39,140,0.0
39,141,39,141,0.0
39,142,39,142,0.0
39,143,39,143,0.0
39,144,39,144,0.0
39,145,39,145,0.0
39,146,39,146,0.0
39,147,39,147,0.0
39,148,39,148,0.0
39,149,39,149,0.0
39,150,39,150,0.0
39,151,39,151,0.0
39,152,39,152,0.0
39,153,39,153,0.0
39,154,39,154,0.0
39,155,39,155,0.0
39,156,39,156,0.0
39,157,39,157,0.0
39,158,39,158,0.0
39,159,39,159,0.0
39,160,39,160,0.0
39,161,39,161,0.0
39,162,39,162,0.0
39,163,39,163,0.0
39,164,39,164,0.0
39,165,39,165,0.0
39,166,39,166,0.0
39,167,39,167,0.0
39,168,39,168,0.0
39,169,39,169,0.0
39,170,39,170,0.0
39,171,39,171,0.0
39,172,39,172,0.0
39,173,39,173,0.0
39,174,39,174,0.0
39,175,39,175,0.0
39,176,39,176,0.0
39,177,39,177,0.0
39,178,39,178,0.0
39,179,39,179,0.0
39,180,39,180,0.0
39,181,39,181,0.0
39,182,39,182,0.0
39,183,39,183,0.0
39,184,39,184,0.0
39,185,39,185,0.0
39,186,39,186,0.0
39,187,39,187,0.0
39,188,39,188,0.0
39,189,39,189,0.0
39,190,39,190,0.0
39,191,39,191,0.0
39,192,39,192,0.0
39,193,39,193,0.0
39,194,39,194,0.0
39,195,39,195,0.0
39,196,39,196,0.0
39,197,39,197,0.0
39,198,39,198,0.0
39,199,39,199,0.0
39,200,39,200,0.0
39,201,39,201,0.0
39,202,39,202,0.0
39,203,39,203,0.0
39,204,39,204,0.0
39,205,39,205,0.0
39,206,39,206,0.0
39,207,39,207,0.0
39,208,39,208,0.0
39,209,39,209,0.0
39,210,39,210,0.0
39,211,39,211,0.0
39,212,39,212,0.0
39,213,39,213,0.0
39,214,39,214,0.0
39,215,39,215,0.0
39,216,39,216,0.0
39,217,39,217,0.0
39,218,39,218,0.0
39,219,39,219,0.0
39,220,39,220,0.0
39,221,39,221,0.0
39,222,39,222,0.0
39,223,39,223,0.0
39,224,39,224,0.0
39,225,39,225,0.0
39,226,39,226,0.0
39,227,39,227,0.0
39,228,39,228,0.0
39,229,39,229,0.0
39,230,39,230,0.0
39,231,39,231,0.0
39,232,39,232,0.0
39,233,39,233,0.0
39,234,39,234,0.0
39,235,39,235,0.0
39,236,39,236,0.0
39,237,39,237,0.0
39,238,39,238,0.0
39,239,39,239,0.0
39,240,39,240,0.0
39,241,39,241,0.0
39,242,39,242,0.0
39,243,39,243,0.0
39,244,39,244,0.0
39,245,39,245,0.0
39,246,39,246,0.0
39,247,39,247,0.0
39,248,39,248,0.0
39,249,39,249,0.0
39,250,39,250,0.0
39,251,39,251,0.0
39,252,39,252,0.0
39,253,39,253,0.0
39,254,39,254,0.0
39,255,39,255,0.0
39,256,39,256,0.0
39,257,39,257,0.0
39,258,39,258,0.0
39,259,39,259,0.0
39,260,39,260,0.0
39,261,39,261,0.0
39,262,39,262,0.0
39,263,39,263,0.0
39,264,39,264,0.0
39,265,39,265,0.0
39,266,39,266,0.0
39,267,39,267,0.0
39,268,39,268,0.0
39,269,39,269,0.0
39,270,39,270,0.0
39,271,39,271,0.0
39,272,39,272,0.0
39,273,39,273,0.0
39,274,39,274,0.0
39,275,39,275,0.0
39,276,39,276,0.0
39,277,39,277,0.0
39,278,39,278,0.0
39,279,39,279,0.0
39,280,39,280,0.0
39,281,39,281,0.0
39,282,39,282,0.0
39,283,39,283,0.0
39,284,39,284,0.0
39,285,39,285,0.0
39,286,39,286,0.0
39,287,39,287,0.0
39,288,39,288,0.0
39,289,39,289,0.0
39,290,39,290,0.0
39,291,39,291,0.0
39,292,39,292,0.0
39,293,39,293,0.0
39,294,39,294,0.0
39,295,39,295,0.0
39,296,39,296,0.0
39,297,39,297,0.0
39,298,39,298,0.0
40,41,40,41,0.0
40,42,40,42,0.0
40,43,40,43,0.0
40,44,40,44,0.0
40,45,40,45,0.0
40,46,40,46,0.0
40,47,40,47,0.0
40,48,40,48,0.0
40,49,40,49,0.0
40,50,40,50,0.0
40,51,40,51,0.0
40,52,40,52,0.0
40,53,40,53,0.0
40,54,40,54,0.0
40,55,40,55,0.0
40,56,40,56,0.0
40,57,40,57,0.0
40,58,40,58,0.0
40,59,40,59,0.0
40,60,40,60,0.0
40,61,40,61,0.0
40,62,40,62,0.0
40,63,40,63,0.0
40,64,40,64,0.0
40,65,40,65,0.0
40,66,40,66,0.0
40,67,40,67,0.0
40,68,40,68,0.0
40,69,40,69,0.0
40,70,40,70,0.0
40,71,40,71,0.0
40,72,40,72,0.0
40,73,40,73,0.0
40,74,40,74,0.0
40,75,40,75,0.0
40,76,40,76,0.0
40,77,40,77,0.0
40,78,40,78,0.0
40,79,40,79,0.0
40,80,40,80,0.0
40,81,40,81,0.0
40,82,40,82,0.0
40,83,40,83,0.0
40,84,40,84,0.0
40,85,40,85,0.0
40,86,40,86,0.0
40,87,40,87,0.0
40,88,40,88,0.0
40,89,40,89,0.0
40,90,40,90,0.0
40,91,40,91,0.0
40,92,40,92,0.0
40,93,40,93,0.0
40,94,40,94,0.0
40,95,40,95,0.0
40,96,40,96,0.0
40,97,40,97,0.0
40,98,40,98,0.0
40,99,40,99,0.0
40,100,40,100,0.0
40,101,40,101,0.0
40,102,40,102,0.0
40,103,40,103,0.0
40,104,40,104,0.0
40,105,40,105,0.0
40,106,40,106,0.0
40,107,40,107,0.0
40,108,40,108,0.0
40,109,40,109,0.0
40,110,40,110,0.0
40,111,40,111,0.0
40,112,40,112,0.0
40,113,40,113,0.0
40,114,40,114,0.0
40,115,40,115,0.0
40,116,40,116,0.0
40,117,40,117,0.0
40,118,40,118,0.0
40,119,40,119,0.0
40,120,40,120,0.0
40,121,40,121,0.0
40,122,40,122,0.0
40,123,40,123,0.0
40,124,40,124,0.0
40,125,40,125,0.0
40,126,40,126,0.0
40,127,40,127,0.0
40,128,40,128,0.0
40,129,40,129,0.0
40,130,40,130,0.0
40,131,40,131,0.0
40,132,40,132,0.0
40,133,40,133,0.0
40,134,40,134,0.0
40,135,40,135,0.0
40,136,40,136,0.0
40,137,40,137,0.0
40,138,40,138,0.0
40,139,40,139,0.0
40,140,40,140,0.0
40,141,40,141,0.0
40,142,40,142,0.0
40,143,40,143,0.0
40,144,40,144,0.0
40,145,40,145,0.0
40,146,40,146,0.0
40,147,40,147,0.0
40,148,40,148,0.0
40,149,40,149,0.0
40,150,40,150,0.0
40,151,40,151,0.0
40,152,40,152,0.0
40,153,40,153,0.0
40,154,40,154,0.0
40,155,40,155,0.0
40,156,40,156,0.0
40,157,40,157,0.0
40,158,40,158,0.0
40,159,40,159,0.0
40,160,40,160,0.0
40,161,40,161,0.0
40,162,40,162,0.0
40,163,40,163,0.0
40,164,40,164,0.0
40,165,40,165,0.0
40,166,40,166,0.0
40,167,40,167,0.0
40,168,40,168,0.0
40,169,40,169,0.0
40,170,40,170,0.0
40,171,40,171,0.0
40,172,40,172,0.0
40,173,40,173,0.0
40,174,40,174,0.0
40,175,40,175,0.0
40,176,40,176,0.0
40,177,40,177,0.0
40,178,40,178,0.0
40,179,40,179,0.0
40,180,40,180,0.0
40,181,40,181,0.0
40,182,40,182,0.0
40,183,40,183,0.0
40,184,40,184,0.0
40,185,40,185,0.0
40,186,40,186,0.0
40,187,40,187,0.0
40,188,40,188,0.0
40,189,40,189,0.0
40,190,40,190,0.0
40,191,40,191,0.0
40,192,40,192,0.0
40,193,40,193,0.0
40,194,40,194,0.0
40,195,40,195,0.0
40,196,40,196,0.0
40,197,40,197,0.0
40,198,40,198,0.0
40,199,40,199,0.0
40,200,40,200,0.0
40,201,40,201,0.0
40,202,40,202,0.0
40,203,40,203,0.0
40,204,40,204,0.0
40,205,40,205,0.0
40,206,40,206,0.0
40,207,40,207,0.0
40,208,40,208,0.0
40,209,40,209,0.0
40,210,40,210,0.0
40,211,40,211,0.0
40,212,40,212,0.0
40,213,40,213,0.0
40,214,40,214,0.0
40,215,40,215,0.0
40,216,40,216,0.0
40,217,40,217,0.0
40,218,40,218,0.0
40,219,40,219,0.0
40,220,40,220,0.0
40,221,40,221,0.0
40,222,40,222,0.0
40,223,40,223,0.0
40,224,40,224,0.0
40,225,40,225,0.0
40,226,40,226,0.0
40,227,40,227,0.0
40,228,40,228,0.0
40,229,40,229,0.0
40,230,40,230,0.0
40,231,40,231,0.0
40,232,40,232,0.0
40,233,40,233,0.0
40,234,40,234,0.0
40,235,40,235,0.0
40,236,40,236,0.0
40,237,40,237,0.0
40,238,40,238,0.0
40,239,40,239,0.0
40,240,40,240,0.0
40,241,40,241,0.0
40,242,40,242,0.0
40,243,40,243,0.0
40,244,40,244,0.0
40,245,40,245,0.0
40,246,40,246,0.0
40,247,40,247,0.0
40,248,40,248,0.0
40,249,40,249,0.0
40,250,40,250,0.0
40,251,40,251,0.0
40,252,40,252,0.0
40,253,40,253,0.0
40,254,40,254,0.0
40,255,40,255,0.0
40,256,40,256,0.0
40,257,40,257,0.0
40,258,40,258,0.0
40,259,40,259,0.0
40,260,40,260,0.0
40,261,40,261,0.0
40,262,40,262,0.0
40,263,40,263,0.0
40,264,40,264,0.0
40,265,40,265,0.0
40,266,40,266,0.0
40,267,40,267,0.0
40,268,40,268,0.0
40,269,40,269,0.0
40,270,40,270,0.0
40,271,40,271,0.0
40,272,40,272,0.0
40,273,40,273,0.0
40,274,40,274,0.0
40,275,40,275,0.0
40,276,40,276,0.0
40,277,40,277,0.0
40,278,40,278,0.0
40,279,40,279,0.0
40,280,40,280,0.0
40,281,40,281,0.0
40,282,40,282,0.0
40,283,40,283,0.0
40,284,40,284,0.0
40,285,40,285,0.0
40,286,40,286,0.0
40,287,40,287,0.0
40,288,40,288,0.0
40,289,40,289,0.0
40,290,40,290,0.0
40,291,40,291,0.0
40,292,40,292,0.0
40,293,40,293,0.0
40,294,40,294,0.0
40,295,40,295,0.0
40,296,40,296,0.0
40,297,40,297,0.0
40,298,40,298,0.0
41,42,41,42,0.0
41,43,41,43,0.0
41,44,41,44,0.0
41,45,41,45,0.0
41,46,41,46,0.0
41,47,41,47,0.0
41,48,41,48,0.0
41,49,41,49,0.0
41,50,41,50,0.0
41,51,41,51,0.0
41,52,41,52,0.0
41,53,41,53,0.0
41,54,41,54,0.0
41,55,41,55,0.0
41,56,41,56,0.0
41,57,41,57,0.0
41,58,41,58,0.0
41,59,41,59,0.0
41,60,41,60,0.0
41,61,41,61,0.0
41,62,41,62,0.0
41,63,41,63,0.0
41,64,41,64,0.0
41,65,41,65,0.0
41,66,41,66,0.0
41,67,41,67,0.0
41,68,41,68,0.0
41,69,41,69,0.0
41,70,41,70,0.0
41,71,41,71,0.0
41,72,41,72,0.0
41,73,41,73,0.0
41,74,41,74,0.0
41,75,41,75,0.0
41,76,41,76,0.0
41,77,41,77,0.0
41,78,41,78,0.0
41,79,41,79,0.0
41,80,41,80,0.0
41,81,41,81,0.0
41,82,41,82,0.0
41,83,41,83,0.0
41,84,41,84,0.0
41,85,41,85,0.0
41,86,41,86,0.0
41,87,41,87,0.0
41,88,41,88,0.0
41,89,41,89,0.0
41,90,41,90,0.0
41,91,41,91,0.0
41,92,41,92,0.0
41,93,41,93,0.0
41,94,41,94,0.0
41,95,41,95,0.0
41,96,41,96,0.0
41,97,41,97,0.0
41,98,41,98,0.0
41,99,41,99,0.0
41,100,41,100,0.0
41,101,41,101,0.0
41,102,41,102,0.0
41,103,41,103,0.0
41,104,41,104,0.0
41,105,41,105,0.0
41,106,41,106,0.0
41,107,41,107,0.0
41,108,41,108,0.0
41,109,41,109,0.0
41,110,41,110,0.0
41,111,41,111,0.0
41,112,41,112,0.0
41,113,41,113,0.0
41,114,41,114,0.0
41,115,41,115,0.0
41,116,41,116,0.0
41,117,41,117,0.0
41,118,41,118,0.0
41,119,41,119,0.0
41,120,41,120,0.0
41,121,41,121,0.0
41,122,41,122,0.0
41,123,41,123,0.0
41,124,41,124,0.0
41,125,41,125,0.0
41,126,41,126,0.0
41,127,41,127,0.0
41,128,41,128,0.0
41,129,41,129,0.0
41,130,41,130,0.0
41,131,41,131,0.0
41,132,41,132,0.0
41,133,41,133,0.0
41,134,41,134,0.0
41,135,41,135,0.0
41,136,41,136,0.0
41,137,41,137,0.0
41,138,41,138,0.0
41,139,41,139,0.0
41,140,41,140,0.0
41,141,41,141,0.0
41,142,41,142,0.0
41,143,41,143,0.0
41,144,41,144,0.0
41,145,41,145,0.0
41,146,41,146,0.0
41,147,41,147,0.0
41,148,41,148,0.0
41,149,41,149,0.0
41,150,41,150,0.0
41,151,41,151,0.0
41,152,41,152,0.0
41,153,41,153,0.0
41,154,41,154,0.0
41,155,41,155,0.0
41,156,41,156,0.0
41,157,41,157,0.0
41,158,41,158,0.0
41,159,41,159,0.0
41,160,41,160,0.0
41,161,41,161,0.0
41,162,41,162,0.0
41,163,41,163,0.0
41,164,41,164,0.0
41,165,41,165,0.0
41,166,41,166,0.0
41,167,41,167,0.0
41,168,41,168,0.0
41,169,41,169,0.0
41,170,41,170,0.0
41,171,41,171,0.0
41,172,41,172,0.0
41,173,41,173,0.0
41,174,41,174,0.0
41,175,41,175,0.0
41,176,41,176,0.0
41,177,41,177,0.0
41,178,41,178,0.0
41,179,41,179,0.0
41,180,41,180,0.0
41,181,41,181,0.0
41,182,41,182,0.0
41,183,41,183,0.0
41,184,41,184,0.0
41,185,41,185,0.0
41,186,41,186,0.0
41,187,41,187,0.0
41,188,41,188,0.0
41,189,41,189,0.0
41,190,41,190,0.0
41,191,41,191,0.0
41,192,41,192,0.0
41,193,41,193,0.0
41,194,41,194,0.0
41,195,41,195,0.0
41,196,41,196,0.0
41,197,41,197,0.0
41,198,41,198,0.0
41,199,41,199,0.0
41,200,41,200,0.0
41,201,41,201,0.0
41,202,41,202,0.0
41,203,41,203,0.0
41,204,41,204,0.0
41,205,41,205,0.0
41,206,41,206,0.0
41,207,41,207,0.0
41,208,41,208,0.0
41,209,41,209,0.0
41,210,41,210,0.0
41,211,41,211,0.0
41,212,41,212,0.0
41,213,41,213,0.0
41,214,41,214,0.0
41,215,41,215,0.0
41,216,41,216,0.0
41,217,41,217,0.0
41,218,41,218,0.0
41,219,41,219,0.0
41,220,41,220,0.0
41,221,41,221,0.0
41,222,41,222,0.0
41,223,41,223,0.0
41,224,41,224,0.0
41,225,41,225,0.0
41,226,41,226,0.0
41,227,41,227,0.0
41,228,41,228,0.0
41,229,41,229,0.0
41,230,41,230,0.0
41,231,41,231,0.0
41,232,41,232,0.0
41,233,41,233,0.0
41,234,41,234,0.0
41,235,41,235,0.0
41,236,41,236,0.0
41,237,41,237,0.0
41,238,41,238,0.0
41,239,41,239,0.0
41,240,41,240,0.0
41,241,41,241,0.0
41,242,41,242,0.0
41,243,41,243,0.0
41,244,41,244,0.0
41,245,41,245,0.0
41,246,41,246,0.0
41,247,41,247,0.0
41,248,41,248,0.0
41,249,41,249,0.0
41,250,41,250,0.0
41,251,41,251,0.0
41,252,41,252,0.0
41,253,41,253,0.0
41,254,41,254,0.0
41,255,41,255,0.0
41,256,41,256,0.0
41,257,41,257,0.0
41,258,41,258,0.0
41,259,41,259,0.0
41,260,41,260,0.0
41,261,41,261,0.0
41,262,41,262,0.0
41,263,41,263,0.0
41,264,41,264,0.0
41,265,41,265,0.0
41,266,41,266,0.0
41,267,41,267,0.0
41,268,41,268,0.0
41,269,41,269,0.0
41,270,41,270,0.0
41,271,41,271,0.0
41,272,41,272,0.0
41,273,41,273,0.0
41,274,41,274,0.0
41,275,41,275,0.0
41,276,41,276,0.0
41,277,41,277,0.0
41,278,41,278,0.0
41,279,41,279,0.0
41,280,41,280,0.0
41,281,41,281,0.0
41,282,41,282,0.0
41,283,41,283,0.0
41,284,41,284,0.0
41,285,41,285,0.0
41,286,41,286,0.0
41,287,41,287,0.0
41,288,41,288,0.0
41,289,41,289,0.0
41,290,41,290,0.0
41,291,41,291,0.0
41,292,41,292,0.0
41,293,41,293,0.0
41,294,41,294,0.0
41,295,41,295,0.0
41,296,41,296,0.0
41,297,41,297,0.0
41,298,41,298,0.0
42,43,42,43,0.0
42,44,42,44,0.0
42,45,42,45,0.0
42,46,42,46,0.0
42,47,42,47,0.0
42,48,42,48,0.0
42,49,42,49,0.0
42,50,42,50,0.0
42,51,42,51,0.0
42,52,42,52,0.0
42,53,42,53,0.0
42,54,42,54,0.0
42,55,42,55,0.0
42,56,42,56,0.0
42,57,42,57,0.0
42,58,42,58,0.0
42,59,42,59,0.0
42,60,42,60,0.0
42,61,42,61,0.0
42,62,42,62,0.0
42,63,42,63,0.0
42,64,42,64,0.0
42,65,42,65,0.0
42,66,42,66,0.0
42,67,42,67,0.0
42,68,42,68,0.0
42,69,42,69,0.0
42,70,42,70,0.0
42,71,42,71,0.0
42,72,42,72,0.0
42,73,42,73,0.0
42,74,42,74,0.0
42,75,42,75,0.0
42,76,42,76,0.0
42,77,42,77,0.0
42,78,42,78,0.0
42,79,42,79,0.0
42,80,42,80,0.0
42,81,42,81,0.0
42,82,42,82,0.0
42,83,42,83,0.0
42,84,42,84,0.0
42,85,42,85,0.0
42,86,42,86,0.0
42,87,42,87,0.0
42,88,42,88,0.0
42,89,42,89,0.0
42,90,42,90,0.0
42,91,42,91,0.0
42,92,42,92,0.0
42,93,42,93,0.0
42,94,42,94,0.0
42,95,42,95,0.0
42,96,42,96,0.0
42,97,42,97,0.0
42,98,42,98,0.0
42,99,42,99,0.0
42,100,42,100,0.0
42,101,42,101,0.0
42,102,42,102,0.0
42,103,42,103,0.0
42,104,42,104,0.0
42,105,42,105,0.0
42,106,42,106,0.0
42,107,42,107,0.0
42,108,42,108,0.0
42,109,42,109,0.0
42,110,42,110,0.0
42,111,42,111,0.0
42,112,42,112,0.0
42,113,42,113,0.0
42,114,42,114,0.0
42,115,42,115,0.0
42,116,42,116,0.0
42,117,42,117,0.0
42,118,42,118,0.0
42,119,42,119,0.0
42,120,42,120,0.0
42,121,42,121,0.0
42,122,42,122,0.0
42,123,42,123,0.0
42,124,42,124,0.0
42,125,42,125,0.0
42,126,42,126,0.0
42,127,42,127,0.0
42,128,42,128,0.0
42,129,42,129,0.0
42,130,42,130,0.0
42,131,42,131,0.0
42,132,42,132,0.0
42,133,42,133,0.0
42,134,42,134,0.0
42,135,42,135,0.0
42,136,42,136,0.0
42,137,42,137,0.0
42,138,42,138,0.0
42,139,42,139,0.0
42,140,42,140,0.0
42,141,42,141,0.0
42,142,42,142,0.0
42,143,42,143,0.0
42,144,42,144,0.0
42,145,42,145,0.0
42,146,42,146,0.0
42,147,42,147,0.0
42,148,42,148,0.0
42,149,42,149,0.0
42,150,42,150,0.0
42,151,42,151,0.0
42,152,42,152,0.0
42,153,42,153,0.0
42,154,42,154,0.0
42,155,42,155,0.0
42,156,42,156,0.0
42,157,42,157,0.0
42,158,42,158,0.0
42,159,42,159,0.0
42,160,42,160,0.0
42,161,42,161,0.0
42,162,42,162,0.0
42,163,42,163,0.0
42,164,42,164,0.0
42,165,42,165,0.0
42,166,42,166,0.0
42,167,42,167,0.0
42,168,42,168,0.0
42,169,42,169,0.0
42,170,42,170,0.0
42,171,42,171,0.0
42,172,42,172,0.0
42,173,42,173,0.0
42,174,42,174,0.0
42,175,42,175,0.0
42,176,42,176,0.0
42,177,42,177,0.0
42,178,42,178,0.0
42,179,42,179,0.0
42,180,42,180,0.0
42,181,42,181,0.0
42,182,42,182,0.0
42,183,42,183,0.0
42,184,42,184,0.0
42,185,42,185,0.0
42,186,42,186,0.0
42,187,42,187,0.0
42,188,42,188,0.0
42,189,42,189,0.0
42,190,42,190,0.0
42,191,42,191,0.0
42,192,42,192,0.0
42,193,42,193,0.0
42,194,42,194,0.0
42,195,42,195,0.0
42,196,42,196,0.0
42,197,42,197,0.0
42,198,42,198,0.0
42,199,42,199,0.0
42,200,42,200,0.0
42,201,42,201,0.0
42,202,42,202,0.0
42,203,42,203,0.0
42,204,42,204,0.0
42,205,42,205,0.0
42,206,42,206,0.0
42,207,42,207,0.0
42,208,42,208,0.0
42,209,42,209,0.0
42,210,42,210,0.0
42,211,42,211,0.0
42,212,42,212,0.0
42,213,42,213,0.0
42,214,42,214,0.0
42,215,42,215,0.0
42,216,42,216,0.0
42,217,42,217,0.0
42,218,42,218,0.0
42,219,42,219,0.0
42,220,42,220,0.0
42,221,42,221,0.0
42,222,42,222,0.0
42,223,42,223,0.0
42,224,42,224,0.0
42,225,42,225,0.0
42,226,42,226,0.0
42,227,42,227,0.0
42,228,42,228,0.0
42,229,42,229,0.0
42,230,42,230,0.0
42,231,42,231,0.0
42,232,42,232,0.0
42,233,42,233,0.0
42,234,42,234,0.0
42,235,42,235,0.0
42,236,42,236,0.0
42,237,42,237,0.0
42,238,42,238,0.0
42,239,42,239,0.0
42,240,42,240,0.0
42,241,42,241,0.0
42,242,42,242,0.0
42,243,42,243,0.0
42,244,42,244,0.0
42,245,42,245,0.0
42,246,42,246,0.0
42,247,42,247,0.0
42,248,42,248,0.0
42,249,42,249,0.0
42,250,42,250,0.0
42,251,42,251,0.0
42,252,42,252,0.0
42,253,42,253,0.0
42,254,42,254,0.0
42,255,42,255,0.0
42,256,42,256,0.0
42,257,42,257,0.0
42,258,42,258,0.0
42,259,42,259,0.0
42,260,42,260,0.0
42,261,42,261,0.0
42,262,42,262,0.0
42,263,42,263,0.0
42,264,42,264,0.0
42,265,42,265,0.0
42,266,42,266,0.0
42,267,42,267,0.0
42,268,42,268,0.0
42,269,42,269,0.0
42,270,42,270,0.0
42,271,42,271,0.0
42,272,42,272,0.0
42,273,42,273,0.0
42,274,42,274,0.0
42,275,42,275,0.0
42,276,42,276,0.0
42,277,42,277,0.0
42,278,42,278,0.0
42,279,42,279,0.0
42,280,42,280,0.0
42,281,42,281,0.0
42,282,42,282,0.0
42,283,42,283,0.0
42,284,42,284,0.0
42,285,42,285,0.0
42,286,42,286,0.0
42,287,42,287,0.0
42,288,42,288,0.0
42,289,42,289,0.0
42,290,42,290,0.0
42,291,42,291,0.0
42,292,42,292,0.0
42,293,42,293,0.0
42,294,42,294,0.0
42,295,42,295,0.0
42,296,42,296,0.0
42,297,42,297,0.0
42,298,42,298,0.0
43,44,43,44,0.0
43,45,43,45,0.0
43,46,43,46,0.0
43,47,43,47,0.0
43,48,43,48,0.0
43,49,43,49,0.0
43,50,43,50,0.0
43,51,43,51,0.0
43,52,43,52,0.0
43,53,43,53,0.0
43,54,43,54,0.0
43,55,43,55,0.0
43,56,43,56,0.0
43,57,43,57,0.0
43,58,43,58,0.0
43,59,43,59,0.0
43,60,43,60,0.0
43,61,43,61,0.0
43,62,43,62,0.0
43,63,43,63,0.0
43,64,43,64,0.0
43,65,43,65,0.0
43,66,43,66,0.0
43,67,43,67,0.0
43,68,43,68,0.0
43,69,43,69,0.0
43,70,43,70,0.0
43,71,43,71,0.0
43,72,43,72,0.0
43,73,43,73,0.0
43,74,43,74,0.0
43,75,43,75,0.0
43,76,43,76,0.0
43,77,43,77,0.0
43,78,43,78,0.0
43,79,43,79,0.0
43,80,43,80,0.0
43,81,43,81,0.0
43,82,43,82,0.0
43,83,43,83,0.0
43,84,43,84,0.0
43,85,43,85,0.0
43,86,43,86,0.0
43,87,43,87,0.0
43,88,43,88,0.0
43,89,43,89,0.0
43,90,43,90,0.0
43,91,43,91,0.0
43,92,43,92,0.0
43,93,43,93,0.0
43,94,43,94,0.0
43,95,43,95,0.0
43,96,43,96,0.0
43,97,43,97,0.0
43,98,43,98,0.0
43,99,43,99,0.0
43,100,43,100,0.0
43,101,43,101,0.0
43,102,43,102,0.0
43,103,43,103,0.0
43,104,43,104,0.0
43,105,43,105,0.0
43,106,43,106,0.0
43,107,43,107,0.0
43,108,43,108,0.0
43,109,43,109,0.0
43,110,43,110,0.0
43,111,43,111,0.0
43,112,43,112,0.0
43,113,43,113,0.0
43,114,43,114,0.0
43,115,43,115,0.0
43,116,43,116,0.0
43,117,43,117,0.0
43,118,43,118,0.0
43,119,43,119,0.0
43,120,43,120,0.0
43,121,43,121,0.0
43,122,43,122,0.0
43,123,43,123,0.0
43,124,43,124,0.0
43,125,43,125,0.0
43,126,43,126,0.0
43,127,43,127,0.0
43,128,43,128,0.0
43,129,43,129,0.0
43,130,43,130,0.0
43,131,43,131,0.0
43,132,43,132,0.0
43,133,43,133,0.0
43,134,43,134,0.0
43,135,43,135,0.0
43,136,43,136,0.0
43,137,43,137,0.0
43,138,43,138,0.0
43,139,43,139,0.0
43,140,43,140,0.0
43,141,43,141,0.0
43,142,43,142,0.0
43,143,43,143,0.0
43,144,43,144,0.0
43,145,43,145,0.0
43,146,43,146,0.0
43,147,43,147,0.0
43,148,43,148,0.0
43,149,43,149,0.0
43,150,43,150,0.0
43,151,43,151,0.0
43,152,43,152,0.0
43,153,43,153,0.0
43,154,43,154,0.0
43,155,43,155,0.0
43,156,43,156,0.0
43,157,43,157,0.0
43,158,43,158,0.0
43,159,43,159,0.0
43,160,43,160,0.0
43,161,43,161,0.0
43,162,43,162,0.0
43,163,43,163,0.0
43,164,43,164,0.0
43,165,43,165,0.0
43,166,43,166,0.0
43,167,43,167,0.0
43,168,43,168,0.0
43,169,43,169,0.0
43,170,43,170,0.0
43,171,43,171,0.0
43,172,43,172,0.0
43,173,43,173,0.0
43,174,43,174,0.0
43,175,43,175,0.0
43,176,43,176,0.0
43,177,43,177,0.0
43,178,43,178,0.0
43,179,43,179,0.0
43,180,43,180,0.0
43,181,43,181,0.0
43,182,43,182,0.0
43,183,43,183,0.0
43,184,43,184,0.0
43,185,43,185,0.0
43,186,43,186,0.0
43,187,43,187,0.0
43,188,43,188,0.0
43,189,43,189,0.0
43,190,43,190,0.0
43,191,43,191,0.0
43,192,43,192,0.0
43,193,43,193,0.0
43,194,43,194,0.0
43,195,43,195,0.0
43,196,43,196,0.0
43,197,43,197,0.0
43,198,43,198,0.0
43,199,43,199,0.0
43,200,43,200,0.0
43,201,43,201,-0.22214391937800412
43,202,43,202,0.0
43,203,43,203,0.0
43,204,43,204,0.0
43,205,43,205,0.0
43,206,43,206,0.0
43,207,43,207,-0.050343159952352105
43,208,43,208,0.2037666700872533
43,209,43,209,0.5275474358325941
43,210,43,210,0.2167549322038732
43,211,43,211,-0.03200207031506774
43,212,43,212,0.0
43,213,43,213,0.04312660759130332
43,214,43,214,0.041887608196457655
43,215,43,215,-0.030635550547042326
43,216,43,216,0.0
43,217,43,217,0.0002809029885515817
43,218,43,218,0.00010595289728240561
43,219,43,219,0.03320624095059411
43,220,43,220,-0.03799547811202724
43,221,43,221,0.007475063900200291
43,222,43,222,-0.024953526916576818
43,223,43,223,0.0
43,224,43,224,0.4845754884873966
43,225,43,225,0.5028013467921203
43,226,43,226,0.48811101855034233
43,227,43,227,0.4530339808348899
43,228,43,228,0.0
43,229,43,229,0.0
43,230,43,230,0.0
43,231,43,231,0.0
43,232,43,232,0.0
43,233,43,233,0.002101877299684588
43,234,43,234,-0.20641791540158935
43,235,43,235,-0.15160638762266115
43,236,43,236,-0.050445070895101765
43,237,43,237,-0.024556879859805324
43,238,43,238,0.007609817430609994
43,239,43,239,0.06725945622132637
43,240,43,240,-0.00040755028793949913
43,241,43,241,-0.02166962738326932
43,242,43,242,0.005887919881499175
43,243,43,243,0.002389887278388655
43,244,43,244,0.0
43,245,43,245,0.0
43,246,43,246,0.0
43,247,43,247,0.0
43,248,43,248,0.0
43,249,43,249,0.0
43,250,43,250,0.015061051895904337
43,251,43,251,0.017709070466191412
43,252,43,252,-0.027083742927505542
43,253,43,253,-0.04468680904569006
43,254,43,254,0.0
43,255,43,255,0.0
43,256,43,256,0.022258466601551057
43,257,43,257,0.050308902384880214
43,258,43,258,-0.000874623519389047
43,259,43,259,-0.0029998503397220535
43,260,43,260,0.027052071322094577
43,261,43,261,0.04479932131500714
43,262,43,262,0.014488032580664487
43,263,43,263,0.0
43,264,43,264,0.0
43,265,43,265,-0.025487134434326462
43,266,43,266,0.005767630941195398
43,267,43,267,0.0
43,268,43,268,0.0
43,269,43,269,0.0
43,270,43,270,0.0
43,271,43,271,0.0
43,272,43,272,0.0
43,273,43,273,0.0
43,274,43,274,0.0
43,275,43,275,0.0
43,276,43,276,0.0022313539997912304
43,277,43,277,0.0
43,278,43,278,0.0
43,279,43,279,0.0
43,280,43,280,0.0
43,281,43,281,0.0
43,282,43,282,0.0
43,283,43,283,0.03242722305335569
43,284,43,284,0.02419493269396454
43,285,43,285,0.03919661730203673
43,286,43,286,0.031994977148660536
43,287,43,287,0.01661981291729871
43,288,43,288,0.01423862386642412
43,289,43,289,0.03815095085053647
43,290,43,290,0.03291877108500634
43,291,43,291,0.0
43,292,43,292,0.0
43,293,43,293,0.0
43,294,43,294,-0.0016769418965498026
43,295,43,295,-0.006298197235050717
43,296,43,296,0.0
43,297,43,297,0.0
43,298,43,298,0.0
44,45,44,45,0.0
44,46,44,46,0.0
44,47,44,47,0.0
44,48,44,48,0.0
44,49,44,49,0.0
44,50,44,50,0.0
44,51,44,51,0.0
44,52,44,52,0.0
44,53,44,53,0.0
44,54,44,54,0.0
44,55,44,55,0.0
44,56,44,56,0.0
44,57,44,57,0.0
44,58,44,58,0.0
44,59,44,59,0.0
44,60,44,60,0.0
44,61,44,61,0.0
44,62,44,62,0.0
44,63,44,63,0.0
44,64,44,64,0.0
44,65,44,65,0.0
44,66,44,66,0.0
44,67,44,67,0.0
44,68,44,68,0.0
44,69,44,69,0.0
44,70,44,70,0.0
44,71,44,71,0.0
44,72,44,72,0.0
44,73,44,73,0.0
44,74,44,74,0.0
44,75,44,75,0.0
44,76,44,76,0.0
44,77,44,77,0.0
44,78,44,78,0.0
44,79,44,79,0.0
44,80,44,80,0.0
44,81,44,81,0.0
44,82,44,82,0.0
44,83,44,83,0.0
44,84,44,84,0.0
44,85,44,85,0.0
44,86,44,86,0.0
44,87,44,87,0.0
44,88,44,88,0.0
44,89,44,89,0.0
44,90,44,90,0.0
44,91,44,91,0.0
44,92,44,92,0.0
44,93,44,93,0.0
44,94,44,94,0.0
44,95,44,95,0.0
44,96,44,96,0.0
44,97,44,97,0.0
44,98,44,98,0.0
44,99,44,99,0.0
44,100,44,100,0.0
44,101,44,101,0.0
44,102,44,102,0.0
44,103,44,103,0.0
44,104,44,104,0.0
44,105,44,105,0.0
44,106,44,106,0.0
44,107,44,107,0.0
44,108,44,108,0.0
44,109,44,109,0.0
44,110,44,110,0.0
44,111,44,111,0.0
44,112,44,112,0.0
44,113,44,113,0.0
44,114,44,114,0.0
44,115,44,115,0.0
44,116,44,116,0.0
44,117,44,117,0.0
44,118,44,118,0.0
44,119,44,119,0.0
44,120,44,120,0.0
44,121,44,121,0.0
44,122,44,122,0.0
44,123,44,123,0.0
44,124,44,124,0.0
44,125,44,125,0.0
44,126,44,126,0.0
44,127,44,127,0.0
44,128,44,128,0.0
44,129,44,129,0.0
44,130,44,130,0.0
44,131,44,131,0.0
44,132,44,132,0.0
44,133,44,133,0.0
44,134,44,134,0.0
44,135,44,135,0.0
44,136,44,136,0.0
44,137,44,137,0.0
44,138,44,138,0.0
44,139,44,139,0.0
44,140,44,140,0.0
44,141,44,141,0.0
44,142,44,142,0.0
44,143,44,143,0.0
44,144,44,144,0.0
44,145,44,145,0.0
44,146,44,146,0.0
44,147,44,147,0.0
44,148,44,148,0.0
44,149,44,149,0.0
44,150,44,150,0.0
44,151,44,151,0.0
44,152,44,152,0.0
44,153,44,153,0.0
44,154,44,154,0.0
44,155,44,155,0.0
44,156,44,156,0.0
44,157,44,157,0.0
44,158,44,158,0.0
44,159,44,159,0.0
44,160,44,160,0.0
44,161,44,161,0.0
44,162,44,162,0.0
44,163,44,163,0.0
44,164,44,164,0.0
44,165,44,165,0.0
44,166,44,166,0.0
44,167,44,167,0.0
44,168,44,168,0.0
44,169,44,169,0.0
44,170,44,170,0.0
44,171,44,171,0.0
44,172,44,172,0.0
44,173,44,173,0.0
44,174,44,174,0.0
44,175,44,175,0.0
44,176,44,176,0.0
44,177,44,177,0.0
44,178,44,178,0.0
44,179,44,179,0.0
44,180,44,180,0.0
44,181,44,181,0.0
44,182,44,182,0.0
44,183,44,183,0.0
44,184,44,184,0.0
44,185,44,185,0.0
44,186,44,186,0.0
44,187,44,187,0.0
44,188,44,188,0.0
44,189,44,189,0.0
44,190,44,190,0.0
44,191,44,191,0.0
44,192,44,192,0.0
44,193,44,193,0.0
44,194,44,194,0.0
44,195,44,195,0.0
44,196,44,196,0.0
44,197,44,197,0.0
44,198,44,198,0.0
44,199,44,199,0.0
44,200,44,200,0.0
44,201,44,201,0.0
44,202,44,202,0.0
44,203,44,203,0.0
44,204,44,204,0.0
44,205,44,205,0.0
44,206,44,206,0.0
44,207,44,207,0.0
44,208,44,208,0.0
44,209,44,209,0.0
44,210,44,210,0.0
44,211,44,211,0.0
44,212,44,212,0.0
44,213,44,213,0.0
44,214,44,214,0.0
44,215,44,215,0.0
44,216,44,216,0.0
44,217,44,217,0.0
44,218,44,218,0.0
44,219,44,219,0.0
44,220,44,220,0.0
44,221,44,221,0.0
44,222,44,222,0.0
44,223,44,223,0.0
44,224,44,224,0.0
44,225,44,225,0.0
44,226,44,226,0.0
44,227,44,227,0.0
44,228,44,228,0.0
44,229,44,229,0.0
44,230,44,230,0.0
44,231,44,231,0.0
44,232,44,232,0.0
44,233,44,233,0.0
44,234,44,234,0.0
44,235,44,235,0.0
44,236,44,236,0.0
44,237,44,237,0.0
44,238,44,238,0.0
44,239,44,239,0.0
44,240,44,240,0.0
44,241,44,241,0.0
44,242,44,242,0.0
44,243,44,243,0.0
44,244,44,244,0.0
44,245,44,245,0.0
44,246,44,246,0.0
44,247,44,247,0.0
44,248,44,248,0.0
44,249,44,249,0.0
44,250,44,250,0.0
44,251,44,251,0.0
44,252,44,252,0.0
44,253,44,253,0.0
44,254,44,254,0.0
44,255,44,255,0.0
44,256,44,256,0.0
44,257,44,257,0.0
44,258,44,258,0.0
44,259,44,259,0.0
44,260,44,260,0.0
44,261,44,261,0.0
44,262,44,262,0.0
44,263,44,263,0.0
44,264,44,264,0.0
44,265,44,265,0.0
44,266,44,266,0.0
44,267,44,267,0.0
44,268,44,268,0.0
44,269,44,269,0.0
44,270,44,270,0.0
44,271,44,271,0.0
44,272,44,272,0.0
44,273,44,273,0.0
44,274,44,274,0.0
44,275,44,275,0.0
44,276,44,276,0.0
44,277,44,277,0.0
44,278,44,278,0.0
44,279,44,279,0.0
44,280,44,280,0.0
44,281,44,281,0.0
44,282,44,282,0.0
44,283,44,283,0.0
44,284,44,284,0.0
44,285,44,285,0.0
44,286,44,286,0.0
44,287,44,287,0.0
44,288,44,288,0.0
44,289,44,289,0.0
44,290,44,290,0.0
44,291,44,291,0.0
44,292,44,292,0.0
44,293,44,293,0.0
44,294,44,294,0.0
44,295,44,295,0.0
44,296,44,296,0.0
44,297,44,297,0.0
44,298,44,298,0.0
45,46,45,46,0.0
45,47,45,47,0.0
45,48,45,48,0.0
45,49,45,49,0.0
45,50,45,50,0.0
45,51,45,51,0.0
45,52,45,52,0.0
45,53,45,53,0.0
45,54,45,54,0.0
45,55,45,55,0.0
45,56,45,56,0.0
45,57,45,57,0.0
45,58,45,58,0.0
45,59,45,59,0.0
45,60,45,60,0.0
45,61,45,61,0.0
45,62,45,62,0.0
45,63,45,63,0.0
45,64,45,64,0.0
45,65,45,65,0.0
45,66,45,66,0.0
45,67,45,67,0.0
45,68,45,68,0.0
45,69,45,69,0.0
45,70,45,70,0.0
45,71,45,71,0.0
45,72,45,72,0.0
45,73,45,73,0.0
45,74,45,74,0.0
45,75,45,75,0.0
45,76,45,76,0.0
45,77,45,77,0.0
45,78,45,78,0.0
45,79,45,79,0.0
45,80,45,80,0.0
45,81,45,81,0.0
45,82,45,82,0.0
45,83,45,83,0.0
45,84,45,84,0.0
45,85,45,85,0.0
45,86,45,86,0.0
45,87,45,87,0.0
45,88,45,88,0.0
45,89,45,89,0.0
45,90,45,90,0.0
45,91,45,91,0.0
45,92,45,92,0.0
45,93,45,93,0.0
45,94,45,94,0.0
45,95,45,95,0.0
45,96,45,96,0.0
45,97,45,97,0.0
45,98,45,98,0.0
45,99,45,99,0.0
45,100,45,100,0.0
45,101,45,101,0.0
45,102,45,102,0.0
45,103,45,103,0.0
45,104,45,104,0.0
45,105,45,105,0.0
45,106,45,106,0.0
45,107,45,107,0.0
45,108,45,108,0.0
45,109,45,109,0.0
45,110,45,110,0.0
45,111,45,111,0.0
45,112,45,112,0.0
45,113,45,113,0.0
45,114,45,114,0.0
45,115,45,115,0.0
45,116,45,116,0.0
45,117,45,117,0.0
45,118,45,118,0.0
45,119,45,119,0.0
45,120,45,120,0.0
45,121,45,121,0.0
45,122,45,122,0.0
45,123,45,123,0.0
45,124,45,124,0.0
45,125,45,125,0.0
45,126,45,126,0.0
45,127,45,127,0.0
45,128,45,128,0.0
45,129,45,129,0.0
45,130,45,130,0.0
45,131,45,131,0.0
45,132,45,132,0.0
45,133,45,133,0.0
45,134,45,134,0.0
45,135,45,135,0.0
45,136,45,136,0.0
45,137,45,137,0.0
45,138,45,138,0.0
45,139,45,139,0.0
45,140,45,140,0.0
45,141,45,141,0.0
45,142,45,142,0.0
45,143,45,143,0.0
45,144,45,144,0.0
45,145,45,145,0.0
45,146,45,146,0.0
45,147,45,147,0.0
45,148,45,148,0.0
45,149,45,149,0.0
45,150,45,150,0.0
45,151,45,151,0.0
45,152,45,152,0.0
45,153,45,153,0.0
45,154,45,154,0.0
45,155,45,155,0.0
45,156,45,156,0.0
45,157,45,157,0.0
45,158,45,158,0.0
45,159,45,159,0.0
45,160,45,160,0.0
45,161,45,161,0.0
45,162,45,162,0.0
45,163,45,163,0.0
45,164,45,164,0.0
45,165,45,165,0.0
45,166,45,166,0.0
45,167,45,167,0.0
45,168,45,168,0.0
45,169,45,169,0.0
45,170,45,170,0.0
45,171,45,171,0.0
45,172,45,172,0.0
45,173,45,173,0.0
45,174,45,174,0.0
45,175,45,175,0.0
45,176,45,176,0.0
45,177,45,177,0.0
45,178,45,178,0.0
45,179,45,179,0.0
45,180,45,180,0.0
45,181,45,181,0.0
45,182,45,182,0.0
45,183,45,183,0.0
45,184,45,184,0.0
45,185,45,185,0.0
45,186,45,186,0.0
45,187,45,187,0.0
45,188,45,188,0.0
45,189,45,189,0.0
45,190,45,190,0.0
45,191,45,191,0.0
45,192,45,192,0.0
45,193,45,193,0.0
45,194,45,194,0.0
45,195,45,195,0.0
45,196,45,196,0.0
45,197,45,197,0.0
45,198,45,198,0.0
45,199,45,199,0.0
45,200,45,200,0.0
45,201,45,201,0.0
45,202,45,202,0.0
45,203,45,203,0.0
45,204,45,204,0.0
45,205,45,205,0.0
45,206,45,206,0.0
45,207,45,207,0.0
45,208,45,208,0.0
45,209,45,209,0.0
45,210,45,210,0.0
45,211,45,211,0.0
45,212,45,212,0.0
45,213,45,213,0.0
45,214,45,214,0.0
45,215,45,215,0.0
45,216,45,216,0.0
45,217,45,217,0.0
45,218,45,218,0.0
45,219,45,219,0.0
45,220,45,220,0.0
45,221,45,221,0.0
45,222,45,222,0.0
45,223,45,223,0.0
45,224,45,224,0.0
45,225,45,225,0.0
45,226,45,226,0.0
45,227,45,227,0.0
45,228,45,228,0.0
45,229,45,229,0.0
45,230,45,230,0.0
45,231,45,231,0.0
45,232,45,232,0.0
45,233,45,233,0.0
45,234,45,234,0.0
45,235,45,235,0.0
45,236,45,236,0.0
45,237,45,237,0.0
45,238,45,238,0.0
45,239,45,239,0.0
45,240,45,240,0.0
45,241,45,241,0.0
45,242,45,242,0.0
45,243,45,243,0.0
45,244,45,244,0.0
45,245,45,245,0.0
45,246,45,246,0.0
45,247,45,247,0.0
45,248,45,248,0.0
45,249,45,249,0.0
45,250,45,250,0.0
45,251,45,251,0.0
45,252,45,252,0.0
45,253,45,253,0.0
45,254,45,254,0.0
45,255,45,255,0.0
45,256,45,256,0.0
45,257,45,257,0.0
45,258,45,258,0.0
45,259,45,259,0.0
45,260,45,260,0.0
45,261,45,261,0.0
45,262,45,262,0.0
45,263,45,263,0.0
45,264,45,264,0.0
45,265,45,265,0.0
45,266,45,266,0.0
45,267,45,267,0.0
45,268,45,268,0.0
45,269,45,269,0.0
45,270,45,270,0.0
45,271,45,271,0.0
45,272,45,272,0.0
45,273,45,273,0.0
45,274,45,274,0.0
45,275,45,275,0.0
45,276,45,276,0.0
45,277,45,277,0.0
45,278,45,278,0.0
45,279,45,279,0.0
45,280,45,280,0.0
45,281,45,281,0.0
45,282,45,282,0.0
45,283,45,283,0.0
45,284,45,284,0.0
45,285,45,285,0.0
45,286,45,286,0.0
45,287,45,287,0.0
45,288,45,288,0.0
45,289,45,289,0.0
45,290,45,290,0.0
45,291,45,291,0.0
45,292,45,292,0.0
45,293,45,293,0.0
45,294,45,294,0.0
45,295,45,295,0.0
45,296,45,296,0.0
45,297,45,297,0.0
45,298,45,298,0.0
46,47,46,47,0.0
46,48,46,48,0.0
46,49,46,49,0.0
46,50,46,50,0.0
46,51,46,51,0.0
46,52,46,52,0.0
46,53,46,53,0.0
46,54,46,54,0.0
46,55,46,55,0.0
46,56,46,56,0.0
46,57,46,57,0.0
46,58,46,58,0.0
46,59,46,59,0.0
46,60,46,60,0.0
46,61,46,61,0.0
46,62,46,62,0.0
46,63,46,63,0.0
46,64,46,64,0.0
46,65,46,65,0.0
46,66,46,66,0.0
46,67,46,67,0.0
46,68,46,68,0.0
46,69,46,69,0.0
46,70,46,70,0.0
46,71,46,71,0.0
46,72,46,72,0.0
46,73,46,73,0.0
46,74,46,74,0.0
46,75,46,75,0.0
46,76,46,76,0.0
46,77,46,77,0.0
46,78,46,78,0.0
46,79,46,79,0.0
46,80,46,80,0.0
46,81,46,81,0.0
46,82,46,82,0.0
46,83,46,83,0.0
46,84,46,84,0.0
46,85,46,85,0.0
46,86,46,86,0.0
46,87,46,87,0.0
46,88,46,88,0.0
46,89,46,89,0.0
46,90,46,90,0.0
46,91,46,91,0.0
46,92,46,92,0.0
46,93,46,93,0.0
46,94,46,94,0.0
46,95,46,95,0.0
46,96,46,96,0.0
46,97,46,97,0.0
46,98,46,98,0.0
46,99,46,99,0.0
46,100,46,100,0.0
46,101,46,101,0.0
46,102,46,102,0.0
46,103,46,103,0.0
46,104,46,104,0.0
46,105,46,105,0.0
46,106,46,106,0.0
46,107,46,107,0.0
46,108,46,108,0.0
46,109,46,109,0.0
46,110,46,110,0.0
46,111,46,111,0.0
46,112,46,112,0.0
46,113,46,113,0.0
46,114,46,114,0.0
46,115,46,115,0.0
46,116,46,116,0.0
46,117,46,117,0.0
46,118,46,118,0.0
46,119,46,119,0.0
46,120,46,120,0.0
46,121,46,121,0.0
46,122,46,122,0.0
46,123,46,123,0.0
46,124,46,124,0.0
46,125,46,125,0.0
46,126,46,126,0.0
46,127,46,127,0.0
46,128,46,128,0.0
46,129,46,129,0.0
46,130,46,130,0.0
46,131,46,131,0.0
46,132,46,132,0.0
46,133,46,133,0.0
46,134,46,134,0.0
46,135,46,135,0.0
46,136,46,136,0.0
46,137,46,137,0.0
46,138,46,138,0.0
46,139,46,139,0.0
46,140,46,140,0.0
46,141,46,141,0.0
46,142,46,142,0.0
46,143,46,143,0.0
46,144,46,144,0.0
46,145,46,145,0.0
46,146,46,146,0.0
46,147,46,147,0.0
46,148,46,148,0.0
46,149,46,149,0.0
46,150,46,150,0.0
46,151,46,151,0.0
46,152,46,152,0.0
46,153,46,153,0.0
46,154,46,154,0.0
46,155,46,155,0.0
46,156,46,156,0.0
46,157,46,157,0.0
46,158,46,158,0.0
46,159,46,159,0.0
46,160,46,160,0.0
46,161,46,161,0.0
46,162,46,162,0.0
46,163,46,163,0.0
46,164,46,164,0.0
46,165,46,165,0.0
46,166,46,166,0.0
46,167,46,167,0.0
46,168,46,168,0.0
46,169,46,169,0.0
46,170,46,170,0.0
46,171,46,171,0.0
46,172,46,172,0.0
46,173,46,173,0.0
46,174,46,174,0.0
46,175,46,175,0.0
46,176,46,176,0.0
46,177,46,177,0.0
46,178,46,178,0.0
46,179,46,179,0.0
46,180,46,180,0.0
46,181,46,181,0.0
46,182,46,182,0.0
46,183,46,183,0.0
46,184,46,184,0.0
46,185,46,185,0.0
46,186,46,186,0.0
46,187,46,187,0.0
46,188,46,188,0.0
46,189,46,189,0.0
46,190,46,190,0.0
46,191,46,191,0.0
46,192,46,192,0.0
46,193,46,193,0.0
46,194,46,194,0.0
46,195,46,195,0.0
46,196,46,196,0.0
46,197,46,197,0.0
46,198,46,198,0.0
46,199,46,199,0.0
46,200,46,200,0.0
46,201,46,201,0.0
46,202,46,202,0.0
46,203,46,203,0.0
46,204,46,204,0.0
46,205,46,205,0.0
46,206,46,206,0.0
46,207,46,207,0.0
46,208,46,208,0.0
46,209,46,209,0.0
46,210,46,210,0.0
46,211,46,211,0.0
46,212,46,212,0.0
46,213,46,213,0.0
46,214,46,214,0.0
46,215,46,215,0.0
46,216,46,216,0.0
46,217,46,217,0.0
46,218,46,218,0.0
46,219,46,219,0.0
46,220,46,220,0.0
46,221,46,221,0.0
46,222,46,222,0.0
46,223,46,223,0.0
46,224,46,224,0.0
46,225,46,225,0.0
46,226,46,226,0.0
46,227,46,227,0.0
46,228,46,228,0.0
46,229,46,229,0.0
46,230,46,230,0.0
46,231,46,231,0.0
46,232,46,232,0.0
46,233,46,233,0.0
46,234,46,234,0.0
46,235,46,235,0.0
46,236,46,236,0.0
46,237,46,237,0.0
46,238,46,238,0.0
46,239,46,239,0.0
46,240,46,240,0.0
46,241,46,241,0.0
46,242,46,242,0.0
46,243,46,243,0.0
46,244,46,244,0.0
46,245,46,245,0.0
46,246,46,246,0.0
46,247,46,247,0.0
46,248,46,248,0.0
46,249,46,249,0.0
46,250,46,250,0.0
46,251,46,251,0.0
46,252,46,252,0.0
46,253,46,253,0.0
46,254,46,254,0.0
46,255,46,255,0.0
46,256,46,256,0.0
46,257,46,257,0.0
46,258,46,258,0.0
46,259,46,259,0.0
46,260,46,260,0.0
46,261,46,261,0.0
46,262,46,262,0.0
46,263,46,263,0.0
46,264,46,264,0.0
46,265,46,265,0.0
46,266,46,266,0.0
46,267,46,267,0.0
46,268,46,268,0.0
46,269,46,269,0.0
46,270,46,270,0.0
46,271,46,271,0.0
46,272,46,272,0.0
46,273,46,273,0.0
46,274,46,274,0.0
46,275,46,275,0.0
46,276,46,276,0.0
46,277,46,277,0.0
46,278,46,278,0.0
46,279,46,279,0.0
46,280,46,280,0.0
46,281,46,281,0.0
46,282,46,282,0.0
46,283,46,283,0.0
46,284,46,284,0.0
46,285,46,285,0.0
46,286,46,286,0.0
46,287,46,287,0.0
46,288,46,288,0.0
46,289,46,289,0.0
46,290,46,290,0.0
46,291,46,291,0.0
46,292,46,292,0.0
46,293,46,293,0.0
46,294,46,294,0.0
46,295,46,295,0.0
46,296,46,296,0.0
46,297,46,297,0.0
46,298,46,298,0.0
47,48,47,48,0.0
47,49,47,49,0.0
47,50,47,50,0.0
47,51,47,51,0.0
47,52,47,52,0.0
47,53,47,53,0.0
47,54,47,54,0.0
47,55,47,55,0.0
47,56,47,56,0.0
47,57,47,57,0.0
47,58,47,58,0.0
47,59,47,59,0.0
47,60,47,60,0.0
47,61,47,61,0.0
47,62,47,62,0.0
47,63,47,63,0.0
47,64,47,64,0.0
47,65,47,65,0.0
47,66,47,66,0.0
47,67,47,67,0.0
47,68,47,68,0.0
47,69,47,69,0.0
47,70,47,70,0.0
47,71,47,71,0.0
47,72,47,72,0.0
47,73,47,73,0.0
47,74,47,74,0.0
47,75,47,75,0.0
47,76,47,76,0.0
47,77,47,77,0.0
47,78,47,78,0.0
47,79,47,79,0.0
47,80,47,80,0.0
47,81,47,81,0.0
47,82,47,82,0.0
47,83,47,83,0.0
47,84,47,84,0.0
47,85,47,85,0.0
47,86,47,86,0.0
47,87,47,87,0.0
47,88,47,88,0.0
47,89,47,89,0.0
47,90,47,90,0.0
47,91,47,91,0.0
47,92,47,92,0.0
47,93,47,93,0.0
47,94,47,94,0.0
47,95,47,95,0.0
47,96,47,96,0.0
47,97,47,97,0.0
47,98,47,98,0.0
47,99,47,99,0.0
47,100,47,100,0.0
47,101,47,101,0.0
47,102,47,102,0.0
47,103,47,103,0.0
47,104,47,104,0.0
47,105,47,105,0.0
47,106,47,106,0.0
47,107,47,107,0.0
47,108,47,108,0.0
47,109,47,109,0.0
47,110,47,110,0.0
47,111,47,111,0.0
47,112,47,112,0.0
47,113,47,113,0.0
47,114,47,114,0.0
47,115,47,115,0.0
47,116,47,116,0.0
47,117,47,117,0.0
47,118,47,118,0.0
47,119,47,119,0.0
47,120,47,120,0.0
47,121,47,121,0.0
47,122,47,122,0.0
47,123,47,123,0.0
47,124,47,124,0.0
47,125,47,125,0.0
47,126,47,126,0.0
47,127,47,127,0.0
47,128,47,128,0.0
47,129,47,129,0.0
47,130,47,130,0.0
47,131,47,131,0.0
47,132,47,132,0.0
47,133,47,133,0.0
47,134,47,134,0.0
47,135,47,135,0.0
47,136,47,136,0.0
47,137,47,137,0.0
47,138,47,138,0.0
47,139,47,139,0.0
47,140,47,140,0.0
47,141,47,141,0.0
47,142,47,142,0.0
47,143,47,143,0.0
47,144,47,144,0.0
47,145,47,145,0.0
47,146,47,146,0.0
47,147,47,147,0.0
47,148,47,148,0.0
47,149,47,149,0.0
47,150,47,150,0.0
47,151,47,151,0.0
47,152,47,152,0.0
47,153,47,153,0.0
47,154,47,154,0.0
47,155,47,155,0.0
47,156,47,156,0.0
47,157,47,157,0.0
47,158,47,158,0.0
47,159,47,159,0.0
47,160,47,160,0.0
47,161,47,161,0.0
47,162,47,162,0.0
47,163,47,163,0.0
47,164,47,164,0.0
47,165,47,165,0.0
47,166,47,166,0.0
47,167,47,167,0.0
47,168,47,168,0.0
47,169,47,169,0.0
47,170,47,170,0.0
47,171,47,171,0.0
47,172,47,172,0.0
47,173,47,173,0.0
47,174,47,174,0.0
47,175,47,175,0.0
47,176,47,176,0.0
47,177,47,177,0.0
47,178,47,178,0.0
47,179,47,179,0.0
47,180,47,180,0.0
47,181,47,181,0.0
47,182,47,182,0.0
47,183,47,183,0.0
47,184,47,184,0.0
47,185,47,185,0.0
47,186,47,186,0.0
47,187,47,187,0.0
47,188,47,188,0.0
47,189,47,189,0.0
47,190,47,190,0.0
47,191,47,191,0.0
47,192,47,192,0.0
47,193,47,193,0.0
47,194,47,194,0.0
47,195,47,195,0.0
47,196,47,196,0.0
47,197,47,197,0.0
47,198,47,198,0.0
47,199,47,199,0.0
47,200,47,200,0.0
47,201,47,201,0.0
47,202,47,202,0.0
47,203,47,203,0.0
47,204,47,204,0.0
47,205,47,205,0.0
47,206,47,206,0.0
47,207,47,207,0.0
47,208,47,208,0.0
47,209,47,209,0.0
47,210,47,210,0.0
47,211,47,211,0.0
47,212,47,212,0.0
47,213,47,213,0.0
47,214,47,214,0.0
47,215,47,215,0.0
47,216,47,216,0.0
47,217,47,217,0.0
47,218,47,218,0.0
47,219,47,219,0.0
47,220,47,220,0.0
47,221,47,221,0.0
47,222,47,222,0.0
47,223,47,223,0.0
47,224,47,224,0.0
47,225,47,225,0.0
47,226,47,226,0.0
47,227,47,227,0.0
47,228,47,228,0.0
47,229,47,229,0.0
47,230,47,230,0.0
47,231,47,231,0.0
47,232,47,232,0.0
47,233,47,233,0.0
47,234,47,234,0.0
47,235,47,235,0.0
47,236,47,236,0.0
47,237,47,237,0.0
47,238,47,238,0.0
47,239,47,239,0.0
47,240,47,240,0.0
47,241,47,241,0.0
47,242,47,242,0.0
47,243,47,243,0.0
47,244,47,244,0.0
47,245,47,245,0.0
47,246,47,246,0.0
47,247,47,247,0.0
47,248,47,248,0.0
47,249,47,249,0.0
47,250,47,250,0.0
47,251,47,251,0.0
47,252,47,252,0.0
47,253,47,253,0.0
47,254,47,254,0.0
47,255,47,255,0.0
47,256,47,256,0.0
47,257,47,257,0.0
47,258,47,258,0.0
47,259,47,259,0.0
47,260,47,260,0.0
47,261,47,261,0.0
47,262,47,262,0.0
47,263,47,263,0.0
47,264,47,264,0.0
47,265,47,265,0.0
47,266,47,266,0.0
47,267,47,267,0.0
47,268,47,268,0.0
47,269,47,269,0.0
47,270,47,270,0.0
47,271,47,271,0.0
47,272,47,272,0.0
47,273,47,273,0.0
47,274,47,274,0.0
47,275,47,275,0.0
47,276,47,276,0.0
47,277,47,277,0.0
47,278,47,278,0.0
47,279,47,279,0.0
47,280,47,280,0.0
47,281,47,281,0.0
47,282,47,282,0.0
47,283,47,283,0.0
47,284,47,284,0.0
47,285,47,285,0.0
47,286,47,286,0.0
47,287,47,287,0.0
47,288,47,288,0.0
47,289,47,289,0.0
47,290,47,290,0.0
47,291,47,291,0.0
47,292,47,292,0.0
47,293,47,293,0.0
47,294,47,294,0.0
47,295,47,295,0.0
47,296,47,296,0.0
47,297,47,297,0.0
47,298,47,298,0.0
48,49,48,49,0.0
48,50,48,50,0.0
48,51,48,51,0.0
48,52,48,52,0.0
48,53,48,53,0.0
48,54,48,54,0.0
48,55,48,55,0.0
48,56,48,56,0.0
48,57,48,57,0.0
48,58,48,58,0.0
48,59,48,59,0.0
48,60,48,60,0.0
48,61,48,61,0.0
48,62,48,62,0.0
48,63,48,63,0.0
48,64,48,64,0.0
48,65,48,65,0.0
48,66,48,66,0.0
48,67,48,67,0.0
48,68,48,68,0.0
48,69,48,69,0.0
48,70,48,70,0.0
48,71,48,71,0.0
48,72,48,72,0.0
48,73,48,73,0.0
48,74,48,74,0.0
48,75,48,75,0.0
48,76,48,76,0.0
48,77,48,77,0.0
48,78,48,78,0.0
48,79,48,79,0.0
48,80,48,80,0.0
48,81,48,81,0.0
48,82,48,82,0.0
48,83,48,83,0.0
48,84,48,84,0.0
48,85,48,85,0.0
48,86,48,86,0.0
48,87,48,87,0.0
48,88,48,88,0.0
48,89,48,89,0.0
48,90,48,90,0.0
48,91,48,91,0.0
48,92,48,92,0.0
48,93,48,93,0.0
48,94,48,94,0.0
48,95,48,95,0.0
48,96,48,96,0.0
48,97,48,97,0.0
48,98,48,98,0.0
48,99,48,99,0.0
48,100,48,100,0.0
48,101,48,101,0.0
48,102,48,102,0.0
48,103,48,103,0.0
48,104,48,104,0.0
48,105,48,105,0.0
48,106,48,106,0.0
48,107,48,107,0.0
48,108,48,108,0.0
48,109,48,109,0.0
48,110,48,110,0.0
48,111,48,111,0.0
48,112,48,112,0.0
48,113,48,113,0.0
48,114,48,114,0.0
48,115,48,115,0.0
48,116,48,116,0.0
48,117,48,117,0.0
48,118,48,118,0.0
48,119,48,119,0.0
48,120,48,120,0.0
48,121,48,121,0.0
48,122,48,122,0.0
48,123,48,123,0.0
48,124,48,124,0.0
48,125,48,125,0.0
48,126,48,126,0.0
48,127,48,127,0.0
48,128,48,128,0.0
48,129,48,129,0.0
48,130,48,130,0.0
48,131,48,131,0.0
48,132,48,132,0.0
48,133,48,133,0.0
48,134,48,134,0.0
48,135,48,135,0.0
48,136,48,136,0.0
48,137,48,137,0.0
48,138,48,138,0.0
48,139,48,139,0.0
48,140,48,140,0.0
48,141,48,141,0.0
48,142,48,142,0.0
48,143,48,143,0.0
48,144,48,144,0.0
48,145,48,145,0.0
48,146,48,146,0.0
48,147,48,147,0.0
48,148,48,148,0.0
48,149,48,149,0.0
48,150,48,150,0.0
48,151,48,151,0.0
48,152,48,152,0.0
48,153,48,153,0.0
48,154,48,154,0.0
48,155,48,155,0.0
48,156,48,156,0.0
48,157,48,157,0.0
48,158,48,158,0.0
48,159,48,159,0.0
48,160,48,160,0.0
48,161,48,161,0.0
48,162,48,162,0.0
48,163,48,163,0.0
48,164,48,164,0.0
48,165,48,165,0.0
48,166,48,166,0.0
48,167,48,167,0.0
48,168,48,168,0.0
48,169,48,169,0.0
48,170,48,170,0.0
48,171,48,171,0.0
48,172,48,172,0.0
48,173,48,173,0.0
48,174,48,174,0.0
48,175,48,175,0.0
48,176,48,176,0.0
48,177,48,177,0.0
48,178,48,178,0.0
48,179,48,179,0.0
48,180,48,180,0.0
48,181,48,181,0.0
48,182,48,182,0.0
48,183,48,183,0.0
48,184,48,184,0.0
48,185,48,185,0.0
48,186,48,186,0.0
48,187,48,187,0.0
48,188,48,188,0.0
48,189,48,189,0.0
48,190,48,190,0.0
48,191,48,191,0.0
48,192,48,192,0.0
48,193,48,193,0.0
48,194,48,194,0.0
48,195,48,195,0.0
48,196,48,196,0.0
48,197,48,197,0.0
48,198,48,198,0.0
48,199,48,199,0.0
48,200,48,200,0.0
48,201,48,201,0.0
48,202,48,202,0.0
48,203,48,203,0.0
48,204,48,204,0.0
48,205,48,205,0.0
48,206,48,206,0.0
48,207,48,207,0.0
48,208,48,208,0.0
48,209,48,209,0.0
48,210,48,210,0.0
48,211,48,211,0.0
48,212,48,212,0.0
48,213,48,213,0.0
48,214,48,214,0.0
48,215,48,215,0.0
48,216,48,216,0.0
48,217,48,217,0.0
48,218,48,218,0.0
48,219,48,219,0.0
48,220,48,220,0.0
48,221,48,221,0.0
48,222,48,222,0.0
48,223,48,223,0.0
48,224,48,224,0.0
48,225,48,225,0.0
48,226,48,226,0.0
48,227,48,227,0.0
48,228,48,228,0.0
48,229,48,229,0.0
48,230,48,230,0.0
48,231,48,231,0.0
48,232,48,232,0.0
48,233,48,233,0.0
48,234,48,234,0.0
48,235,48,235,0.0
48,236,48,236,0.0
48,237,48,237,0.0
48,238,48,238,0.0
48,239,48,239,0.0
48,240,48,240,0.0
48,241,48,241,0.0
48,242,48,242,0.0
48,243,48,243,0.0
48,244,48,244,0.0
48,245,48,245,0.0
48,246,48,246,0.0
48,247,48,247,0.0
48,248,48,248,0.0
48,249,48,249,0.0
48,250,48,250,0.0
48,251,48,251,0.0
48,252,48,252,0.0
48,253,48,253,0.0
48,254,48,254,0.0
48,255,48,255,0.0
48,256,48,256,0.0
48,257,48,257,0.0
48,258,48,258,0.0
48,259,48,259,0.0
48,260,48,260,0.0
48,261,48,261,0.0
48,262,48,262,0.0
48,263,48,263,0.0
48,264,48,264,0.0
48,265,48,265,0.0
48,266,48,266,0.0
48,267,48,267,0.0
48,268,48,268,0.0
48,269,48,269,0.0
48,270,48,270,0.0
48,271,48,271,0.0
48,272,48,272,0.0
48,273,48,273,0.0
48,274,48,274,0.0
48,275,48,275,0.0
48,276,48,276,0.0
48,277,48,277,0.0
48,278,48,278,0.0
48,279,48,279,0.0
48,280,48,280,0.0
48,281,48,281,0.0
48,282,48,282,0.0
48,283,48,283,0.0
48,284,48,284,0.0
48,285,48,285,0.0
48,286,48,286,0.0
48,287,48,287,0.0
48,288,48,288,0.0
48,289,48,289,0.0
48,290,48,290,0.0
48,291,48,291,0.0
48,292,48,292,0.0
48,293,48,293,0.0
48,294,48,294,0.0
48,295,48,295,0.0
48,296,48,296,0.0
48,297,48,297,0.0
48,298,48,298,0.0
49,50,49,50,0.0
49,51,49,51,0.0
49,52,49,52,0.0
49,53,49,53,0.0
49,54,49,54,0.0
49,55,49,55,0.0
49,56,49,56,0.0
49,57,49,57,0.0
49,58,49,58,0.0
49,59,49,59,0.0
49,60,49,60,0.0
49,61,49,61,0.0
49,62,49,62,0.0
49,63,49,63,0.0
49,64,49,64,0.0
49,65,49,65,0.0
49,66,49,66,0.0
49,67,49,67,0.0
49,68,49,68,0.0
49,69,49,69,0.0
49,70,49,70,0.0
49,71,49,71,0.0
49,72,49,72,0.0
49,73,49,73,0.0
49,74,49,74,0.0
49,75,49,75,0.0
49,76,49,76,0.0
49,77,49,77,0.0
49,78,49,78,0.0
49,79,49,79,0.0
49,80,49,80,0.0
49,81,49,81,0.0
49,82,49,82,0.0
49,83,49,83,0.0
49,84,49,84,0.0
49,85,49,85,0.0
49,86,49,86,0.0
49,87,49,87,0.0
49,88,49,88,0.0
49,89,49,89,0.0
49,90,49,90,0.0
49,91,49,91,0.0
49,92,49,92,0.0
49,93,49,93,0.0
49,94,49,94,0.0
49,95,49,95,0.0
49,96,49,96,0.0
49,97,49,97,0.0
49,98,49,98,0.0
49,99,49,99,0.0
49,100,49,100,0.0
49,101,49,101,0.0
49,102,49,102,0.0
49,103,49,103,0.0
49,104,49,104,0.0
49,105,49,105,0.0
49,106,49,106,0.0
49,107,49,107,0.0
49,108,49,108,0.0
49,109,49,109,0.0
49,110,49,110,0.0
49,111,49,111,0.0
49,112,49,112,0.0
49,113,49,113,0.0
49,114,49,114,0.0
49,115,49,115,0.0
49,116,49,116,0.0
49,117,49,117,0.0
49,118,49,118,0.0
49,119,49,119,0.0
49,120,49,120,0.0
49,121,49,121,0.0
49,122,49,122,0.0
49,123,49,123,0.0
49,124,49,124,0.0
49,125,49,125,0.0
49,126,49,126,0.0
49,127,49,127,0.0
49,128,49,128,0.0
49,129,49,129,0.0
49,130,49,130,0.0
49,131,49,131,0.0
49,132,49,132,0.0
49,133,49,133,0.0
49,134,49,134,0.0
49,135,49,135,0.0
49,136,49,136,0.0
49,137,49,137,0.0
49,138,49,138,0.0
49,139,49,139,0.0
49,140,49,140,0.0
49,141,49,141,0.0
49,142,49,142,0.0
49,143,49,143,0.0
49,144,49,144,0.0
49,145,49,145,0.0
49,146,49,146,0.0
49,147,49,147,0.0
49,148,49,148,0.0
49,149,49,149,0.0
49,150,49,150,0.0
49,151,49,151,0.0
49,152,49,152,0.0
49,153,49,153,0.0
49,154,49,154,0.0
49,155,49,155,0.0
49,156,49,156,0.0
49,157,49,157,0.0
49,158,49,158,0.0
49,159,49,159,0.0
49,160,49,160,0.0
49,161,49,161,0.0
49,162,49,162,0.0
49,163,49,163,0.0
49,164,49,164,0.0
49,165,49,165,0.0
49,166,49,166,0.0
49,167,49,167,0.0
49,168,49,168,0.0
49,169,49,169,0.0
49,170,49,170,0.0
49,171,49,171,0.0
49,172,49,172,0.0
49,173,49,173,0.0
49,174,49,174,0.0
49,175,49,175,0.0
49,176,49,176,0.0
49,177,49,177,0.0
49,178,49,178,0.0
49,179,49,179,0.0
49,180,49,180,0.0
49,181,49,181,0.0
49,182,49,182,0.0
49,183,49,183,0.0
49,184,49,184,0.0
49,185,49,185,0.0
49,186,49,186,0.0
49,187,49,187,0.0
49,188,49,188,0.0
49,189,49,189,0.0
49,190,49,190,0.0
49,191,49,191,0.0
49,192,49,192,0.0
49,193,49,193,0.0
49,194,49,194,0.0
49,195,49,195,0.0
49,196,49,196,0.0
49,197,49,197,0.0
49,198,49,198,0.0
49,199,49,199,0.0
49,200,49,200,0.0
49,201,49,201,0.0
49,202,49,202,0.0
49,203,49,203,0.0
49,204,49,204,0.0
49,205,49,205,0.0
49,206,49,206,0.0
49,207,49,207,0.0
49,208,49,208,0.0
49,209,49,209,0.0
49,210,49,210,0.0
49,211,49,211,0.0
49,212,49,212,0.0
49,213,49,213,0.0
49,214,49,214,0.0
49,215,49,215,0.0
49,216,49,216,0.0
49,217,49,217,0.0
49,218,49,218,0.0
49,219,49,219,0.0
49,220,49,220,0.0
49,221,49,221,0.0
49,222,49,222,0.0
49,223,49,223,0.0
49,224,49,224,0.0
49,225,49,225,0.0
49,226,49,226,0.0
49,227,49,227,0.0
49,228,49,228,0.0
49,229,49,229,0.0
49,230,49,230,0.0
49,231,49,231,0.0
49,232,49,232,0.0
49,233,49,233,0.0
49,234,49,234,0.0
49,235,49,235,0.0
49,236,49,236,0.0
49,237,49,237,0.0
49,238,49,238,0.0
49,239,49,239,0.0
49,240,49,240,0.0
49,241,49,241,0.0
49,242,49,242,0.0
49,243,49,243,0.0
49,244,49,244,0.0
49,245,49,245,0.0
49,246,49,246,0.0
49,247,49,247,0.0
49,248,49,248,0.0
49,249,49,249,0.0
49,250,49,250,0.0
49,251,49,251,0.0
49,252,49,252,0.0
49,253,49,253,0.0
49,254,49,254,0.0
49,255,49,255,0.0
49,256,49,256,0.0
49,257,49,257,0.0
49,258,49,258,0.0
49,259,49,259,0.0
49,260,49,260,0.0
49,261,49,261,0.0
49,262,49,262,0.0
49,263,49,263,0.0
49,264,49,264,0.0
49,265,49,265,0.0
49,266,49,266,0.0
49,267,49,267,0.0
49,268,49,268,0.0
49,269,49,269,0.0
49,270,49,270,0.0
49,271,49,271,0.0
49,272,49,272,0.0
49,273,49,273,0.0
49,274,49,274,0.0
49,275,49,275,0.0
49,276,49,276,0.0
49,277,49,277,0.0
49,278,49,278,0.0
49,279,49,279,0.0
49,280,49,280,0.0
49,281,49,281,0.0
49,282,49,282,0.0
49,283,49,283,0.0
49,284,49,284,0.0
49,285,49,285,0.0
49,286,49,286,0.0
49,287,49,287,0.0
49,288,49,288,0.0
49,289,49,289,0.0
49,290,49,290,0.0
49,291,49,291,0.0
49,292,49,292,0.0
49,293,49,293,0.0
49,294,49,294,0.0
49,295,49,295,0.0
49,296,49,296,0.0
49,297,49,297,0.0
49,298,49,298,0.0
50,51,50,51,0.0
50,52,50,52,0.0
50,53,50,53,0.0
50,54,50,54,0.0
50,55,50,55,0.0
50,56,50,56,0.0
50,57,50,57,0.0
50,58,50,58,0.0
50,59,50,59,0.0
50,60,50,60,0.0
50,61,50,61,0.0
50,62,50,62,0.0
50,63,50,63,0.0
50,64,50,64,0.0
50,65,50,65,0.0
50,66,50,66,0.0
50,67,50,67,0.0
50,68,50,68,0.0
50,69,50,69,0.0
50,70,50,70,0.0
50,71,50,71,0.0
50,72,50,72,0.0
50,73,50,73,0.0
50,74,50,74,0.0
50,75,50,75,0.0
50,76,50,76,0.0
50,77,50,77,0.0
50,78,50,78,0.0
50,79,50,79,0.0
50,80,50,80,0.0
50,81,50,81,0.0
50,82,50,82,0.0
50,83,50,83,0.0
50,84,50,84,0.0
50,85,50,85,0.0
50,86,50,86,0.0
50,87,50,87,0.0
50,88,50,88,0.0
50,89,50,89,0.0
50,90,50,90,0.0
50,91,50,91,0.0
50,92,50,92,0.0
50,93,50,93,0.0
50,94,50,94,0.0
50,95,50,95,0.0
50,96,50,96,0.0
50,97,50,97,0.0
50,98,50,98,0.0
50,99,50,99,0.0
50,100,50,100,0.0
50,101,50,101,0.0
50,102,50,102,0.0
50,103,50,103,0.0
50,104,50,104,0.0
50,105,50,105,0.0
50,106,50,106,0.0
50,107,50,107,0.0
50,108,50,108,0.0
50,109,50,109,0.0
50,110,50,110,0.0
50,111,50,111,0.0
50,112,50,112,0.0
50,113,50,113,0.0
50,114,50,114,0.0
50,115,50,115,0.0
50,116,50,116,0.0
50,117,50,117,0.0
50,118,50,118,0.0
50,119,50,119,0.0
50,120,50,120,0.0
50,121,50,121,0.0
50,122,50,122,0.0
50,123,50,123,0.0
50,124,50,124,0.0
50,125,50,125,0.0
50,126,50,126,0.0
50,127,50,127,0.0
50,128,50,128,0.0
50,129,50,129,0.0
50,130,50,130,0.0
50,131,50,131,0.0
50,132,50,132,0.0
50,133,50,133,0.0
50,134,50,134,0.0
50,135,50,135,0.0
50,136,50,136,0.0
50,137,50,137,0.0
50,138,50,138,0.0
50,139,50,139,0.0
50,140,50,140,0.0
50,141,50,141,0.0
50,142,50,142,0.0
50,143,50,143,0.0
50,144,50,144,0.0
50,145,50,145,0.0
50,146,50,146,0.0
50,147,50,147,0.0
50,148,50,148,0.0
50,149,50,149,0.0
50,150,50,150,0.0
50,151,50,151,0.0
50,152,50,152,0.0
50,153,50,153,0.0
50,154,50,154,0.0
50,155,50,155,0.0
50,156,50,156,0.0
50,157,50,157,0.0
50,158,50,158,0.0
50,159,50,159,0.0
50,160,50,160,0.0
50,161,50,161,0.0
50,162,50,162,0.0
50,163,50,163,0.0
50,164,50,164,0.0
50,165,50,165,0.0
50,166,50,166,0.0
50,167,50,167,0.0
50,168,50,168,0.0
50,169,50,169,0.0
50,170,50,170,0.0
50,171,50,171,0.0
50,172,50,172,0.0
50,173,50,173,0.0
50,174,50,174,0.0
50,175,50,175,0.0
50,176,50,176,0.0
50,177,50,177,0.0
50,178,50,178,0.0
50,179,50,179,0.0
50,180,50,180,0.0
50,181,50,181,0.0
50,182,50,182,0.0
50,183,50,183,0.0
50,184,50,184,0.0
50,185,50,185,0.0
50,186,50,186,0.0
50,187,50,187,0.0
50,188,50,188,0.0
50,189,50,189,0.0
50,190,50,190,0.0
50,191,50,191,0.0
50,192,50,192,0.0
50,193,50,193,0.0
50,194,50,194,0.0
50,195,50,195,0.0
50,196,50,196,0.0
50,197,50,197,0.0
50,198,50,198,0.0
50,199,50,199,0.0
50,200,50,200,0.0
50,201,50,201,0.0
50,202,50,202,0.0
50,203,50,203,0.0
50,204,50,204,0.0
50,205,50,205,0.0
50,206,50,206,0.0
50,207,50,207,0.0
50,208,50,208,0.0
50,209,50,209,0.0
50,210,50,210,0.0
50,211,50,211,0.0
50,212,50,212,0.0
50,213,50,213,0.0
50,214,50,214,0.0
50,215,50,215,0.0
50,216,50,216,0.0
50,217,50,217,0.0
50,218,50,218,0.0
50,219,50,219,0.0
50,220,50,220,0.0
50,221,50,221,0.0
50,222,50,222,0.0
50,223,50,223,0.0
50,224,50,224,0.0
50,225,50,225,0.0
50,226,50,226,0.0
50,227,50,227,0.0
50,228,50,228,0.0
50,229,50,229,0.0
50,230,50,230,0.0
50,231,50,231,0.0
50,232,50,232,0.0
50,233,50,233,0.0
50,234,50,234,0.0
50,235,50,235,0.0
50,236,50,236,0.0
50,237,50,237,0.0
50,238,50,238,0.0
50,239,50,239,0.0
50,240,50,240,0.0
50,241,50,241,0.0
50,242,50,242,0.0
50,243,50,243,0.0
50,244,50,244,0.0
50,245,50,245,0.0
50,246,50,246,0.0
50,247,50,247,0.0
50,248,50,248,0.0
50,249,50,249,0.0
50,250,50,250,0.0
50,251,50,251,0.0
50,252,50,252,0.0
50,253,50,253,0.0
50,254,50,254,0.0
50,255,50,255,0.0
50,256,50,256,0.0
50,257,50,257,0.0
50,258,50,258,0.0
50,259,50,259,0.0
50,260,50,260,0.0
50,261,50,261,0.0
50,262,50,262,0.0
50,263,50,263,0.0
50,264,50,264,0.0
50,265,50,265,0.0
50,266,50,266,0.0
50,267,50,267,0.0
50,268,50,268,0.0
50,269,50,269,0.0
50,270,50,270,0.0
50,271,50,271,0.0
50,272,50,272,0.0
50,273,50,273,0.0
50,274,50,274,0.0
50,275,50,275,0.0
50,276,50,276,0.0
50,277,50,277,0.0
50,278,50,278,0.0
50,279,50,279,0.0
50,280,50,280,0.0
50,281,50,281,0.0
50,282,50,282,0.0
50,283,50,283,0.0
50,284,50,284,0.0
50,285,50,285,0.0
50,286,50,286,0.0
50,287,50,287,0.0
50,288,50,288,0.0
50,289,50,289,0.0
50,290,50,290,0.0
50,291,50,291,0.0
50,292,50,292,0.0
50,293,50,293,0.0
50,294,50,294,0.0
50,295,50,295,0.0
50,296,50,296,0.0
50,297,50,297,0.0
50,298,50,298,0.0
51,52,51,52,0.0
51,53,51,53,0.0
51,54,51,54,0.0
51,55,51,55,0.0
51,56,51,56,0.0
51,57,51,57,0.0
51,58,51,58,0.0
51,59,51,59,0.0
51,60,51,60,0.0
51,61,51,61,0.0
51,62,51,62,0.0
51,63,51,63,0.0
51,64,51,64,0.0
51,65,51,65,0.0
51,66,51,66,0.0
51,67,51,67,0.0
51,68,51,68,0.0
51,69,51,69,0.0
51,70,51,70,0.0
51,71,51,71,0.0
51,72,51,72,0.0
51,73,51,73,0.0
51,74,51,74,0.0
51,75,51,75,0.0
51,76,51,76,0.0
51,77,51,77,0.0
51,78,51,78,0.0
51,79,51,79,0.0
51,80,51,80,0.0
51,81,51,81,0.0
51,82,51,82,0.0
51,83,51,83,0.0
51,84,51,84,0.0
51,85,51,85,0.0
51,86,51,86,0.0
51,87,51,87,0.0
51,88,51,88,0.0
51,89,51,89,0.0
51,90,51,90,0.0
51,91,51,91,0.0
51,92,51,92,0.0
51,93,51,93,0.0
51,94,51,94,0.0
51,95,51,95,0.0
51,96,51,96,0.0
51,97,51,97,0.0
51,98,51,98,0.0
51,99,51,99,0.0
51,100,51,100,0.0
51,101,51,101,0.0
51,102,51,102,0.0
51,103,51,103,0.0
51,104,51,104,0.0
51,105,51,105,0.0
51,106,51,106,0.0
51,107,51,107,0.0
51,108,51,108,0.0
51,109,51,109,0.0
51,110,51,110,0.0
51,111,51,111,0.0
51,112,51,112,0.0
51,113,51,113,0.0
51,114,51,114,0.0
51,115,51,115,0.0
51,116,51,116,0.0
51,117,51,117,0.0
51,118,51,118,0.0
51,119,51,119,0.0
51,120,51,120,0.0
51,121,51,121,0.0
51,122,51,122,0.0
51,123,51,123,0.0
51,124,51,124,0.0
51,125,51,125,0.0
51,126,51,126,0.0
51,127,51,127,0.0
51,128,51,128,0.0
51,129,51,129,0.0
51,130,51,130,0.0
51,131,51,131,0.0
51,132,51,132,0.0
51,133,51,133,0.0
51,134,51,134,0.0
51,135,51,135,0.0
51,136,51,136,0.0
51,137,51,137,0.0
51,138,51,138,0.0
51,139,51,139,0.0
51,140,51,140,0.0
51,141,51,141,0.0
51,142,51,142,0.0
51,143,51,143,0.0
51,144,51,144,0.0
51,145,51,145,0.0
51,146,51,146,0.0
51,147,51,147,0.0
51,148,51,148,0.0
51,149,51,149,0.0
51,150,51,150,0.0
51,151,51,151,0.0
51,152,51,152,0.0
51,153,51,153,0.0
51,154,51,154,0.0
51,155,51,155,0.0
51,156,51,156,0.0
51,157,51,157,0.0
51,158,51,158,0.0
51,159,51,159,0.0
51,160,51,160,0.0
51,161,51,161,0.0
51,162,51,162,0.0
51,163,51,163,0.0
51,164,51,164,0.0
51,165,51,165,0.0
51,166,51,166,0.0
51,167,51,167,0.0
51,168,51,168,0.0
51,169,51,169,0.0
51,170,51,170,0.0
51,171,51,171,0.0
51,172,51,172,0.0
51,173,51,173,0.0
51,174,51,174,0.0
51,175,51,175,0.0
51,176,51,176,0.0
51,177,51,177,0.0
51,178,51,178,0.0
51,179,51,179,0.0
51,180,51,180,0.0
51,181,51,181,0.0
51,182,51,182,0.0
51,183,51,183,0.0
51,184,51,184,0.0
51,185,51,185,0.0
51,186,51,186,0.0
51,187,51,187,0.0
51,188,51,188,0.0
51,189,51,189,0.0
51,190,51,190,0.0
51,191,51,191,0.0
51,192,51,192,0.0
51,193,51,193,0.0
51,194,51,194,0.0
51,195,51,195,0.0
51,196,51,196,0.0
51,197,51,197,0.0
51,198,51,198,0.0
51,199,51,199,0.0
51,200,51,200,0.0
51,201,51,201,0.0
51,202,51,202,0.0
51,203,51,203,0.0
51,204,51,204,0.0
51,205,51,205,0.0
51,206,51,206,0.0
51,207,51,207,0.0
51,208,51,208,0.0
51,209,51,209,0.0
51,210,51,210,0.0
51,211,51,211,0.0
51,212,51,212,0.0
51,213,51,213,0.0
51,214,51,214,0.0
51,215,51,215,0.0
51,216,51,216,0.0
51,217,51,217,0.0
51,218,51,218,0.0
51,219,51,219,0.0
51,220,51,220,0.0
51,221,51,221,0.0
51,222,51,222,0.0
51,223,51,223,0.0
51,224,51,224,0.0
51,225,51,225,0.0
51,226,51,226,0.0
51,227,51,227,0.0
51,228,51,228,0.0
51,229,51,229,0.0
51,230,51,230,0.0
51,231,51,231,0.0
51,232,51,232,0.0
51,233,51,233,0.0
51,234,51,234,0.0
51,235,51,235,0.0
51,236,51,236,0.0
51,237,51,237,0.0
51,238,51,238,0.0
51,239,51,239,0.0
51,240,51,240,0.0
51,241,51,241,0.0
51,242,51,242,0.0
51,243,51,243,0.0
51,244,51,244,0.0
51,245,51,245,0.0
51,246,51,246,0.0
51,247,51,247,0.0
51,248,51,248,0.0
51,249,51,249,0.0
51,250,51,250,0.0
51,251,51,251,0.0
51,252,51,252,0.0
51,253,51,253,0.0
51,254,51,254,0.0
51,255,51,255,0.0
51,256,51,256,0.0
51,257,51,257,0.0
51,258,51,258,0.0
51,259,51,259,0.0
51,260,51,260,0.0
51,261,51,261,0.0
51,262,51,262,0.0
51,263,51,263,0.0
51,264,51,264,0.0
51,265,51,265,0.0
51,266,51,266,0.0
51,267,51,267,0.0
51,268,51,268,0.0
51,269,51,269,0.0
51,270,51,270,0.0
51,271,51,271,0.0
51,272,51,272,0.0
51,273,51,273,0.0
51,274,51,274,0.0
51,275,51,275,0.0
51,276,51,276,0.0
51,277,51,277,0.0
51,278,51,278,0.0
51,279,51,279,0.0
51,280,51,280,0.0
51,281,51,281,0.0
51,282,51,282,0.0
51,283,51,283,0.0
51,284,51,284,0.0
51,285,51,285,0.0
51,286,51,286,0.0
51,287,51,287,0.0
51,288,51,288,0.0
51,289,51,289,0.0
51,290,51,290,0.0
51,291,51,291,0.0
51,292,51,292,0.0
51,293,51,293,0.0
51,294,51,294,0.0
51,295,51,295,0.0
51,296,51,296,0.0
51,297,51,297,0.0
51,298,51,298,0.0
52,53,52,53,0.0
52,54,52,54,0.0
52,55,52,55,0.0
52,56,52,56,0.0
52,57,52,57,0.0
52,58,52,58,0.0
52,59,52,59,0.0
52,60,52,60,0.0
52,61,52,61,0.0
52,62,52,62,0.0
52,63,52,63,0.0
52,64,52,64,0.0
52,65,52,65,0.0
52,66,52,66,0.0
52,67,52,67,0.0
52,68,52,68,0.0
52,69,52,69,0.0
52,70,52,70,0.0
52,71,52,71,0.0
52,72,52,72,0.0
52,73,52,73,0.0
52,74,52,74,0.0
52,75,52,75,0.0
52,76,52,76,0.0
52,77,52,77,0.0
52,78,52,78,0.0
52,79,52,79,0.0
52,80,52,80,0.0
52,81,52,81,0.0
52,82,52,82,0.0
52,83,52,83,0.0
52,84,52,84,0.0
52,85,52,85,0.0
52,86,52,86,0.0
52,87,52,87,0.0
52,88,52,88,0.0
52,89,52,89,0.0
52,90,52,90,0.0
52,91,52,91,0.0
52,92,52,92,0.0
52,93,52,93,0.0
52,94,52,94,0.0
52,95,52,95,0.0
52,96,52,96,0.0
52,97,52,97,0.0
52,98,52,98,0.0
52,99,52,99,0.0
52,100,52,100,0.0
52,101,52,101,0.0
52,102,52,102,0.0
52,103,52,103,0.0
52,104,52,104,0.0
52,105,52,105,0.0
52,106,52,106,0.0
52,107,52,107,0.0
52,108,52,108,0.0
52,109,52,109,0.0
52,110,52,110,0.0
52,111,52,111,0.0
52,112,52,112,0.0
52,113,52,113,0.0
52,114,52,114,0.0
52,115,52,115,0.0
52,116,52,116,0.0
52,117,52,117,0.0
52,118,52,118,0.0
52,119,52,119,0.0
52,120,52,120,0.0
52,121,52,121,0.0
52,122,52,122,0.0
52,123,52,123,0.0
52,124,52,124,0.0
52,125,52,125,0.0
52,126,52,126,0.0
52,127,52,127,0.0
52,128,52,128,0.0
52,129,52,129,0.0
52,130,52,130,0.0
52,131,52,131,0.0
52,132,52,132,0.0
52,133,52,133,0.0
52,134,52,134,0.0
52,135,52,135,0.0
52,136,52,136,0.0
52,137,52,137,0.0
52,138,52,138,0.0
52,139,52,139,0.0
52,140,52,140,0.0
52,141,52,141,0.0
52,142,52,142,0.0
52,143,52,143,0.0
52,144,52,144,0.0
52,145,52,145,0.0
52,146,52,146,0.0
52,147,52,147,0.0
52,148,52,148,0.0
52,149,52,149,0.0
52,150,52,150,0.0
52,151,52,151,0.0
52,152,52,152,0.0
52,153,52,153,0.0
52,154,52,154,0.0
52,155,52,155,0.0
52,156,52,156,0.0
52,157,52,157,0.0
52,158,52,158,0.0
52,159,52,159,0.0
52,160,52,160,0.0
52,161,52,161,0.0
52,162,52,162,0.0
52,163,52,163,0.0
52,164,52,164,0.0
52,165,52,165,0.0
52,166,52,166,0.0
52,167,52,167,0.0
52,168,52,168,0.0
52,169,52,169,0.0
52,170,52,170,0.0
52,171,52,171,0.0
52,172,52,172,0.0
52,173,52,173,0.0
52,174,52,174,0.0
52,175,52,175,0.0
52,176,52,176,0.0
52,177,52,177,0.0
52,178,52,178,0.0
52,179,52,179,0.0
52,180,52,180,0.0
52,181,52,181,0.0
52,182,52,182,0.0
52,183,52,183,0.0
52,184,52,184,0.0
52,185,52,185,0.0
52,186,52,186,0.0
52,187,52,187,0.0
52,188,52,188,0.0
52,189,52,189,0.0
52,190,52,190,0.0
52,191,52,191,0.0
52,192,52,192,0.0
52,193,52,193,0.0
52,194,52,194,0.0
52,195,52,195,0.0
52,196,52,196,0.0
52,197,52,197,0.0
52,198,52,198,0.0
52,199,52,199,0.0
52,200,52,200,0.0
52,201,52,201,0.0
52,202,52,202,0.0
52,203,52,203,0.0
52,204,52,204,0.0
52,205,52,205,0.0
52,206,52,206,0.0
52,207,52,207,0.0
52,208,52,208,0.0
52,209,52,209,0.0
52,210,52,210,0.0
52,211,52,211,0.0
52,212,52,212,0.0
52,213,52,213,0.0
52,214,52,214,0.0
52,215,52,215,0.0
52,216,52,216,0.0
52,217,52,217,0.0
52,218,52,218,0.0
52,219,52,219,0.0
52,220,52,220,0.0
52,221,52,221,0.0
52,222,52,222,0.0
52,223,52,223,0.0
52,224,52,224,0.0
52,225,52,225,0.0
52,226,52,226,0.0
52,227,52,227,0.0
52,228,52,228,0.0
52,229,52,229,0.0
52,230,52,230,0.0
52,231,52,231,0.0
52,232,52,232,0.0
52,233,52,233,0.0
52,234,52,234,0.0
52,235,52,235,0.0
52,236,52,236,0.0
52,237,52,237,0.0
52,238,52,238,0.0
52,239,52,239,0.0
52,240,52,240,0.0
52,241,52,241,0.0
52,242,52,242,0.0
52,243,52,243,0.0
52,244,52,244,0.0
52,245,52,245,0.0
52,246,52,246,0.0
52,247,52,247,0.0
52,248,52,248,0.0
52,249,52,249,0.0
52,250,52,250,0.0
52,251,52,251,0.0
52,252,52,252,0.0
52,253,52,253,0.0
52,254,52,254,0.0
52,255,52,255,0.0
52,256,52,256,0.0
52,257,52,257,0.0
52,258,52,258,0.0
52,259,52,259,0.0
52,260,52,260,0.0
52,261,52,261,0.0
52,262,52,262,0.0
52,263,52,263,0.0
52,264,52,264,0.0
52,265,52,265,0.0
52,266,52,266,0.0
52,267,52,267,0.0
52,268,52,268,0.0
52,269,52,269,0.0
52,270,52,270,0.0
52,271,52,271,0.0
52,272,52,272,0.0
52,273,52,273,0.0
52,274,52,274,0.0
52,275,52,275,0.0
52,276,52,276,0.0
52,277,52,277,0.0
52,278,52,278,0.0
52,279,52,279,0.0
52,280,52,280,0.0
52,281,52,281,0.0
52,282,52,282,0.0
52,283,52,283,0.0
52,284,52,284,0.0
52,285,52,285,0.0
52,286,52,286,0.0
52,287,52,287,0.0
52,288,52,288,0.0
52,289,52,289,0.0
52,290,52,290,0.0
52,291,52,291,0.0
52,292,52,292,0.0
52,293,52,293,0.0
52,294,52,294,0.0
52,295,52,295,0.0
52,296,52,296,0.0
52,297,52,297,0.0
52,298,52,298,0.0
53,54,53,54,0.0
53,55,53,55,0.0
53,56,53,56,0.0
53,57,53,57,0.0
53,58,53,58,0.0
53,59,53,59,0.0
53,60,53,60,0.0
53,61,53,61,0.0
53,62,53,62,0.0
53,63,53,63,0.0
53,64,53,64,0.0
53,65,53,65,0.0
53,66,53,66,0.0
53,67,53,67,0.0
53,68,53,68,0.0
53,69,53,69,0.0
53,70,53,70,0.0
53,71,53,71,0.0
53,72,53,72,0.0
53,73,53,73,0.0
53,74,53,74,0.0
53,75,53,75,0.0
53,76,53,76,0.0
53,77,53,77,0.0
53,78,53,78,0.0
53,79,53,79,0.0
53,80,53,80,0.0
53,81,53,81,0.0
53,82,53,82,0.0
53,83,53,83,0.0
53,84,53,84,0.0
53,85,53,85,0.0
53,86,53,86,0.0
53,87,53,87,0.0
53,88,53,88,0.0
53,89,53,89,0.0
53,90,53,90,0.0
53,91,53,91,0.0
53,92,53,92,0.0
53,93,53,93,0.0
53,94,53,94,0.0
53,95,53,95,0.0
53,96,53,96,0.0
53,97,53,97,0.0
53,98,53,98,0.0
53,99,53,99,0.0
53,100,53,100,0.0
53,101,53,101,0.0
53,102,53,102,0.0
53,103,53,103,0.0
53,104,53,104,0.0
53,105,53,105,0.0
53,106,53,106,0.0
53,107,53,107,0.0
53,108,53,108,0.0
53,109,53,109,0.0
53,110,53,110,0.0
53,111,53,111,0.0
53,112,53,112,0.0
53,113,53,113,0.0
53,114,53,114,0.0
53,115,53,115,0.0
53,116,53,116,0.0
53,117,53,117,0.0
53,118,53,118,0.0
53,119,53,119,0.0
53,120,53,120,0.0
53,121,53,121,0.0
53,122,53,122,0.0
53,123,53,123,0.0
53,124,53,124,0.0
53,125,53,125,0.0
53,126,53,126,0.0
53,127,53,127,0.0
53,128,53,128,0.0
53,129,53,129,0.0
53,130,53,130,0.0
53,131,53,131,0.0
53,132,53,132,0.0
53,133,53,133,0.0
53,134,53,134,0.0
53,135,53,135,0.0
53,136,53,136,0.0
53,137,53,137,0.0
53,138,53,138,0.0
53,139,53,139,0.0
53,140,53,140,0.0
53,141,53,141,0.0
53,142,53,142,0.0
53,143,53,143,0.0
53,144,53,144,0.0
53,145,53,145,0.0
53,146,53,146,0.0
53,147,53,147,0.0
53,148,53,148,0.0
53,149,53,149,0.0
53,150,53,150,0.0
53,151,53,151,0.0
53,152,53,152,0.0
53,153,53,153,0.0
53,154,53,154,0.0
53,155,53,155,0.0
53,156,53,156,0.0
53,157,53,157,0.0
53,158,53,158,0.0
53,159,53,159,0.0
53,160,53,160,0.0
53,161,53,161,0.0
53,162,53,162,0.0
53,163,53,163,0.0
53,164,53,164,0.0
53,165,53,165,0.0
53,166,53,166,0.0
53,167,53,167,0.0
53,168,53,168,0.0
53,169,53,169,0.0
53,170,53,170,0.0
53,171,53,171,0.0
53,172,53,172,0.0
53,173,53,173,0.0
53,174,53,174,0.0
53,175,53,175,0.0
53,176,53,176,0.0
53,177,53,177,0.0
53,178,53,178,0.0
53,179,53,179,0.0
53,180,53,180,0.0
53,181,53,181,0.0
53,182,53,182,0.0
53,183,53,183,0.0
53,184,53,184,0.0
53,185,53,185,0.0
53,186,53,186,0.0
53,187,53,187,0.0
53,188,53,188,0.0
53,189,53,189,0.0
53,190,53,190,0.0
53,191,53,191,0.0
53,192,53,192,0.0
53,193,53,193,0.0
53,194,53,194,0.0
53,195,53,195,0.0
53,196,53,196,0.0
53,197,53,197,0.0
53,198,53,198,0.0
53,199,53,199,0.0
53,200,53,200,0.0
53,201,53,201,0.0
53,202,53,202,0.0
53,203,53,203,0.0
53,204,53,204,0.0
53,205,53,205,0.0
53,206,53,206,0.0
53,207,53,207,0.0
53,208,53,208,0.0
53,209,53,209,0.0
53,210,53,210,0.0
53,211,53,211,0.0
53,212,53,212,0.0
53,213,53,213,0.0
53,214,53,214,0.0
53,215,53,215,0.0
53,216,53,216,0.0
53,217,53,217,0.0
53,218,53,218,0.0
53,219,53,219,0.0
53,220,53,220,0.0
53,221,53,221,0.0
53,222,53,222,0.0
53,223,53,223,0.0
53,224,53,224,0.0
53,225,53,225,0.0
53,226,53,226,0.0
53,227,53,227,0.0
53,228,53,228,0.0
53,229,53,229,0.0
53,230,53,230,0.0
53,231,53,231,0.0
53,232,53,232,0.0
53,233,53,233,0.0
53,234,53,234,0.0
53,235,53,235,0.0
53,236,53,236,0.0
53,237,53,237,0.0
53,238,53,238,0.0
53,239,53,239,0.0
53,240,53,240,0.0
53,241,53,241,0.0
53,242,53,242,0.0
53,243,53,243,0.0
53,244,53,244,0.0
53,245,53,245,0.0
53,246,53,246,0.0
53,247,53,247,0.0
53,248,53,248,0.0
53,249,53,249,0.0
53,250,53,250,0.0
53,251,53,251,0.0
53,252,53,252,0.0
53,253,53,253,0.0
53,254,53,254,0.0
53,255,53,255,0.0
53,256,53,256,0.0
53,257,53,257,0.0
53,258,53,258,0.0
53,259,53,259,0.0
53,260,53,260,0.0
53,261,53,261,0.0
53,262,53,262,0.0
53,263,53,263,0.0
53,264,53,264,0.0
53,265,53,265,0.0
53,266,53,266,0.0
53,267,53,267,0.0
53,268,53,268,0.0
53,269,53,269,0.0
53,270,53,270,0.0
53,271,53,271,0.0
53,272,53,272,0.0
53,273,53,273,0.0
53,274,53,274,0.0
53,275,53,275,0.0
53,276,53,276,0.0
53,277,53,277,0.0
53,278,53,278,0.0
53,279,53,279,0.0
53,280,53,280,0.0
53,281,53,281,0.0
53,282,53,282,0.0
53,283,53,283,0.0
53,284,53,284,0.0
53,285,53,285,0.0
53,286,53,286,0.0
53,287,53,287,0.0
53,288,53,288,0.0
53,289,53,289,0.0
53,290,53,290,0.0
53,291,53,291,0.0
53,292,53,292,0.0
53,293,53,293,0.0
53,294,53,294,0.0
53,295,53,295,0.0
53,296,53,296,0.0
53,297,53,297,0.0
53,298,53,298,0.0
54,55,54,55,0.0
54,56,54,56,0.0
54,57,54,57,0.0
54,58,54,58,0.0
54,59,54,59,0.0
54,60,54,60,0.0
54,61,54,61,0.0
54,62,54,62,0.0
54,63,54,63,0.0
54,64,54,64,0.0
54,65,54,65,0.0
54,66,54,66,0.0
54,67,54,67,0.0
54,68,54,68,0.0
54,69,54,69,0.0
54,70,54,70,0.0
54,71,54,71,0.0
54,72,54,72,0.0
54,73,54,73,0.0
54,74,54,74,0.0
54,75,54,75,0.0
54,76,54,76,0.0
54,77,54,77,0.0
54,78,54,78,0.0
54,79,54,79,0.0
54,80,54,80,0.0
54,81,54,81,0.0
54,82,54,82,0.0
54,83,54,83,0.0
54,84,54,84,0.0
54,85,54,85,0.0
54,86,54,86,0.0
54,87,54,87,0.0
54,88,54,88,0.0
54,89,54,89,0.0
54,90,54,90,0.0
54,91,54,91,0.0
54,92,54,92,0.0
54,93,54,93,0.0
54,94,54,94,0.0
54,95,54,95,0.0
54,96,54,96,0.0
54,97,54,97,0.0
54,98,54,98,0.0
54,99,54,99,0.0
54,100,54,100,0.0
54,101,54,101,0.0
54,102,54,102,0.0
54,103,54,103,0.0
54,104,54,104,0.0
54,105,54,105,0.0
54,106,54,106,0.0
54,107,54,107,0.0
54,108,54,108,0.0
54,109,54,109,0.0
54,110,54,110,0.0
54,111,54,111,0.0
54,112,54,112,0.0
54,113,54,113,0.0
54,114,54,114,0.0
54,115,54,115,0.0
54,116,54,116,0.0
54,117,54,117,0.0
54,118,54,118,0.0
54,119,54,119,0.0
54,120,54,120,0.0
54,121,54,121,0.0
54,122,54,122,0.0
54,123,54,123,0.0
54,124,54,124,0.0
54,125,54,125,0.0
54,126,54,126,0.0
54,127,54,127,0.0
54,128,54,128,0.0
54,129,54,129,0.0
54,130,54,130,0.0
54,131,54,131,0.0
54,132,54,132,0.0
54,133,54,133,0.0
54,134,54,134,0.0
54,135,54,135,0.0
54,136,54,136,0.0
54,137,54,137,0.0
54,138,54,138,0.0
54,139,54,139,0.0
54,140,54,140,0.0
54,141,54,141,0.0
54,142,54,142,0.0
54,143,54,143,0.0
54,144,54,144,0.0
54,145,54,145,0.0
54,146,54,146,0.0
54,147,54,147,0.0
54,148,54,148,0.0
54,149,54,149,0.0
54,150,54,150,0.0
54,151,54,151,0.0
54,152,54,152,0.0
54,153,54,153,0.0
54,154,54,154,0.0
54,155,54,155,0.0
54,156,54,156,0.0
54,157,54,157,0.0
54,158,54,158,0.0
54,159,54,159,0.0
54,160,54,160,0.0
54,161,54,161,0.0
54,162,54,162,0.0
54,163,54,163,0.0
54,164,54,164,0.0
54,165,54,165,0.0
54,166,54,166,0.0
54,167,54,167,0.0
54,168,54,168,0.0
54,169,54,169,0.0
54,170,54,170,0.0
54,171,54,171,0.0
54,172,54,172,0.0
54,173,54,173,0.0
54,174,54,174,0.0
54,175,54,175,0.0
54,176,54,176,0.0
54,177,54,177,0.0
54,178,54,178,0.0
54,179,54,179,0.0
54,180,54,180,0.0
54,181,54,181,0.0
54,182,54,182,0.0
54,183,54,183,0.0
54,184,54,184,0.0
54,185,54,185,0.0
54,186,54,186,0.0
54,187,54,187,0.0
54,188,54,188,0.0
54,189,54,189,0.0
54,190,54,190,0.0
54,191,54,191,0.0
54,192,54,192,0.0
54,193,54,193,0.0
54,194,54,194,0.0
54,195,54,195,0.0
54,196,54,196,0.0
54,197,54,197,0.0
54,198,54,198,0.0
54,199,54,199,0.0
54,200,54,200,0.0
54,201,54,201,0.0
54,202,54,202,0.0
54,203,54,203,0.0
54,204,54,204,0.0
54,205,54,205,0.0
54,206,54,206,0.0
54,207,54,207,0.0
54,208,54,208,0.0
54,209,54,209,0.0
54,210,54,210,0.0
54,211,54,211,0.0
54,212,54,212,0.0
54,213,54,213,0.0
54,214,54,214,0.0
54,215,54,215,0.0
54,216,54,216,0.0
54,217,54,217,0.0
54,218,54,218,0.0
54,219,54,219,0.0
54,220,54,220,0.0
54,221,54,221,0.0
54,222,54,222,0.0
54,223,54,223,0.0
54,224,54,224,0.0
54,225,54,225,0.0
54,226,54,226,0.0
54,227,54,227,0.0
54,228,54,228,0.0
54,229,54,229,0.0
54,230,54,230,0.0
54,231,54,231,0.0
54,232,54,232,0.0
54,233,54,233,0.0
54,234,54,234,0.0
54,235,54,235,0.0
54,236,54,236,0.0
54,237,54,237,0.0
54,238,54,238,0.0
54,239,54,239,0.0
54,240,54,240,0.0
54,241,54,241,0.0
54,242,54,242,0.0
54,243,54,243,0.0
54,244,54,244,0.0
54,245,54,245,0.0
54,246,54,246,0.0
54,247,54,247,0.0
54,248,54,248,0.0
54,249,54,249,0.0
54,250,54,250,0.0
54,251,54,251,0.0
54,252,54,252,0.0
54,253,54,253,0.0
54,254,54,254,0.0
54,255,54,255,0.0
54,256,54,256,0.0
54,257,54,257,0.0
54,258,54,258,0.0
54,259,54,259,0.0
54,260,54,260,0.0
54,261,54,261,0.0
54,262,54,262,0.0
54,263,54,263,0.0
54,264,54,264,0.0
54,265,54,265,0.0
54,266,54,266,0.0
54,267,54,267,0.0
54,268,54,268,0.0
54,269,54,269,0.0
54,270,54,270,0.0
54,271,54,271,0.0
54,272,54,272,0.0
54,273,54,273,0.0
54,274,54,274,0.0
54,275,54,275,0.0
54,276,54,276,0.0
54,277,54,277,0.0
54,278,54,278,0.0
54,279,54,279,0.0
54,280,54,280,0.0
54,281,54,281,0.0
54,282,54,282,0.0
54,283,54,283,0.0
54,284,54,284,0.0
54,285,54,285,0.0
54,286,54,286,0.0
54,287,54,287,0.0
54,288,54,288,0.0
54,289,54,289,0.0
54,290,54,290,0.0
54,291,54,291,0.0
54,292,54,292,0.0
54,293,54,293,0.0
54,294,54,294,0.0
54,295,54,295,0.0
54,296,54,296,0.0
54,297,54,297,0.0
54,298,54,298,0.0
55,56,55,56,0.0
55,57,55,57,0.0
55,58,55,58,0.0
55,59,55,59,0.0
55,60,55,60,0.0
55,61,55,61,0.0
55,62,55,62,0.0
55,63,55,63,0.0
55,64,55,64,0.0
55,65,55,65,0.0
55,66,55,66,0.0
55,67,55,67,0.0
55,68,55,68,0.0
55,69,55,69,0.0
55,70,55,70,0.0
55,71,55,71,0.0
55,72,55,72,0.0
55,73,55,73,0.0
55,74,55,74,0.0
55,75,55,75,0.0
55,76,55,76,0.0
55,77,55,77,0.0
55,78,55,78,0.0
55,79,55,79,0.0
55,80,55,80,0.0
55,81,55,81,0.0
55,82,55,82,0.0
55,83,55,83,0.0
55,84,55,84,0.0
55,85,55,85,0.0
55,86,55,86,0.0
55,87,55,87,0.0
55,88,55,88,0.0
55,89,55,89,0.0
55,90,55,90,0.0
55,91,55,91,0.0
55,92,55,92,0.0
55,93,55,93,0.0
55,94,55,94,0.0
55,95,55,95,0.0
55,96,55,96,0.0
55,97,55,97,0.0
55,98,55,98,0.0
55,99,55,99,0.0
55,100,55,100,0.0
55,101,55,101,0.0
55,102,55,102,0.0
55,103,55,103,0.0
55,104,55,104,0.0
55,105,55,105,0.0
55,106,55,106,0.0
55,107,55,107,0.0
55,108,55,108,0.0
55,109,55,109,0.0
55,110,55,110,0.0
55,111,55,111,0.0
55,112,55,112,0.0
55,113,55,113,0.0
55,114,55,114,0.0
55,115,55,115,0.0
55,116,55,116,0.0
55,117,55,117,0.0
55,118,55,118,0.0
55,119,55,119,0.0
55,120,55,120,0.0
55,121,55,121,0.0
55,122,55,122,0.0
55,123,55,123,0.0
55,124,55,124,0.0
55,125,55,125,0.0
55,126,55,126,0.0
55,127,55,127,0.0
55,128,55,128,0.0
55,129,55,129,0.0
55,130,55,130,0.0
55,131,55,131,0.0
55,132,55,132,0.0
55,133,55,133,0.0
55,134,55,134,0.0
55,135,55,135,0.0
55,136,55,136,0.0
55,137,55,137,0.0
55,138,55,138,0.0
55,139,55,139,0.0
55,140,55,140,0.0
55,141,55,141,0.0
55,142,55,142,0.0
55,143,55,143,0.0
55,144,55,144,0.0
55,145,55,145,0.0
55,146,55,146,0.0
55,147,55,147,0.0
55,148,55,148,0.0
55,149,55,149,0.0
55,150,55,150,0.0
55,151,55,151,0.0
55,152,55,152,0.0
55,153,55,153,0.0
55,154,55,154,0.0
55,155,55,155,0.0
55,156,55,156,0.0
55,157,55,157,0.0
55,158,55,158,0.0
55,159,55,159,0.0
55,160,55,160,0.0
55,161,55,161,0.0
55,162,55,162,0.0
55,163,55,163,0.0
55,164,55,164,0.0
55,165,55,165,0.0
55,166,55,166,0.0
55,167,55,167,0.0
55,168,55,168,0.0
55,169,55,169,0.0
55,170,55,170,0.0
55,171,55,171,0.0
55,172,55,172,0.0
55,173,55,173,0.0
55,174,55,174,0.0
55,175,55,175,0.0
55,176,55,176,0.0
55,177,55,177,0.0
55,178,55,178,0.0
55,179,55,179,0.0
55,180,55,180,0.0
55,181,55,181,0.0
55,182,55,182,0.0
55,183,55,183,0.0
55,184,55,184,0.0
55,185,55,185,0.0
55,186,55,186,0.0
55,187,55,187,0.0
55,188,55,188,0.0
55,189,55,189,0.0
55,190,55,190,0.0
55,191,55,191,0.0
55,192,55,192,0.0
55,193,55,193,0.0
55,194,55,194,0.0
55,195,55,195,0.0
55,196,55,196,0.0
55,197,55,197,0.0
55,198,55,198,0.0
55,199,55,199,0.0
55,200,55,200,0.0
55,201,55,201,0.0
55,202,55,202,0.0
55,203,55,203,0.0
55,204,55,204,0.0
55,205,55,205,0.0
55,206,55,206,0.0
55,207,55,207,0.0
55,208,55,208,0.0
55,209,55,209,0.0
55,210,55,210,0.0
55,211,55,211,0.0
55,212,55,212,0.0
55,213,55,213,0.0
55,214,55,214,0.0
55,215,55,215,0.0
55,216,55,216,0.0
55,217,55,217,0.0
55,218,55,218,0.0
55,219,55,219,0.0
55,220,55,220,0.0
55,221,55,221,0.0
55,222,55,222,0.0
55,223,55,223,0.0
55,224,55,224,0.0
55,225,55,225,0.0
55,226,55,226,0.0
55,227,55,227,0.0
55,228,55,228,0.0
55,229,55,229,0.0
55,230,55,230,0.0
55,231,55,231,0.0
55,232,55,232,0.0
55,233,55,233,0.0
55,234,55,234,0.0
55,235,55,235,0.0
55,236,55,236,0.0
55,237,55,237,0.0
55,238,55,238,0.0
55,239,55,239,0.0
55,240,55,240,0.0
55,241,55,241,0.0
55,242,55,242,0.0
55,243,55,243,0.0
55,244,55,244,0.0
55,245,55,245,0.0
55,246,55,246,0.0
55,247,55,247,0.0
55,248,55,248,0.0
55,249,55,249,0.0
55,250,55,250,0.0
55,251,55,251,0.0
55,252,55,252,0.0
55,253,55,253,0.0
55,254,55,254,0.0
55,255,55,255,0.0
55,256,55,256,0.0
55,257,55,257,0.0
55,258,55,258,0.0
55,259,55,259,0.0
55,260,55,260,0.0
55,261,55,261,0.0
55,262,55,262,0.0
55,263,55,263,0.0
55,264,55,264,0.0
55,265,55,265,0.0
55,266,55,266,0.0
55,267,55,267,0.0
55,268,55,268,0.0
55,269,55,269,0.0
55,270,55,270,0.0
55,271,55,271,0.0
55,272,55,272,0.0
55,273,55,273,0.0
55,274,55,274,0.0
55,275,55,275,0.0
55,276,55,276,0.0
55,277,55,277,0.0
55,278,55,278,0.0
55,279,55,279,0.0
55,280,55,280,0.0
55,281,55,281,0.0
55,282,55,282,0.0
55,283,55,283,0.0
55,284,55,284,0.0
55,285,55,285,0.0
55,286,55,286,0.0
55,287,55,287,0.0
55,288,55,288,0.0
55,289,55,289,0.0
55,290,55,290,0.0
55,291,55,291,0.0
55,292,55,292,0.0
55,293,55,293,0.0
55,294,55,294,0.0
55,295,55,295,0.0
55,296,55,296,0.0
55,297,55,297,0.0
55,298,55,298,0.0
56,57,56,57,0.0
56,58,56,58,0.0
56,59,56,59,0.0
56,60,56,60,0.0
56,61,56,61,0.0
56,62,56,62,0.0
56,63,56,63,0.0
56,64,56,64,0.0
56,65,56,65,0.0
56,66,56,66,0.0
56,67,56,67,0.0
56,68,56,68,0.0
56,69,56,69,0.0
56,70,56,70,0.0
56,71,56,71,0.0
56,72,56,72,0.0
56,73,56,73,0.0
56,74,56,74,0.0
56,75,56,75,0.0
56,76,56,76,0.0
56,77,56,77,0.0
56,78,56,78,0.0
56,79,56,79,0.0
56,80,56,80,0.0
56,81,56,81,0.0
56,82,56,82,0.0
56,83,56,83,0.0
56,84,56,84,0.0
56,85,56,85,0.0
56,86,56,86,0.0
56,87,56,87,0.0
56,88,56,88,0.0
56,89,56,89,0.0
56,90,56,90,0.0
56,91,56,91,0.0
56,92,56,92,0.0
56,93,56,93,0.0
56,94,56,94,0.0
56,95,56,95,0.0
56,96,56,96,0.0
56,97,56,97,0.0
56,98,56,98,0.0
56,99,56,99,0.0
56,100,56,100,0.0
56,101,56,101,0.0
56,102,56,102,0.0
56,103,56,103,0.0
56,104,56,104,0.0
56,105,56,105,0.0
56,106,56,106,0.0
56,107,56,107,0.0
56,108,56,108,0.0
56,109,56,109,0.0
56,110,56,110,0.0
56,111,56,111,0.0
56,112,56,112,0.0
56,113,56,113,0.0
56,114,56,114,0.0
56,115,56,115,0.0
56,116,56,116,0.0
56,117,56,117,0.0
56,118,56,118,0.0
56,119,56,119,0.0
56,120,56,120,0.0
56,121,56,121,0.0
56,122,56,122,0.0
56,123,56,123,0.0
56,124,56,124,0.0
56,125,56,125,0.0
56,126,56,126,0.0
56,127,56,127,0.0
56,128,56,128,0.0
56,129,56,129,0.0
56,130,56,130,0.0
56,131,56,131,0.0
56,132,56,132,0.0
56,133,56,133,0.0
56,134,56,134,0.0
56,135,56,135,0.0
56,136,56,136,0.0
56,137,56,137,0.0
56,138,56,138,0.0
56,139,56,139,0.0
56,140,56,140,0.0
56,141,56,141,0.0
56,142,56,142,0.0
56,143,56,143,0.0
56,144,56,144,0.0
56,145,56,145,0.0
56,146,56,146,0.0
56,147,56,147,0.0
56,148,56,148,0.0
56,149,56,149,0.0
56,150,56,150,0.0
56,151,56,151,0.0
56,152,56,152,0.0
56,153,56,153,0.0
56,154,56,154,0.0
56,155,56,155,0.0
56,156,56,156,0.0
56,157,56,157,0.0
56,158,56,158,0.0
56,159,56,159,0.0
56,160,56,160,0.0
56,161,56,161,0.0
56,162,56,162,0.0
56,163,56,163,0.0
56,164,56,164,0.0
56,165,56,165,0.0
56,166,56,166,0.0
56,167,56,167,0.0
56,168,56,168,0.0
56,169,56,169,0.0
56,170,56,170,0.0
56,171,56,171,0.0
56,172,56,172,0.0
56,173,56,173,0.0
56,174,56,174,0.0
56,175,56,175,0.0
56,176,56,176,0.0
56,177,56,177,0.0
56,178,56,178,0.0
56,179,56,179,0.0
56,180,56,180,0.0
56,181,56,181,0.0
56,182,56,182,0.0
56,183,56,183,0.0
56,184,56,184,0.0
56,185,56,185,0.0
56,186,56,186,0.0
56,187,56,187,0.0
56,188,56,188,0.0
56,189,56,189,0.0
56,190,56,190,0.0
56,191,56,191,0.0
56,192,56,192,0.0
56,193,56,193,0.0
56,194,56,194,0.0
56,195,56,195,0.0
56,196,56,196,0.0
56,197,56,197,0.0
56,198,56,198,0.0
56,199,56,199,0.0
56,200,56,200,0.0
56,201,56,201,0.0
56,202,56,202,0.0
56,203,56,203,0.0
56,204,56,204,0.0
56,205,56,205,0.0
56,206,56,206,0.0
56,207,56,207,0.0
56,208,56,208,0.0
56,209,56,209,0.0
56,210,56,210,0.0
56,211,56,211,0.0
56,212,56,212,0.0
56,213,56,213,0.0
56,214,56,214,0.0
56,215,56,215,0.0
56,216,56,216,0.0
56,217,56,217,0.0
56,218,56,218,0.0
56,219,56,219,0.0
56,220,56,220,0.0
56,221,56,221,0.0
56,222,56,222,0.0
56,223,56,223,0.0
56,224,56,224,0.0
56,225,56,225,0.0
56,226,56,226,0.0
56,227,56,227,0.0
56,228,56,228,0.0
56,229,56,229,0.0
56,230,56,230,0.0
56,231,56,231,0.0
56,232,56,232,0.0
56,233,56,233,0.0
56,234,56,234,0.0
56,235,56,235,0.0
56,236,56,236,0.0
56,237,56,237,0.0
56,238,56,238,0.0
56,239,56,239,0.0
56,240,56,240,0.0
56,241,56,241,0.0
56,242,56,242,0.0
56,243,56,243,0.0
56,244,56,244,0.0
56,245,56,245,0.0
56,246,56,246,0.0
56,247,56,247,0.0
56,248,56,248,0.0
56,249,56,249,0.0
56,250,56,250,0.0
56,251,56,251,0.0
56,252,56,252,0.0
56,253,56,253,0.0
56,254,56,254,0.0
56,255,56,255,0.0
56,256,56,256,0.0
56,257,56,257,0.0
56,258,56,258,0.0
56,259,56,259,0.0
56,260,56,260,0.0
56,261,56,261,0.0
56,262,56,262,0.0
56,263,56,263,0.0
56,264,56,264,0.0
56,265,56,265,0.0
56,266,56,266,0.0
56,267,56,267,0.0
56,268,56,268,0.0
56,269,56,269,0.0
56,270,56,270,0.0
56,271,56,271,0.0
56,272,56,272,0.0
56,273,56,273,0.0
56,274,56,274,0.0
56,275,56,275,0.0
56,276,56,276,0.0
56,277,56,277,0.0
56,278,56,278,0.0
56,279,56,279,0.0
56,280,56,280,0.0
56,281,56,281,0.0
56,282,56,282,0.0
56,283,56,283,0.0
56,284,56,284,0.0
56,285,56,285,0.0
56,286,56,286,0.0
56,287,56,287,0.0
56,288,56,288,0.0
56,289,56,289,0.0
56,290,56,290,0.0
56,291,56,291,0.0
56,292,56,292,0.0
56,293,56,293,0.0
56,294,56,294,0.0
56,295,56,295,0.0
56,296,56,296,0.0
56,297,56,297,0.0
56,298,56,298,0.0
57,58,57,58,0.0
57,59,57,59,0.0
57,60,57,60,0.0
57,61,57,61,0.0
57,62,57,62,0.0
57,63,57,63,0.0
57,64,57,64,0.0
57,65,57,65,0.0
57,66,57,66,0.0
57,67,57,67,0.0
57,68,57,68,0.0
57,69,57,69,0.0
57,70,57,70,0.0
57,71,57,71,0.0
57,72,57,72,0.0
57,73,57,73,0.0
57,74,57,74,0.0
57,75,57,75,0.0
57,76,57,76,0.0
57,77,57,77,0.0
57,78,57,78,0.0
57,79,57,79,0.0
57,80,57,80,0.0
57,81,57,81,0.0
57,82,57,82,0.0
57,83,57,83,0.0
57,84,57,84,0.0
57,85,57,85,0.0
57,86,57,86,0.0
57,87,57,87,0.0
57,88,57,88,0.0
57,89,57,89,0.0
57,90,57,90,0.0
57,91,57,91,0.0
57,92,57,92,0.0
57,93,57,93,0.0
57,94,57,94,0.0
57,95,57,95,0.0
57,96,57,96,0.0
57,97,57,97,0.0
57,98,57,98,0.0
57,99,57,99,0.0
57,100,57,100,0.0
57,101,57,101,0.0
57,102,57,102,0.0
57,103,57,103,0.0
57,104,57,104,0.0
57,105,57,105,0.0
57,106,57,106,0.0
57,107,57,107,0.0
57,108,57,108,0.0
57,109,57,109,0.0
57,110,57,110,0.0
57,111,57,111,0.0
57,112,57,112,0.0
57,113,57,113,0.0
57,114,57,114,0.0
57,115,57,115,0.0
57,116,57,116,0.0
57,117,57,117,0.0
57,118,57,118,0.0
57,119,57,119,0.0
57,120,57,120,0.0
57,121,57,121,0.0
57,122,57,122,0.0
57,123,57,123,0.0
57,124,57,124,0.0
57,125,57,125,0.0
57,126,57,126,0.0
57,127,57,127,0.0
57,128,57,128,0.0
57,129,57,129,0.0
57,130,57,130,0.0
57,131,57,131,0.0
57,132,57,132,0.0
57,133,57,133,0.0
57,134,57,134,0.0
57,135,57,135,0.0
57,136,57,136,0.0
57,137,57,137,0.0
57,138,57,138,0.0
57,139,57,139,0.0
57,140,57,140,0.0
57,141,57,141,0.0
57,142,57,142,0.0
57,143,57,143,0.0
57,144,57,144,0.0
57,145,57,145,0.0
57,146,57,146,0.0
57,147,57,147,0.0
57,148,57,148,0.0
57,149,57,149,0.0
57,150,57,150,0.0
57,151,57,151,0.0
57,152,57,152,0.0
57,153,57,153,0.0
57,154,57,154,0.0
57,155,57,155,0.0
57,156,57,156,0.0
57,157,57,157,0.0
57,158,57,158,0.0
57,159,57,159,0.0
57,160,57,160,0.0
57,161,57,161,0.0
57,162,57,162,0.0
57,163,57,163,0.0
57,164,57,164,0.0
57,165,57,165,0.0
57,166,57,166,0.0
57,167,57,167,0.0
57,168,57,168,0.0
57,169,57,169,0.0
57,170,57,170,0.0
57,171,57,171,0.0
57,172,57,172,0.0
57,173,57,173,0.0
57,174,57,174,0.0
57,175,57,175,0.0
57,176,57,176,0.0
57,177,57,177,0.0
57,178,57,178,0.0
57,179,57,179,0.0
57,180,57,180,0.0
57,181,57,181,0.0
57,182,57,182,0.0
57,183,57,183,0.0
57,184,57,184,0.0
57,185,57,185,0.0
57,186,57,186,0.0
57,187,57,187,0.0
57,188,57,188,0.0
57,189,57,189,0.0
57,190,57,190,0.0
57,191,57,191,0.0
57,192,57,192,0.0
57,193,57,193,0.0
57,194,57,194,0.0
57,195,57,195,0.0
57,196,57,196,0.0
57,197,57,197,0.0
57,198,57,198,0.0
57,199,57,199,0.0
57,200,57,200,0.0
57,201,57,201,0.0
57,202,57,202,0.0
57,203,57,203,0.0
57,204,57,204,0.0
57,205,57,205,0.0
57,206,57,206,0.0
57,207,57,207,0.0
57,208,57,208,0.0
57,209,57,209,0.0
57,210,57,210,0.0
57,211,57,211,0.0
57,212,57,212,0.0
57,213,57,213,0.0
57,214,57,214,0.0
57,215,57,215,0.0
57,216,57,216,0.0
57,217,57,217,0.0
57,218,57,218,0.0
57,219,57,219,0.0
57,220,57,220,0.0
57,221,57,221,0.0
57,222,57,222,0.0
57,223,57,223,0.0
57,224,57,224,0.0
57,225,57,225,0.0
57,226,57,226,0.0
57,227,57,227,0.0
57,228,57,228,0.0
57,229,57,229,0.0
57,230,57,230,0.0
57,231,57,231,0.0
57,232,57,232,0.0
57,233,57,233,0.0
57,234,57,234,0.0
57,235,57,235,0.0
57,236,57,236,0.0
57,237,57,237,0.0
57,238,57,238,0.0
57,239,57,239,0.0
57,240,57,240,0.0
57,241,57,241,0.0
57,242,57,242,0.0
57,243,57,243,0.0
57,244,57,244,0.0
57,245,57,245,0.0
57,246,57,246,0.0
57,247,57,247,0.0
57,248,57,248,0.0
57,249,57,249,0.0
57,250,57,250,0.0
57,251,57,251,0.0
57,252,57,252,0.0
57,253,57,253,0.0
57,254,57,254,0.0
57,255,57,255,0.0
57,256,57,256,0.0
57,257,57,257,0.0
57,258,57,258,0.0
57,259,57,259,0.0
57,260,57,260,0.0
57,261,57,261,0.0
57,262,57,262,0.0
57,263,57,263,0.0
57,264,57,264,0.0
57,265,57,265,0.0
57,266,57,266,0.0
57,267,57,267,0.0
57,268,57,268,0.0
57,269,57,269,0.0
57,270,57,270,0.0
57,271,57,271,0.0
57,272,57,272,0.0
57,273,57,273,0.0
57,274,57,274,0.0
57,275,57,275,0.0
57,276,57,276,0.0
57,277,57,277,0.0
57,278,57,278,0.0
57,279,57,279,0.0
57,280,57,280,0.0
57,281,57,281,0.0
57,282,57,282,0.0
57,283,57,283,0.0
57,284,57,284,0.0
57,285,57,285,0.0
57,286,57,286,0.0
57,287,57,287,0.0
57,288,57,288,0.0
57,289,57,289,0.0
57,290,57,290,0.0
57,291,57,291,0.0
57,292,57,292,0.0
57,293,57,293,0.0
57,294,57,294,0.0
57,295,57,295,0.0
57,296,57,296,0.0
57,297,57,297,0.0
57,298,57,298,0.0
58,59,58,59,0.0
58,60,58,60,0.0
58,61,58,61,0.0
58,62,58,62,0.0
58,63,58,63,0.0
58,64,58,64,0.0
58,65,58,65,0.0
58,66,58,66,0.0
58,67,58,67,0.0
58,68,58,68,0.0
58,69,58,69,0.0
58,70,58,70,0.0
58,71,58,71,0.0
58,72,58,72,0.0
58,73,58,73,0.0
58,74,58,74,0.0
58,75,58,75,0.0
58,76,58,76,0.0
58,77,58,77,0.0
58,78,58,78,0.0
58,79,58,79,0.0
58,80,58,80,0.0
58,81,58,81,0.0
58,82,58,82,0.0
58,83,58,83,0.0
58,84,58,84,0.0
58,85,58,85,0.0
58,86,58,86,0.0
58,87,58,87,0.0
58,88,58,88,0.0
58,89,58,89,0.0
58,90,58,90,0.0
58,91,58,91,0.0
58,92,58,92,0.0
58,93,58,93,0.0
58,94,58,94,0.0
58,95,58,95,0.0
58,96,58,96,0.0
58,97,58,97,0.0
58,98,58,98,0.0
58,99,58,99,0.0
58,100,58,100,0.0
58,101,58,101,0.0
58,102,58,102,0.0
58,103,58,103,0.0
58,104,58,104,0.0
58,105,58,105,0.0
58,106,58,106,0.0
58,107,58,107,0.0
58,108,58,108,0.0
58,109,58,109,0.0
58,110,58,110,0.0
58,111,58,111,0.0
58,112,58,112,0.0
58,113,58,113,0.0
58,114,58,114,0.0
58,115,58,115,0.0
58,116,58,116,0.0
58,117,58,117,0.0
58,118,58,118,0.0
58,119,58,119,0.0
58,120,58,120,0.0
58,121,58,121,0.0
58,122,58,122,0.0
58,123,58,123,0.0
58,124,58,124,0.0
58,125,58,125,0.0
58,126,58,126,0.0
58,127,58,127,0.0
58,128,58,128,0.0
58,129,58,129,0.0
58,130,58,130,0.0
58,131,58,131,0.0
58,132,58,132,0.0
58,133,58,133,0.0
58,134,58,134,0.0
58,135,58,135,0.0
58,136,58,136,0.0
58,137,58,137,0.0
58,138,58,138,0.0
58,139,58,139,0.0
58,140,58,140,0.0
58,141,58,141,0.0
58,142,58,142,0.0
58,143,58,143,0.0
58,144,58,144,0.0
58,145,58,145,0.0
58,146,58,146,0.0
58,147,58,147,0.0
58,148,58,148,0.0
58,149,58,149,0.0
58,150,58,150,0.0
58,151,58,151,0.0
58,152,58,152,0.0
58,153,58,153,0.0
58,154,58,154,0.0
58,155,58,155,0.0
58,156,58,156,0.0
58,157,58,157,0.0
58,158,58,158,0.0
58,159,58,159,0.0
58,160,58,160,0.0
58,161,58,161,0.0
58,162,58,162,0.0
58,163,58,163,0.0
58,164,58,164,0.0
58,165,58,165,0.0
58,166,58,166,0.0
58,167,58,167,0.0
58,168,58,168,0.0
58,169,58,169,0.0
58,170,58,170,0.0
58,171,58,171,0.0
58,172,58,172,0.0
58,173,58,173,0.0
58,174,58,174,0.0
58,175,58,175,0.0
58,176,58,176,0.0
58,177,58,177,0.0
58,178,58,178,0.0
58,179,58,179,0.0
58,180,58,180,0.0
58,181,58,181,0.0
58,182,58,182,0.0
58,183,58,183,0.0
58,184,58,184,0.0
58,185,58,185,0.0
58,186,58,186,0.0
58,187,58,187,0.0
58,188,58,188,0.0
58,189,58,189,0.0
58,190,58,190,0.0
58,191,58,191,0.0
58,192,58,192,0.0
58,193,58,193,0.0
58,194,58,194,0.0
58,195,58,195,0.0
58,196,58,196,0.0
58,197,58,197,0.0
58,198,58,198,0.0
58,199,58,199,0.0
58,200,58,200,0.0
58,201,58,201,0.0
58,202,58,202,0.0
58,203,58,203,0.0
58,204,58,204,0.0
58,205,58,205,0.0
58,206,58,206,0.0
58,207,58,207,0.0
58,208,58,208,0.0
58,209,58,209,0.0
58,210,58,210,0.0
58,211,58,211,0.0
58,212,58,212,0.0
58,213,58,213,0.0
58,214,58,214,0.0
58,215,58,215,0.0
58,216,58,216,0.0
58,217,58,217,0.0
58,218,58,218,0.0
58,219,58,219,0.0
58,220,58,220,0.0
58,221,58,221,0.0
58,222,58,222,0.0
58,223,58,223,0.0
58,224,58,224,0.0
58,225,58,225,0.0
58,226,58,226,0.0
58,227,58,227,0.0
58,228,58,228,0.0
58,229,58,229,0.0
58,230,58,230,0.0
58,231,58,231,0.0
58,232,58,232,0.0
58,233,58,233,0.0
58,234,58,234,0.0
58,235,58,235,0.0
58,236,58,236,0.0
58,237,58,237,0.0
58,238,58,238,0.0
58,239,58,239,0.0
58,240,58,240,0.0
58,241,58,241,0.0
58,242,58,242,0.0
58,243,58,243,0.0
58,244,58,244,0.0
58,245,58,245,0.0
58,246,58,246,0.0
58,247,58,247,0.0
58,248,58,248,0.0
58,249,58,249,0.0
58,250,58,250,0.0
58,251,58,251,0.0
58,252,58,252,0.0
58,253,58,253,0.0
58,254,58,254,0.0
58,255,58,255,0.0
58,256,58,256,0.0
58,257,58,257,0.0
58,258,58,258,0.0
58,259,58,259,0.0
58,260,58,260,0.0
58,261,58,261,0.0
58,262,58,262,0.0
58,263,58,263,0.0
58,264,58,264,0.0
58,265,58,265,0.0
58,266,58,266,0.0
58,267,58,267,0.0
58,268,58,268,0.0
58,269,58,269,0.0
58,270,58,270,0.0
58,271,58,271,0.0
58,272,58,272,0.0
58,273,58,273,0.0
58,274,58,274,0.0
58,275,58,275,0.0
58,276,58,276,0.0
58,277,58,277,0.0
58,278,58,278,0.0
58,279,58,279,0.0
58,280,58,280,0.0
58,281,58,281,0.0
58,282,58,282,0.0
58,283,58,283,0.0
58,284,58,284,0.0
58,285,58,285,0.0
58,286,58,286,0.0
58,287,58,287,0.0
58,288,58,288,0.0
58,289,58,289,0.0
58,290,58,290,0.0
58,291,58,291,0.0
58,292,58,292,0.0
58,293,58,293,0.0
58,294,58,294,0.0
58,295,58,295,0.0
58,296,58,296,0.0
58,297,58,297,0.0
58,298,58,298,0.0
59,60,59,60,0.0
59,61,59,61,0.0
59,62,59,62,0.0
59,63,59,63,0.0
59,64,59,64,0.0
59,65,59,65,0.0
59,66,59,66,0.0
59,67,59,67,0.0
59,68,59,68,0.0
59,69,59,69,0.0
59,70,59,70,0.0
59,71,59,71,0.0
59,72,59,72,0.0
59,73,59,73,0.0
59,74,59,74,0.0
59,75,59,75,0.0
59,76,59,76,0.0
59,77,59,77,0.0
59,78,59,78,0.0
59,79,59,79,0.0
59,80,59,80,0.0
59,81,59,81,0.0
59,82,59,82,0.0
59,83,59,83,0.0
59,84,59,84,0.0
59,85,59,85,0.0
59,86,59,86,0.0
59,87,59,87,0.0
59,88,59,88,0.0
59,89,59,89,0.0
59,90,59,90,0.0
59,91,59,91,0.0
59,92,59,92,0.0
59,93,59,93,0.0
59,94,59,94,0.0
59,95,59,95,0.0
59,96,59,96,0.0
59,97,59,97,0.0
59,98,59,98,0.0
59,99,59,99,0.0
59,100,59,100,0.0
59,101,59,101,0.0
59,102,59,102,0.0
59,103,59,103,0.0
59,104,59,104,0.0
59,105,59,105,0.0
59,106,59,106,0.0
59,107,59,107,0.0
59,108,59,108,0.0
59,109,59,109,0.0
59,110,59,110,0.0
59,111,59,111,0.0
59,112,59,112,0.0
59,113,59,113,0.0
59,114,59,114,0.0
59,115,59,115,0.0
59,116,59,116,0.0
59,117,59,117,0.0
59,118,59,118,0.0
59,119,59,119,0.0
59,120,59,120,0.0
59,121,59,121,0.0
59,122,59,122,0.0
59,123,59,123,0.0
59,124,59,124,0.0
59,125,59,125,0.0
59,126,59,126,0.0
59,127,59,127,0.0
59,128,59,128,0.0
59,129,59,129,0.0
59,130,59,130,0.0
59,131,59,131,0.0
59,132,59,132,0.0
59,133,59,133,0.0
59,134,59,134,0.0
59,135,59,135,0.0
59,136,59,136,0.0
59,137,59,137,0.0
59,138,59,138,0.0
59,139,59,139,0.0
59,140,59,140,0.0
59,141,59,141,0.0
59,142,59,142,0.0
59,143,59,143,0.0
59,144,59,144,0.0
59,145,59,145,0.0
59,146,59,146,0.0
59,147,59,147,0.0
59,148,59,148,0.0
59,149,59,149,0.0
59,150,59,150,0.0
59,151,59,151,0.0
59,152,59,152,0.0
59,153,59,153,0.0
59,154,59,154,0.0
59,155,59,155,0.0
59,156,59,156,0.0
59,157,59,157,0.0
59,158,59,158,0.0
59,159,59,159,0.0
59,160,59,160,0.0
59,161,59,161,0.0
59,162,59,162,0.0
59,163,59,163,0.0
59,164,59,164,0.0
59,165,59,165,0.0
59,166,59,166,0.0
59,167,59,167,0.0
59,168,59,168,0.0
59,169,59,169,0.0
59,170,59,170,0.0
59,171,59,171,0.0
59,172,59,172,0.0
59,173,59,173,0.0
59,174,59,174,0.0
59,175,59,175,0.0
59,176,59,176,0.0
59,177,59,177,0.0
59,178,59,178,0.0
59,179,59,179,0.0
59,180,59,180,0.0
59,181,59,181,0.0
59,182,59,182,0.0
59,183,59,183,0.0
59,184,59,184,0.0
59,185,59,185,0.0
59,186,59,186,0.0
59,187,59,187,0.0
59,188,59,188,0.0
59,189,59,189,0.0
59,190,59,190,0.0
59,191,59,191,0.0
59,192,59,192,0.0
59,193,59,193,0.0
59,194,59,194,0.0
59,195,59,195,0.0
59,196,59,196,0.0
59,197,59,197,0.0
59,198,59,198,0.0
59,199,59,199,0.0
59,200,59,200,0.0
59,201,59,201,0.0
59,202,59,202,0.0
59,203,59,203,0.0
59,204,59,204,0.0
59,205,59,205,0.0
59,206,59,206,0.0
59,207,59,207,0.0
59,208,59,208,0.0
59,209,59,209,0.0
59,210,59,210,0.0
59,211,59,211,0.0
59,212,59,212,0.0
59,213,59,213,0.0
59,214,59,214,0.0
59,215,59,215,0.0
59,216,59,216,0.0
59,217,59,217,0.0
59,218,59,218,0.0
59,219,59,219,0.0
59,220,59,220,0.0
59,221,59,221,0.0
59,222,59,222,0.0
59,223,59,223,0.0
59,224,59,224,0.0
59,225,59,225,0.0
59,226,59,226,0.0
59,227,59,227,0.0
59,228,59,228,0.0
59,229,59,229,0.0
59,230,59,230,0.0
59,231,59,231,0.0
59,232,59,232,0.0
59,233,59,233,0.0
59,234,59,234,0.0
59,235,59,235,0.0
59,236,59,236,0.0
59,237,59,237,0.0
59,238,59,238,0.0
59,239,59,239,0.0
59,240,59,240,0.0
59,241,59,241,0.0
59,242,59,242,0.0
59,243,59,243,0.0
59,244,59,244,0.0
59,245,59,245,0.0
59,246,59,246,0.0
59,247,59,247,0.0
59,248,59,248,0.0
59,249,59,249,0.0
59,250,59,250,0.0
59,251,59,251,0.0
59,252,59,252,0.0
59,253,59,253,0.0
59,254,59,254,0.0
59,255,59,255,0.0
59,256,59,256,0.0
59,257,59,257,0.0
59,258,59,258,0.0
59,259,59,259,0.0
59,260,59,260,0.0
59,261,59,261,0.0
59,262,59,262,0.0
59,263,59,263,0.0
59,264,59,264,0.0
59,265,59,265,0.0
59,266,59,266,0.0
59,267,59,267,0.0
59,268,59,268,0.0
59,269,59,269,0.0
59,270,59,270,0.0
59,271,59,271,0.0
59,272,59,272,0.0
59,273,59,273,0.0
59,274,59,274,0.0
59,275,59,275,0.0
59,276,59,276,0.0
59,277,59,277,0.0
59,278,59,278,0.0
59,279,59,279,0.0
59,280,59,280,0.0
59,281,59,281,0.0
59,282,59,282,0.0
59,283,59,283,0.0
59,284,59,284,0.0
59,285,59,285,0.0
59,286,59,286,0.0
59,287,59,287,0.0
59,288,59,288,0.0
59,289,59,289,0.0
59,290,59,290,0.0
59,291,59,291,0.0
59,292,59,292,0.0
59,293,59,293,0.0
59,294,59,294,0.0
59,295,59,295,0.0
59,296,59,296,0.0
59,297,59,297,0.0
59,298,59,298,0.0
60,61,60,61,0.0
60,62,60,62,0.0
60,63,60,63,0.0
60,64,60,64,0.0
60,65,60,65,0.0
60,66,60,66,0.0
60,67,60,67,0.0
60,68,60,68,0.0
60,69,60,69,0.0
60,70,60,70,0.0
60,71,60,71,0.0
60,72,60,72,0.0
60,73,60,73,0.0
60,74,60,74,0.0
60,75,60,75,0.0
60,76,60,76,0.0
60,77,60,77,0.0
60,78,60,78,0.0
60,79,60,79,0.0
60,80,60,80,0.0
60,81,60,81,0.0
60,82,60,82,0.0
60,83,60,83,0.0
60,84,60,84,0.0
60,85,60,85,0.0
60,86,60,86,0.0
60,87,60,87,0.0
60,88,60,88,0.0
60,89,60,89,0.0
60,90,60,90,0.0
60,91,60,91,0.0
60,92,60,92,0.0
60,93,60,93,0.0
60,94,60,94,0.0
60,95,60,95,0.0
60,96,60,96,0.0
60,97,60,97,0.0
60,98,60,98,0.0
60,99,60,99,0.0
60,100,60,100,0.0
60,101,60,101,0.0
60,102,60,102,0.0
60,103,60,103,0.0
60,104,60,104,0.0
60,105,60,105,0.0
60,106,60,106,0.0
60,107,60,107,0.0
60,108,60,108,0.0
60,109,60,109,0.0
60,110,60,110,0.0
60,111,60,111,0.0
60,112,60,112,0.0
60,113,60,113,0.0
60,114,60,114,0.0
60,115,60,115,0.0
60,116,60,116,0.0
60,117,60,117,0.0
60,118,60,118,0.0
60,119,60,119,0.0
60,120,60,120,0.0
60,121,60,121,0.0
60,122,60,122,0.0
60,123,60,123,0.0
60,124,60,124,0.0
60,125,60,125,0.0
60,126,60,126,0.0
60,127,60,127,0.0
60,128,60,128,0.0
60,129,60,129,0.0
60,130,60,130,0.0
60,131,60,131,0.0
60,132,60,132,0.0
60,133,60,133,0.0
60,134,60,134,0.0
60,135,60,135,0.0
60,136,60,136,0.0
60,137,60,137,0.0
60,138,60,138,0.0
60,139,60,139,0.0
60,140,60,140,0.0
60,141,60,141,0.0
60,142,60,142,0.0
60,143,60,143,0.0
60,144,60,144,0.0
60,145,60,145,0.0
60,146,60,146,0.0
60,147,60,147,0.0
60,148,60,148,0.0
60,149,60,149,0.0
60,150,60,150,0.0
60,151,60,151,0.0
60,152,60,152,0.0
60,153,60,153,0.0
60,154,60,154,0.0
60,155,60,155,0.0
60,156,60,156,0.0
60,157,60,157,0.0
60,158,60,158,0.0
60,159,60,159,0.0
60,160,60,160,0.0
60,161,60,161,0.0
60,162,60,162,0.0
60,163,60,163,0.0
60,164,60,164,0.0
60,165,60,165,0.0
60,166,60,166,0.0
60,167,60,167,0.0
60,168,60,168,0.0
60,169,60,169,0.0
60,170,60,170,0.0
60,171,60,171,0.0
60,172,60,172,0.0
60,173,60,173,0.0
60,174,60,174,0.0
60,175,60,175,0.0
60,176,60,176,0.0
60,177,60,177,0.0
60,178,60,178,0.0
60,179,60,179,0.0
60,180,60,180,0.0
60,181,60,181,0.0
60,182,60,182,0.0
60,183,60,183,0.0
60,184,60,184,0.0
60,185,60,185,0.0
60,186,60,186,0.0
60,187,60,187,0.0
60,188,60,188,0.0
60,189,60,189,0.0
60,190,60,190,0.0
60,191,60,191,0.0
60,192,60,192,0.0
60,193,60,193,0.0
60,194,60,194,0.0
60,195,60,195,0.0
60,196,60,196,0.0
60,197,60,197,0.0
60,198,60,198,0.0
60,199,60,199,0.0
60,200,60,200,0.0
60,201,60,201,0.0
60,202,60,202,0.0
60,203,60,203,0.0
60,204,60,204,0.0
60,205,60,205,0.0
60,206,60,206,0.0
60,207,60,207,0.0
60,208,60,208,0.0
60,209,60,209,0.0
60,210,60,210,0.0
60,211,60,211,0.0
60,212,60,212,0.0
60,213,60,213,0.0
60,214,60,214,0.0
60,215,60,215,0.0
60,216,60,216,0.0
60,217,60,217,0.0
60,218,60,218,0.0
60,219,60,219,0.0
60,220,60,220,0.0
60,221,60,221,0.0
60,222,60,222,0.0
60,223,60,223,0.0
60,224,60,224,0.0
60,225,60,225,0.0
60,226,60,226,0.0
60,227,60,227,0.0
60,228,60,228,0.0
60,229,60,229,0.0
60,230,60,230,0.0
60,231,60,231,0.0
60,232,60,232,0.0
60,233,60,233,0.0
60,234,60,234,0.0
60,235,60,235,0.0
60,236,60,236,0.0
60,237,60,237,0.0
60,238,60,238,0.0
60,239,60,239,0.0
60,240,60,240,0.0
60,241,60,241,0.0
60,242,60,242,0.0
60,243,60,243,0.0
60,244,60,244,0.0
60,245,60,245,0.0
60,246,60,246,0.0
60,247,60,247,0.0
60,248,60,248,0.0
60,249,60,249,0.0
60,250,60,250,0.0
60,251,60,251,0.0
60,252,60,252,0.0
60,253,60,253,0.0
60,254,60,254,0.0
60,255,60,255,0.0
60,256,60,256,0.0
60,257,60,257,0.0
60,258,60,258,0.0
60,259,60,259,0.0
60,260,60,260,0.0
60,261,60,261,0.0
60,262,60,262,0.0
60,263,60,263,0.0
60,264,60,264,0.0
60,265,60,265,0.0
60,266,60,266,0.0
60,267,60,267,0.0
60,268,60,268,0.0
60,269,60,269,0.0
60,270,60,270,0.0
60,271,60,271,0.0
60,272,60,272,0.0
60,273,60,273,0.0
60,274,60,274,0.0
60,275,60,275,0.0
60,276,60,276,0.0
60,277,60,277,0.0
60,278,60,278,0.0
60,279,60,279,0.0
60,280,60,280,0.0
60,281,60,281,0.0
60,282,60,282,0.0
60,283,60,283,0.0
60,284,60,284,0.0
60,285,60,285,0.0
60,286,60,286,0.0
60,287,60,287,0.0
60,288,60,288,0.0
60,289,60,289,0.0
60,290,60,290,0.0
60,291,60,291,0.0
60,292,60,292,0.0
60,293,60,293,0.0
60,294,60,294,0.0
60,295,60,295,0.0
60,296,60,296,0.0
60,297,60,297,0.0
60,298,60,298,0.0
61,62,61,62,0.0
61,63,61,63,0.0
61,64,61,64,0.0
61,65,61,65,0.0
61,66,61,66,0.0
61,67,61,67,0.0
61,68,61,68,0.0
61,69,61,69,0.0
61,70,61,70,0.0
61,71,61,71,0.0
61,72,61,72,0.0
61,73,61,73,0.0
61,74,61,74,0.0
61,75,61,75,0.0
61,76,61,76,0.0
61,77,61,77,0.0
61,78,61,78,0.0
61,79,61,79,0.0
61,80,61,80,0.0
61,81,61,81,0.0
61,82,61,82,0.0
61,83,61,83,0.0
61,84,61,84,0.0
61,85,61,85,0.0
61,86,61,86,0.0
61,87,61,87,0.0
61,88,61,88,0.0
61,89,61,89,0.0
61,90,61,90,0.0
61,91,61,91,0.0
61,92,61,92,0.0
61,93,61,93,0.0
61,94,61,94,0.0
61,95,61,95,0.0
61,96,61,96,0.0
61,97,61,97,0.0
61,98,61,98,0.0
61,99,61,99,0.0
61,100,61,100,0.0
61,101,61,101,0.0
61,102,61,102,0.0
61,103,61,103,0.0
61,104,61,104,0.0
61,105,61,105,0.0
61,106,61,106,0.0
61,107,61,107,0.0
61,108,61,108,0.0
61,109,61,109,0.0
61,110,61,110,0.0
61,111,61,111,0.0
61,112,61,112,0.0
61,113,61,113,0.0
61,114,61,114,0.0
61,115,61,115,0.0
61,116,61,116,0.0
61,117,61,117,0.0
61,118,61,118,0.0
61,119,61,119,0.0
61,120,61,120,0.0
61,121,61,121,0.0
61,122,61,122,0.0
61,123,61,123,0.0
61,124,61,124,0.0
61,125,61,125,0.0
61,126,61,126,0.0
61,127,61,127,0.0
61,128,61,128,0.0
61,129,61,129,0.0
61,130,61,130,0.0
61,131,61,131,0.0
61,132,61,132,0.0
61,133,61,133,0.0
61,134,61,134,0.0
61,135,61,135,0.0
61,136,61,136,0.0
61,137,61,137,0.0
61,138,61,138,0.0
61,139,61,139,0.0
61,140,61,140,0.0
61,141,61,141,0.0
61,142,61,142,0.0
61,143,61,143,0.0
61,144,61,144,0.0
61,145,61,145,0.0
61,146,61,146,0.0
61,147,61,147,0.0
61,148,61,148,0.0
61,149,61,149,0.0
61,150,61,150,0.0
61,151,61,151,0.0
61,152,61,152,0.0
61,153,61,153,0.0
61,154,61,154,0.0
61,155,61,155,0.0
61,156,61,156,0.0
61,157,61,157,0.0
61,158,61,158,0.0
61,159,61,159,0.0
61,160,61,160,0.0
61,161,61,161,0.0
61,162,61,162,0.0
61,163,61,163,0.0
61,164,61,164,0.0
61,165,61,165,0.0
61,166,61,166,0.0
61,167,61,167,0.0
61,168,61,168,0.0
61,169,61,169,0.0
61,170,61,170,0.0
61,171,61,171,0.0
61,172,61,172,0.0
61,173,61,173,0.0
61,174,61,174,0.0
61,175,61,175,0.0
61,176,61,176,0.0
61,177,61,177,0.0
61,178,61,178,0.0
61,179,61,179,0.0
61,180,61,180,0.0
61,181,61,181,0.0
61,182,61,182,0.0
61,183,61,183,0.0
61,184,61,184,0.0
61,185,61,185,0.0
61,186,61,186,0.0
61,187,61,187,0.0
61,188,61,188,0.0
61,189,61,189,0.0
61,190,61,190,0.0
61,191,61,191,0.0
61,192,61,192,0.0
61,193,61,193,0.0
61,194,61,194,0.0
61,195,61,195,0.0
61,196,61,196,0.0
61,197,61,197,0.0
61,198,61,198,0.0
61,199,61,199,0.0
61,200,61,200,0.0
61,201,61,201,0.0
61,202,61,202,0.0
61,203,61,203,0.0
61,204,61,204,0.0
61,205,61,205,0.0
61,206,61,206,0.0
61,207,61,207,0.0
61,208,61,208,0.0
61,209,61,209,0.0
61,210,61,210,0.0
61,211,61,211,0.0
61,212,61,212,0.0
61,213,61,213,0.0
61,214,61,214,0.0
61,215,61,215,0.0
61,216,61,216,0.0
61,217,61,217,0.0
61,218,61,218,0.0
61,219,61,219,0.0
61,220,61,220,0.0
61,221,61,221,0.0
61,222,61,222,0.0
61,223,61,223,0.0
61,224,61,224,0.0
61,225,61,225,0.0
61,226,61,226,0.0
61,227,61,227,0.0
61,228,61,228,0.0
61,229,61,229,0.0
61,230,61,230,0.0
61,231,61,231,0.0
61,232,61,232,0.0
61,233,61,233,0.0
61,234,61,234,0.0
61,235,61,235,0.0
61,236,61,236,0.0
61,237,61,237,0.0
61,238,61,238,0.0
61,239,61,239,0.0
61,240,61,240,0.0
61,241,61,241,0.0
61,242,61,242,0.0
61,243,61,243,0.0
61,244,61,244,0.0
61,245,61,245,0.0
61,246,61,246,0.0
61,247,61,247,0.0
61,248,61,248,0.0
61,249,61,249,0.0
61,250,61,250,0.0
61,251,61,251,0.0
61,252,61,252,0.0
61,253,61,253,0.0
61,254,61,254,0.0
61,255,61,255,0.0
61,256,61,256,0.0
61,257,61,257,0.0
61,258,61,258,0.0
61,259,61,259,0.0
61,260,61,260,0.0
61,261,61,261,0.0
61,262,61,262,0.0
61,263,61,263,0.0
61,264,61,264,0.0
61,265,61,265,0.0
61,266,61,266,0.0
61,267,61,267,0.0
61,268,61,268,0.0
61,269,61,269,0.0
61,270,61,270,0.0
61,271,61,271,0.0
61,272,61,272,0.0
61,273,61,273,0.0
61,274,61,274,0.0
61,275,61,275,0.0
61,276,61,276,0.0
61,277,61,277,0.0
61,278,61,278,0.0
61,279,61,279,0.0
61,280,61,280,0.0
61,281,61,281,0.0
61,282,61,282,0.0
61,283,61,283,0.0
61,284,61,284,0.0
61,285,61,285,0.0
61,286,61,286,0.0
61,287,61,287,0.0
61,288,61,288,0.0
61,289,61,289,0.0
61,290,61,290,0.0
61,291,61,291,0.0
61,292,61,292,0.0
61,293,61,293,0.0
61,294,61,294,0.0
61,295,61,295,0.0
61,296,61,296,0.0
61,297,61,297,0.0
61,298,61,298,0.0
62,63,62,63,0.0
62,64,62,64,0.0
62,65,62,65,0.0
62,66,62,66,0.0
62,67,62,67,0.0
62,68,62,68,0.0
62,69,62,69,0.0
62,70,62,70,0.0
62,71,62,71,0.0
62,72,62,72,0.0
62,73,62,73,0.0
62,74,62,74,0.0
62,75,62,75,0.0
62,76,62,76,0.0
62,77,62,77,0.0
62,78,62,78,0.0
62,79,62,79,0.0
62,80,62,80,0.0
62,81,62,81,0.0
62,82,62,82,0.0
62,83,62,83,0.0
62,84,62,84,0.0
62,85,62,85,0.0
62,86,62,86,0.0
62,87,62,87,0.0
62,88,62,88,0.0
62,89,62,89,0.0
62,90,62,90,0.0
62,91,62,91,0.0
62,92,62,92,0.0
62,93,62,93,0.0
62,94,62,94,0.0
62,95,62,95,0.0
62,96,62,96,0.0
62,97,62,97,0.0
62,98,62,98,0.0
62,99,62,99,0.0
62,100,62,100,0.0
62,101,62,101,0.0
62,102,62,102,0.0
62,103,62,103,0.0
62,104,62,104,0.0
62,105,62,105,0.0
62,106,62,106,0.0
62,107,62,107,0.0
62,108,62,108,0.0
62,109,62,109,0.0
62,110,62,110,0.0
62,111,62,111,0.0
62,112,62,112,0.0
62,113,62,113,0.0
62,114,62,114,0.0
62,115,62,115,0.0
62,116,62,116,0.0
62,117,62,117,0.0
62,118,62,118,0.0
62,119,62,119,0.0
62,120,62,120,0.0
62,121,62,121,0.0
62,122,62,122,0.0
62,123,62,123,0.0
62,124,62,124,0.0
62,125,62,125,0.0
62,126,62,126,0.0
62,127,62,127,0.0
62,128,62,128,0.0
62,129,62,129,0.0
62,130,62,130,0.0
62,131,62,131,0.0
62,132,62,132,0.0
62,133,62,133,0.0
62,134,62,134,0.0
62,135,62,135,0.0
62,136,62,136,0.0
62,137,62,137,0.0
62,138,62,138,0.0
62,139,62,139,0.0
62,140,62,140,0.0
62,141,62,141,0.0
62,142,62,142,0.0
62,143,62,143,0.0
62,144,62,144,0.0
62,145,62,145,0.0
62,146,62,146,0.0
62,147,62,147,0.0
62,148,62,148,0.0
62,149,62,149,0.0
62,150,62,150,0.0
62,151,62,151,0.0
62,152,62,152,0.0
62,153,62,153,0.0
62,154,62,154,0.0
62,155,62,155,0.0
62,156,62,156,0.0
62,157,62,157,0.0
62,158,62,158,0.0
62,159,62,159,0.0
62,160,62,160,0.0
62,161,62,161,0.0
62,162,62,162,0.0
62,163,62,163,0.0
62,164,62,164,0.0
62,165,62,165,0.0
62,166,62,166,0.0
62,167,62,167,0.0
62,168,62,168,0.0
62,169,62,169,0.0
62,170,62,170,0.0
62,171,62,171,0.0
62,172,62,172,0.0
62,173,62,173,0.0
62,174,62,174,0.0
62,175,62,175,0.0
62,176,62,176,0.0
62,177,62,177,0.0
62,178,62,178,0.0
62,179,62,179,0.0
62,180,62,180,0.0
62,181,62,181,0.0
62,182,62,182,0.0
62,183,62,183,0.0
62,184,62,184,0.0
62,185,62,185,0.0
62,186,62,186,0.0
62,187,62,187,0.0
62,188,62,188,0.0
62,189,62,189,0.0
62,190,62,190,0.0
62,191,62,191,0.0
62,192,62,192,0.0
62,193,62,193,0.0
62,194,62,194,0.0
62,195,62,195,0.0
62,196,62,196,0.0
62,197,62,197,0.0
62,198,62,198,0.0
62,199,62,199,0.0
62,200,62,200,0.0
62,201,62,201,0.0
62,202,62,202,0.0
62,203,62,203,0.0
62,204,62,204,0.0
62,205,62,205,0.0
62,206,62,206,0.0
62,207,62,207,0.0
62,208,62,208,0.0
62,209,62,209,0.0
62,210,62,210,0.0
62,211,62,211,0.0
62,212,62,212,0.0
62,213,62,213,0.0
62,214,62,214,0.0
62,215,62,215,0.0
62,216,62,216,0.0
62,217,62,217,0.0
62,218,62,218,0.0
62,219,62,219,0.0
62,220,62,220,0.0
62,221,62,221,0.0
62,222,62,222,0.0
62,223,62,223,0.0
62,224,62,224,0.0
62,225,62,225,0.0
62,226,62,226,0.0
62,227,62,227,0.0
62,228,62,228,0.0
62,229,62,229,0.0
62,230,62,230,0.0
62,231,62,231,0.0
62,232,62,232,0.0
62,233,62,233,0.0
62,234,62,234,0.0
62,235,62,235,0.0
62,236,62,236,0.0
62,237,62,237,0.0
62,238,62,238,0.0
62,239,62,239,0.0
62,240,62,240,0.0
62,241,62,241,0.0
62,242,62,242,0.0
62,243,62,243,0.0
62,244,62,244,0.0
62,245,62,245,0.0
62,246,62,246,0.0
62,247,62,247,0.0
62,248,62,248,0.0
62,249,62,249,0.0
62,250,62,250,0.0
62,251,62,251,0.0
62,252,62,252,0.0
62,253,62,253,0.0
62,254,62,254,0.0
62,255,62,255,0.0
62,256,62,256,0.0
62,257,62,257,0.0
62,258,62,258,0.0
62,259,62,259,0.0
62,260,62,260,0.0
62,261,62,261,0.0
62,262,62,262,0.0
62,263,62,263,0.0
62,264,62,264,0.0
62,265,62,265,0.0
62,266,62,266,0.0
62,267,62,267,0.0
62,268,62,268,0.0
62,269,62,269,0.0
62,270,62,270,0.0
62,271,62,271,0.0
62,272,62,272,0.0
62,273,62,273,0.0
62,274,62,274,0.0
62,275,62,275,0.0
62,276,62,276,0.0
62,277,62,277,0.0
62,278,62,278,0.0
62,279,62,279,0.0
62,280,62,280,0.0
62,281,62,281,0.0
62,282,62,282,0.0
62,283,62,283,0.0
62,284,62,284,0.0
62,285,62,285,0.0
62,286,62,286,0.0
62,287,62,287,0.0
62,288,62,288,0.0
62,289,62,289,0.0
62,290,62,290,0.0
62,291,62,291,0.0
62,292,62,292,0.0
62,293,62,293,0.0
62,294,62,294,0.0
62,295,62,295,0.0
62,296,62,296,0.0
62,297,62,297,0.0
62,298,62,298,0.0
63,64,63,64,0.0
63,65,63,65,0.0
63,66,63,66,0.0
63,67,63,67,0.0
63,68,63,68,0.0
63,69,63,69,0.0
63,70,63,70,0.0
63,71,63,71,0.0
63,72,63,72,0.0
63,73,63,73,0.0
63,74,63,74,0.0
63,75,63,75,0.0
63,76,63,76,0.0
63,77,63,77,0.0
63,78,63,78,0.0
63,79,63,79,0.0
63,80,63,80,0.0
63,81,63,81,0.0
63,82,63,82,0.0
63,83,63,83,0.0
63,84,63,84,0.0
63,85,63,85,0.0
63,86,63,86,0.0
63,87,63,87,0.0
63,88,63,88,0.0
63,89,63,89,0.0
63,90,63,90,0.0
63,91,63,91,0.0
63,92,63,92,0.0
63,93,63,93,0.0
63,94,63,94,0.0
63,95,63,95,0.0
63,96,63,96,0.0
63,97,63,97,0.0
63,98,63,98,0.0
63,99,63,99,0.0
63,100,63,100,0.0
63,101,63,101,0.0
63,102,63,102,0.0
63,103,63,103,0.0
63,104,63,104,0.0
63,105,63,105,0.0
63,106,63,106,0.0
63,107,63,107,0.0
63,108,63,108,0.0
63,109,63,109,0.0
63,110,63,110,0.0
63,111,63,111,0.0
63,112,63,112,0.0
63,113,63,113,0.0
63,114,63,114,0.0
63,115,63,115,0.0
63,116,63,116,0.0
63,117,63,117,0.0
63,118,63,118,0.0
63,119,63,119,0.0
63,120,63,120,0.0
63,121,63,121,0.0
63,122,63,122,0.0
63,123,63,123,0.0
63,124,63,124,0.0
63,125,63,125,0.0
63,126,63,126,0.0
63,127,63,127,0.0
63,128,63,128,0.0
63,129,63,129,0.0
63,130,63,130,0.0
63,131,63,131,0.0
63,132,63,132,0.0
63,133,63,133,0.0
63,134,63,134,0.0
63,135,63,135,0.0
63,136,63,136,0.0
63,137,63,137,0.0
63,138,63,138,0.0
63,139,63,139,0.0
63,140,63,140,0.0
63,141,63,141,0.0
63,142,63,142,0.0
63,143,63,143,0.0
63,144,63,144,0.0
63,145,63,145,0.0
63,146,63,146,0.0
63,147,63,147,0.0
63,148,63,148,0.0
63,149,63,149,0.0
63,150,63,150,0.0
63,151,63,151,0.0
63,152,63,152,0.0
63,153,63,153,0.0
63,154,63,154,0.0
63,155,63,155,0.0
63,156,63,156,0.0
63,157,63,157,0.0
63,158,63,158,0.0
63,159,63,159,0.0
63,160,63,160,0.0
63,161,63,161,0.0
63,162,63,162,0.0
63,163,63,163,0.0
63,164,63,164,0.0
63,165,63,165,0.0
63,166,63,166,0.0
63,167,63,167,0.0
63,168,63,168,0.0
63,169,63,169,0.0
63,170,63,170,0.0
63,171,63,171,0.0
63,172,63,172,0.0
63,173,63,173,0.0
63,174,63,174,0.0
63,175,63,175,0.0
63,176,63,176,0.0
63,177,63,177,0.0
63,178,63,178,0.0
63,179,63,179,0.0
63,180,63,180,0.0
63,181,63,181,0.0
63,182,63,182,0.0
63,183,63,183,0.0
63,184,63,184,0.0
63,185,63,185,0.0
63,186,63,186,0.0
63,187,63,187,0.0
63,188,63,188,0.0
63,189,63,189,0.0
63,190,63,190,0.0
63,191,63,191,0.0
63,192,63,192,0.0
63,193,63,193,0.0
63,194,63,194,0.0
63,195,63,195,0.0
63,196,63,196,0.0
63,197,63,197,0.0
63,198,63,198,0.0
63,199,63,199,0.0
63,200,63,200,0.0
63,201,63,201,0.0
63,202,63,202,0.0
63,203,63,203,0.0
63,204,63,204,0.0
63,205,63,205,0.0
63,206,63,206,0.0
63,207,63,207,0.0
63,208,63,208,0.0
63,209,63,209,0.0
63,210,63,210,0.0
63,211,63,211,0.0
63,212,63,212,0.0
63,213,63,213,0.0
63,214,63,214,0.0
63,215,63,215,0.0
63,216,63,216,0.0
63,217,63,217,0.0
63,218,63,218,0.0
63,219,63,219,0.0
63,220,63,220,0.0
63,221,63,221,0.0
63,222,63,222,0.0
63,223,63,223,0.0
63,224,63,224,0.0
63,225,63,225,0.0
63,226,63,226,0.0
63,227,63,227,0.0
63,228,63,228,0.0
63,229,63,229,0.0
63,230,63,230,0.0
63,231,63,231,0.0
63,232,63,232,0.0
63,233,63,233,0.0
63,234,63,234,0.0
63,235,63,235,0.0
63,236,63,236,0.0
63,237,63,237,0.0
63,238,63,238,0.0
63,239,63,239,0.0
63,240,63,240,0.0
63,241,63,241,0.0
63,242,63,242,0.0
63,243,63,243,0.0
63,244,63,244,0.0
63,245,63,245,0.0
63,246,63,246,0.0
63,247,63,247,0.0
63,248,63,248,0.0
63,249,63,249,0.0
63,250,63,250,0.0
63,251,63,251,0.0
63,252,63,252,0.0
63,253,63,253,0.0
63,254,63,254,0.0
63,255,63,255,0.0
63,256,63,256,0.0
63,257,63,257,0.0
63,258,63,258,0.0
63,259,63,259,0.0
63,260,63,260,0.0
63,261,63,261,0.0
63,262,63,262,0.0
63,263,63,263,0.0
63,264,63,264,0.0
63,265,63,265,0.0
63,266,63,266,0.0
63,267,63,267,0.0
63,268,63,268,0.0
63,269,63,269,0.0
63,270,63,270,0.0
63,271,63,271,0.0
63,272,63,272,0.0
63,273,63,273,0.0
63,274,63,274,0.0
63,275,63,275,0.0
63,276,63,276,0.0
63,277,63,277,0.0
63,278,63,278,0.0
63,279,63,279,0.0
63,280,63,280,0.0
63,281,63,281,0.0
63,282,63,282,0.0
63,283,63,283,0.0
63,284,63,284,0.0
63,285,63,285,0.0
63,286,63,286,0.0
63,287,63,287,0.0
63,288,63,288,0.0
63,289,63,289,0.0
63,290,63,290,0.0
63,291,63,291,0.0
63,292,63,292,0.0
63,293,63,293,0.0
63,294,63,294,0.0
63,295,63,295,0.0
63,296,63,296,0.0
63,297,63,297,0.0
63,298,63,298,0.0
64,65,64,65,0.0
64,66,64,66,0.0
64,67,64,67,0.0
64,68,64,68,0.0
64,69,64,69,0.0
64,70,64,70,0.0
64,71,64,71,0.0
64,72,64,72,0.0
64,73,64,73,0.0
64,74,64,74,0.0
64,75,64,75,0.0
64,76,64,76,0.0
64,77,64,77,0.0
64,78,64,78,0.0
64,79,64,79,0.0
64,80,64,80,0.0
64,81,64,81,0.0
64,82,64,82,0.0
64,83,64,83,0.0
64,84,64,84,0.0
64,85,64,85,0.0
64,86,64,86,0.0
64,87,64,87,0.0
64,88,64,88,0.0
64,89,64,89,0.0
64,90,64,90,0.0
64,91,64,91,0.0
64,92,64,92,0.0
64,93,64,93,0.0
64,94,64,94,0.0
64,95,64,95,0.0
64,96,64,96,0.0
64,97,64,97,0.0
64,98,64,98,0.0
64,99,64,99,0.0
64,100,64,100,0.0
64,101,64,101,0.0
64,102,64,102,0.0
64,103,64,103,0.0
64,104,64,104,0.0
64,105,64,105,0.0
64,106,64,106,0.0
64,107,64,107,0.0
64,108,64,108,0.0
64,109,64,109,0.0
64,110,64,110,0.0
64,111,64,111,0.0
64,112,64,112,0.0
64,113,64,113,0.0
64,114,64,114,0.0
64,115,64,115,0.0
64,116,64,116,0.0
64,117,64,117,0.0
64,118,64,118,0.0
64,119,64,119,0.0
64,120,64,120,0.0
64,121,64,121,0.0
64,122,64,122,0.0
64,123,64,123,0.0
64,124,64,124,0.0
64,125,64,125,0.0
64,126,64,126,0.0
64,127,64,127,0.0
64,128,64,128,0.0
64,129,64,129,0.0
64,130,64,130,0.0
64,131,64,131,0.0
64,132,64,132,0.0
64,133,64,133,0.0
64,134,64,134,0.0
64,135,64,135,0.0
64,136,64,136,0.0
64,137,64,137,0.0
64,138,64,138,0.0
64,139,64,139,0.0
64,140,64,140,0.0
64,141,64,141,0.0
64,142,64,142,0.0
64,143,64,143,0.0
64,144,64,144,0.0
64,145,64,145,0.0
64,146,64,146,0.0
64,147,64,147,0.0
64,148,64,148,0.0
64,149,64,149,0.0
64,150,64,150,0.0
64,151,64,151,0.0
64,152,64,152,0.0
64,153,64,153,0.0
64,154,64,154,0.0
64,155,64,155,0.0
64,156,64,156,0.0
64,157,64,157,0.0
64,158,64,158,0.0
64,159,64,159,0.0
64,160,64,160,0.0
64,161,64,161,0.0
64,162,64,162,0.0
64,163,64,163,0.0
64,164,64,164,0.0
64,165,64,165,0.0
64,166,64,166,0.0
64,167,64,167,0.0
64,168,64,168,0.0
64,169,64,169,0.0
64,170,64,170,0.0
64,171,64,171,0.0
64,172,64,172,0.0
64,173,64,173,0.0
64,174,64,174,0.0
64,175,64,175,0.0
64,176,64,176,0.0
64,177,64,177,0.0
64,178,64,178,0.0
64,179,64,179,0.0
64,180,64,180,0.0
64,181,64,181,0.0
64,182,64,182,0.0
64,183,64,183,0.0
64,184,64,184,0.0
64,185,64,185,0.0
64,186,64,186,0.0
64,187,64,187,0.0
64,188,64,188,0.0
64,189,64,189,0.0
64,190,64,190,0.0
64,191,64,191,0.0
64,192,64,192,0.0
64,193,64,193,0.0
64,194,64,194,0.0
64,195,64,195,0.0
64,196,64,196,0.0
64,197,64,197,0.0
64,198,64,198,0.0
64,199,64,199,0.0
64,200,64,200,0.0
64,201,64,201,0.0
64,202,64,202,0.0
64,203,64,203,0.0
64,204,64,204,0.0
64,205,64,205,0.0
64,206,64,206,0.0
64,207,64,207,0.0
64,208,64,208,0.0
64,209,64,209,0.0
64,210,64,210,0.0
64,211,64,211,0.0
64,212,64,212,0.0
64,213,64,213,0.0
64,214,64,214,0.0
64,215,64,215,0.0
64,216,64,216,0.0
64,217,64,217,0.0
64,218,64,218,0.0
64,219,64,219,0.0
64,220,64,220,0.0
64,221,64,221,0.0
64,222,64,222,0.0
64,223,64,223,0.0
64,224,64,224,0.0
64,225,64,225,0.0
64,226,64,226,0.0
64,227,64,227,0.0
64,228,64,228,0.0
64,229,64,229,0.0
64,230,64,230,0.0
64,231,64,231,0.0
64,232,64,232,0.0
64,233,64,233,0.0
64,234,64,234,0.0
64,235,64,235,0.0
64,236,64,236,0.0
64,237,64,237,0.0
64,238,64,238,0.0
64,239,64,239,0.0
64,240,64,240,0.0
64,241,64,241,0.0
64,242,64,242,0.0
64,243,64,243,0.0
64,244,64,244,0.0
64,245,64,245,0.0
64,246,64,246,0.0
64,247,64,247,0.0
64,248,64,248,0.0
64,249,64,249,0.0
64,250,64,250,0.0
64,251,64,251,0.0
64,252,64,252,0.0
64,253,64,253,0.0
64,254,64,254,0.0
64,255,64,255,0.0
64,256,64,256,0.0
64,257,64,257,0.0
64,258,64,258,0.0
64,259,64,259,0.0
64,260,64,260,0.0
64,261,64,261,0.0
64,262,64,262,0.0
64,263,64,263,0.0
64,264,64,264,0.0
64,265,64,265,0.0
64,266,64,266,0.0
64,267,64,267,0.0
64,268,64,268,0.0
64,269,64,269,0.0
64,270,64,270,0.0
64,271,64,271,0.0
64,272,64,272,0.0
64,273,64,273,0.0
64,274,64,274,0.0
64,275,64,275,0.0
64,276,64,276,0.0
64,277,64,277,0.0
64,278,64,278,0.0
64,279,64,279,0.0
64,280,64,280,0.0
64,281,64,281,0.0
64,282,64,282,0.0
64,283,64,283,0.0
64,284,64,284,0.0
64,285,64,285,0.0
64,286,64,286,0.0
64,287,64,287,0.0
64,288,64,288,0.0
64,289,64,289,0.0
64,290,64,290,0.0
64,291,64,291,0.0
64,292,64,292,0.0
64,293,64,293,0.0
64,294,64,294,0.0
64,295,64,295,0.0
64,296,64,296,0.0
64,297,64,297,0.0
64,298,64,298,0.0
65,66,65,66,0.0
65,67,65,67,0.0
65,68,65,68,0.0
65,69,65,69,0.0
65,70,65,70,0.0
65,71,65,71,0.0
65,72,65,72,0.0
65,73,65,73,0.0
65,74,65,74,0.0
65,75,65,75,0.0
65,76,65,76,0.0
65,77,65,77,0.0
65,78,65,78,0.0
65,79,65,79,0.0
65,80,65,80,0.0
65,81,65,81,0.0
65,82,65,82,0.0
65,83,65,83,0.0
65,84,65,84,0.0
65,85,65,85,0.0
65,86,65,86,0.0
65,87,65,87,0.0
65,88,65,88,0.0
65,89,65,89,0.0
65,90,65,90,0.0
65,91,65,91,0.0
65,92,65,92,0.0
65,93,65,93,0.0
65,94,65,94,0.0
65,95,65,95,0.0
65,96,65,96,0.0
65,97,65,97,0.0
65,98,65,98,0.0
65,99,65,99,0.0
65,100,65,100,0.0
65,101,65,101,0.0
65,102,65,102,0.0
65,103,65,103,0.0
65,104,65,104,0.0
65,105,65,105,0.0
65,106,65,106,0.0
65,107,65,107,0.0
65,108,65,108,0.0
65,109,65,109,0.0
65,110,65,110,0.0
65,111,65,111,0.0
65,112,65,112,0.0
65,113,65,113,0.0
65,114,65,114,0.0
65,115,65,115,0.0
65,116,65,116,0.0
65,117,65,117,0.0
65,118,65,118,0.0
65,119,65,119,0.0
65,120,65,120,0.0
65,121,65,121,0.0
65,122,65,122,0.0
65,123,65,123,0.0
65,124,65,124,0.0
65,125,65,125,0.0
65,126,65,126,0.0
65,127,65,127,0.0
65,128,65,128,0.0
65,129,65,129,0.0
65,130,65,130,0.0
65,131,65,131,0.0
65,132,65,132,0.0
65,133,65,133,0.0
65,134,65,134,0.0
65,135,65,135,0.0
65,136,65,136,0.0
65,137,65,137,0.0
65,138,65,138,0.0
65,139,65,139,0.0
65,140,65,140,0.0
65,141,65,141,0.0
65,142,65,142,0.0
65,143,65,143,0.0
65,144,65,144,0.0
65,145,65,145,0.0
65,146,65,146,0.0
65,147,65,147,0.0
65,148,65,148,0.0
65,149,65,149,0.0
65,150,65,150,0.0
65,151,65,151,0.0
65,152,65,152,0.0
65,153,65,153,0.0
65,154,65,154,0.0
65,155,65,155,0.0
65,156,65,156,0.0
65,157,65,157,0.0
65,158,65,158,0.0
65,159,65,159,0.0
65,160,65,160,0.0
65,161,65,161,0.0
65,162,65,162,0.0
65,163,65,163,0.0
65,164,65,164,0.0
65,165,65,165,0.0
65,166,65,166,0.0
65,167,65,167,0.0
65,168,65,168,0.0
65,169,65,169,0.0
65,170,65,170,0.0
65,171,65,171,0.0
65,172,65,172,0.0
65,173,65,173,0.0
65,174,65,174,0.0
65,175,65,175,0.0
65,176,65,176,0.0
65,177,65,177,0.0
65,178,65,178,0.0
65,179,65,179,0.0
65,180,65,180,0.0
65,181,65,181,0.0
65,182,65,182,0.0
65,183,65,183,0.0
65,184,65,184,0.0
65,185,65,185,0.0
65,186,65,186,0.0
65,187,65,187,0.0
65,188,65,188,0.0
65,189,65,189,0.0
65,190,65,190,0.0
65,191,65,191,0.0
65,192,65,192,0.0
65,193,65,193,0.0
65,194,65,194,0.0
65,195,65,195,0.0
65,196,65,196,0.0
65,197,65,197,0.0
65,198,65,198,0.0
65,199,65,199,0.0
65,200,65,200,0.0
65,201,65,201,0.0
65,202,65,202,0.0
65,203,65,203,0.0
65,204,65,204,0.0
65,205,65,205,0.0
65,206,65,206,0.0
65,207,65,207,0.0
65,208,65,208,0.0
65,209,65,209,0.0
65,210,65,210,0.0
65,211,65,211,0.0
65,212,65,212,0.0
65,213,65,213,0.0
65,214,65,214,0.0
65,215,65,215,0.0
65,216,65,216,0.0
65,217,65,217,0.0
65,218,65,218,0.0
65,219,65,219,0.0
65,220,65,220,0.0
65,221,65,221,0.0
65,222,65,222,0.0
65,223,65,223,0.0
65,224,65,224,0.0
65,225,65,225,0.0
65,226,65,226,0.0
65,227,65,227,0.0
65,228,65,228,0.0
65,229,65,229,0.0
65,230,65,230,0.0
65,231,65,231,0.0
65,232,65,232,0.0
65,233,65,233,0.0
65,234,65,234,0.0
65,235,65,235,0.0
65,236,65,236,0.0
65,237,65,237,0.0
65,238,65,238,0.0
65,239,65,239,0.0
65,240,65,240,0.0
65,241,65,241,0.0
65,242,65,242,0.0
65,243,65,243,0.0
65,244,65,244,0.0
65,245,65,245,0.0
65,246,65,246,0.0
65,247,65,247,0.0
65,248,65,248,0.0
65,249,65,249,0.0
65,250,65,250,0.0
65,251,65,251,0.0
65,252,65,252,0.0
65,253,65,253,0.0
65,254,65,254,0.0
65,255,65,255,0.0
65,256,65,256,0.0
65,257,65,257,0.0
65,258,65,258,0.0
65,259,65,259,0.0
65,260,65,260,0.0
65,261,65,261,0.0
65,262,65,262,0.0
65,263,65,263,0.0
65,264,65,264,0.0
65,265,65,265,0.0
65,266,65,266,0.0
65,267,65,267,0.0
65,268,65,268,0.0
65,269,65,269,0.0
65,270,65,270,0.0
65,271,65,271,0.0
65,272,65,272,0.0
65,273,65,273,0.0
65,274,65,274,0.0
65,275,65,275,0.0
65,276,65,276,0.0
65,277,65,277,0.0
65,278,65,278,0.0
65,279,65,279,0.0
65,280,65,280,0.0
65,281,65,281,0.0
65,282,65,282,0.0
65,283,65,283,0.0
65,284,65,284,0.0
65,285,65,285,0.0
65,286,65,286,0.0
65,287,65,287,0.0
65,288,65,288,0.0
65,289,65,289,0.0
65,290,65,290,0.0
65,291,65,291,0.0
65,292,65,292,0.0
65,293,65,293,0.0
65,294,65,294,0.0
65,295,65,295,0.0
65,296,65,296,0.0
65,297,65,297,0.0
65,298,65,298,0.0
66,67,66,67,0.0
66,68,66,68,0.0
66,69,66,69,0.0
66,70,66,70,0.0
66,71,66,71,0.0
66,72,66,72,0.0
66,73,66,73,0.0
66,74,66,74,0.0
66,75,66,75,0.0
66,76,66,76,0.0
66,77,66,77,0.0
66,78,66,78,0.0
66,79,66,79,0.0
66,80,66,80,0.0
66,81,66,81,0.0
66,82,66,82,0.0
66,83,66,83,0.0
66,84,66,84,0.0
66,85,66,85,0.0
66,86,66,86,0.0
66,87,66,87,0.0
66,88,66,88,0.0
66,89,66,89,0.0
66,90,66,90,0.0
66,91,66,91,0.0
66,92,66,92,0.0
66,93,66,93,0.0
66,94,66,94,0.0
66,95,66,95,0.0
66,96,66,96,0.0
66,97,66,97,0.0
66,98,66,98,0.0
66,99,66,99,0.0
66,100,66,100,0.0
66,101,66,101,0.0
66,102,66,102,0.0
66,103,66,103,0.0
66,104,66,104,0.0
66,105,66,105,0.0
66,106,66,106,0.0
66,107,66,107,0.0
66,108,66,108,0.0
66,109,66,109,0.0
66,110,66,110,0.0
66,111,66,111,0.0
66,112,66,112,0.0
66,113,66,113,0.0
66,114,66,114,0.0
66,115,66,115,0.0
66,116,66,116,0.0
66,117,66,117,0.0
66,118,66,118,0.0
66,119,66,119,0.0
66,120,66,120,0.0
66,121,66,121,0.0
66,122,66,122,0.0
66,123,66,123,0.0
66,124,66,124,0.0
66,125,66,125,0.0
66,126,66,126,0.0
66,127,66,127,0.0
66,128,66,128,0.0
66,129,66,129,0.0
66,130,66,130,0.0
66,131,66,131,0.0
66,132,66,132,0.0
66,133,66,133,0.0
66,134,66,134,0.0
66,135,66,135,0.0
66,136,66,136,0.0
66,137,66,137,0.0
66,138,66,138,0.0
66,139,66,139,0.0
66,140,66,140,0.0
66,141,66,141,0.0
66,142,66,142,0.0
66,143,66,143,0.0
66,144,66,144,0.0
66,145,66,145,0.0
66,146,66,146,0.0
66,147,66,147,0.0
66,148,66,148,0.0
66,149,66,149,0.0
66,150,66,150,0.0
66,151,66,151,0.0
66,152,66,152,0.0
66,153,66,153,0.0
66,154,66,154,0.0
66,155,66,155,0.0
66,156,66,156,0.0
66,157,66,157,0.0
66,158,66,158,0.0
66,159,66,159,0.0
66,160,66,160,0.0
66,161,66,161,0.0
66,162,66,162,0.0
66,163,66,163,0.0
66,164,66,164,0.0
66,165,66,165,0.0
66,166,66,166,0.0
66,167,66,167,0.0
66,168,66,168,0.0
66,169,66,169,0.0
66,170,66,170,0.0
66,171,66,171,0.0
66,172,66,172,0.0
66,173,66,173,0.0
66,174,66,174,0.0
66,175,66,175,0.0
66,176,66,176,0.0
66,177,66,177,0.0
66,178,66,178,0.0
66,179,66,179,0.0
66,180,66,180,0.0
66,181,66,181,0.0
66,182,66,182,0.0
66,183,66,183,0.0
66,184,66,184,0.0
66,185,66,185,0.0
66,186,66,186,0.0
66,187,66,187,0.0
66,188,66,188,0.0
66,189,66,189,0.0
66,190,66,190,0.0
66,191,66,191,0.0
66,192,66,192,0.0
66,193,66,193,0.0
66,194,66,194,0.0
66,195,66,195,0.0
66,196,66,196,0.0
66,197,66,197,0.0
66,198,66,198,0.0
66,199,66,199,0.0
66,200,66,200,0.0
66,201,66,201,0.0
66,202,66,202,0.0
66,203,66,203,0.0
66,204,66,204,0.0
66,205,66,205,0.0
66,206,66,206,0.0
66,207,66,207,0.0
66,208,66,208,0.0
66,209,66,209,0.0
66,210,66,210,0.0
66,211,66,211,0.0
66,212,66,212,0.0
66,213,66,213,0.0
66,214,66,214,0.0
66,215,66,215,0.0
66,216,66,216,0.0
66,217,66,217,0.0
66,218,66,218,0.0
66,219,66,219,0.0
66,220,66,220,0.0
66,221,66,221,0.0
66,222,66,222,0.0
66,223,66,223,0.0
66,224,66,224,0.0
66,225,66,225,0.0
66,226,66,226,0.0
66,227,66,227,0.0
66,228,66,228,0.0
66,229,66,229,0.0
66,230,66,230,0.0
66,231,66,231,0.0
66,232,66,232,0.0
66,233,66,233,0.0
66,234,66,234,0.0
66,235,66,235,0.0
66,236,66,236,0.0
66,237,66,237,0.0
66,238,66,238,0.0
66,239,66,239,0.0
66,240,66,240,0.0
66,241,66,241,0.0
66,242,66,242,0.0
66,243,66,243,0.0
66,244,66,244,0.0
66,245,66,245,0.0
66,246,66,246,0.0
66,247,66,247,0.0
66,248,66,248,0.0
66,249,66,249,0.0
66,250,66,250,0.0
66,251,66,251,0.0
66,252,66,252,0.0
66,253,66,253,0.0
66,254,66,254,0.0
66,255,66,255,0.0
66,256,66,256,0.0
66,257,66,257,0.0
66,258,66,258,0.0
66,259,66,259,0.0
66,260,66,260,0.0
66,261,66,261,0.0
66,262,66,262,0.0
66,263,66,263,0.0
66,264,66,264,0.0
66,265,66,265,0.0
66,266,66,266,0.0
66,267,66,267,0.0
66,268,66,268,0.0
66,269,66,269,0.0
66,270,66,270,0.0
66,271,66,271,0.0
66,272,66,272,0.0
66,273,66,273,0.0
66,274,66,274,0.0
66,275,66,275,0.0
66,276,66,276,0.0
66,277,66,277,0.0
66,278,66,278,0.0
66,279,66,279,0.0
66,280,66,280,0.0
66,281,66,281,0.0
66,282,66,282,0.0
66,283,66,283,0.0
66,284,66,284,0.0
66,285,66,285,0.0
66,286,66,286,0.0
66,287,66,287,0.0
66,288,66,288,0.0
66,289,66,289,0.0
66,290,66,290,0.0
66,291,66,291,0.0
66,292,66,292,0.0
66,293,66,293,0.0
66,294,66,294,0.0
66,295,66,295,0.0
66,296,66,296,0.0
66,297,66,297,0.0
66,298,66,298,0.0
67,68,67,68,0.0
67,69,67,69,0.0
67,70,67,70,0.0
67,71,67,71,0.0
67,72,67,72,0.0
67,73,67,73,0.0
67,74,67,74,0.0
67,75,67,75,0.0
67,76,67,76,0.0
67,77,67,77,0.0
67,78,67,78,0.0
67,79,67,79,0.0
67,80,67,80,0.0
67,81,67,81,0.0
67,82,67,82,0.0
67,83,67,83,0.0
67,84,67,84,0.0
67,85,67,85,0.0
67,86,67,86,0.0
67,87,67,87,0.0
67,88,67,88,0.0
67,89,67,89,0.0
67,90,67,90,0.0
67,91,67,91,0.0
67,92,67,92,0.0
67,93,67,93,0.0
67,94,67,94,0.0
67,95,67,95,0.0
67,96,67,96,0.0
67,97,67,97,0.0
67,98,67,98,0.0
67,99,67,99,0.0
67,100,67,100,0.0
67,101,67,101,0.0
67,102,67,102,0.0
67,103,67,103,0.0
67,104,67,104,0.0
67,105,67,105,0.0
67,106,67,106,0.0
67,107,67,107,0.0
67,108,67,108,0.0
67,109,67,109,0.0
67,110,67,110,0.0
67,111,67,111,0.0
67,112,67,112,0.0
67,113,67,113,0.0
67,114,67,114,0.0
67,115,67,115,0.0
67,116,67,116,0.0
67,117,67,117,0.0
67,118,67,118,0.0
67,119,67,119,0.0
67,120,67,120,0.0
67,121,67,121,0.0
67,122,67,122,0.0
67,123,67,123,0.0
67,124,67,124,0.0
67,125,67,125,0.0
67,126,67,126,0.0
67,127,67,127,0.0
67,128,67,128,0.0
67,129,67,129,0.0
67,130,67,130,0.0
67,131,67,131,0.0
67,132,67,132,0.0
67,133,67,133,0.0
67,134,67,134,0.0
67,135,67,135,0.0
67,136,67,136,0.0
67,137,67,137,0.0
67,138,67,138,0.0
67,139,67,139,0.0
67,140,67,140,0.0
67,141,67,141,0.0
67,142,67,142,0.0
67,143,67,143,0.0
67,144,67,144,0.0
67,145,67,145,0.0
67,146,67,146,0.0
67,147,67,147,0.0
67,148,67,148,0.0
67,149,67,149,0.0
67,150,67,150,0.0
67,151,67,151,0.0
67,152,67,152,0.0
67,153,67,153,0.0
67,154,67,154,0.0
67,155,67,155,0.0
67,156,67,156,0.0
67,157,67,157,0.0
67,158,67,158,0.0
67,159,67,159,0.0
67,160,67,160,0.0
67,161,67,161,0.0
67,162,67,162,0.0
67,163,67,163,0.0
67,164,67,164,0.0
67,165,67,165,0.0
67,166,67,166,0.0
67,167,67,167,0.0
67,168,67,168,0.0
67,169,67,169,0.0
67,170,67,170,0.0
67,171,67,171,0.0
67,172,67,172,0.0
67,173,67,173,0.0
67,174,67,174,0.0
67,175,67,175,0.0
67,176,67,176,0.0
67,177,67,177,0.0
67,178,67,178,0.0
67,179,67,179,0.0
67,180,67,180,0.0
67,181,67,181,0.0
67,182,67,182,0.0
67,183,67,183,0.0
67,184,67,184,0.0
67,185,67,185,0.0
67,186,67,186,0.0
67,187,67,187,0.0
67,188,67,188,0.0
67,189,67,189,0.0
67,190,67,190,0.0
67,191,67,191,0.0
67,192,67,192,0.0
67,193,67,193,0.0
67,194,67,194,0.0
67,195,67,195,0.0
67,196,67,196,0.0
67,197,67,197,0.0
67,198,67,198,0.0
67,199,67,199,0.0
67,200,67,200,0.0
67,201,67,201,0.0
67,202,67,202,0.0
67,203,67,203,0.0
67,204,67,204,0.0
67,205,67,205,0.0
67,206,67,206,0.0
67,207,67,207,0.0
67,208,67,208,0.0
67,209,67,209,0.0
67,210,67,210,0.0
67,211,67,211,0.0
67,212,67,212,0.0
67,213,67,213,0.0
67,214,67,214,0.0
67,215,67,215,0.0
67,216,67,216,0.0
67,217,67,217,0.0
67,218,67,218,0.0
67,219,67,219,0.0
67,220,67,220,0.0
67,221,67,221,0.0
67,222,67,222,0.0
67,223,67,223,0.0
67,224,67,224,0.0
67,225,67,225,0.0
67,226,67,226,0.0
67,227,67,227,0.0
67,228,67,228,0.0
67,229,67,229,0.0
67,230,67,230,0.0
67,231,67,231,0.0
67,232,67,232,0.0
67,233,67,233,0.0
67,234,67,234,0.0
67,235,67,235,0.0
67,236,67,236,0.0
67,237,67,237,0.0
67,238,67,238,0.0
67,239,67,239,0.0
67,240,67,240,0.0
67,241,67,241,0.0
67,242,67,242,0.0
67,243,67,243,0.0
67,244,67,244,0.0
67,245,67,245,0.0
67,246,67,246,0.0
67,247,67,247,0.0
67,248,67,248,0.0
67,249,67,249,0.0
67,250,67,250,0.0
67,251,67,251,0.0
67,252,67,252,0.0
67,253,67,253,0.0
67,254,67,254,0.0
67,255,67,255,0.0
67,256,67,256,0.0
67,257,67,257,0.0
67,258,67,258,0.0
67,259,67,259,0.0
67,260,67,260,0.0
67,261,67,261,0.0
67,262,67,262,0.0
67,263,67,263,0.0
67,264,67,264,0.0
67,265,67,265,0.0
67,266,67,266,0.0
67,267,67,267,0.0
67,268,67,268,0.0
67,269,67,269,0.0
67,270,67,270,0.0
67,271,67,271,0.0
67,272,67,272,0.0
67,273,67,273,0.0
67,274,67,274,0.0
67,275,67,275,0.0
67,276,67,276,0.0
67,277,67,277,0.0
67,278,67,278,0.0
67,279,67,279,0.0
67,280,67,280,0.0
67,281,67,281,0.0
67,282,67,282,0.0
67,283,67,283,0.0
67,284,67,284,0.0
67,285,67,285,0.0
67,286,67,286,0.0
67,287,67,287,0.0
67,288,67,288,0.0
67,289,67,289,0.0
67,290,67,290,0.0
67,291,67,291,0.0
67,292,67,292,0.0
67,293,67,293,0.0
67,294,67,294,0.0
67,295,67,295,0.0
67,296,67,296,0.0
67,297,67,297,0.0
67,298,67,298,0.0
68,69,68,69,0.0
68,70,68,70,0.0
68,71,68,71,0.0
68,72,68,72,0.0
68,73,68,73,0.0
68,74,68,74,0.0
68,75,68,75,0.0
68,76,68,76,0.0
68,77,68,77,0.0
68,78,68,78,0.0
68,79,68,79,0.0
68,80,68,80,0.0
68,81,68,81,0.0
68,82,68,82,0.0
68,83,68,83,0.0
68,84,68,84,0.0
68,85,68,85,0.0
68,86,68,86,0.0
68,87,68,87,0.0
68,88,68,88,0.0
68,89,68,89,0.0
68,90,68,90,0.0
68,91,68,91,0.0
68,92,68,92,0.0
68,93,68,93,0.0
68,94,68,94,0.0
68,95,68,95,0.0
68,96,68,96,0.0
68,97,68,97,0.0
68,98,68,98,0.0
68,99,68,99,0.0
68,100,68,100,0.0
68,101,68,101,0.0
68,102,68,102,0.0
68,103,68,103,0.0
68,104,68,104,0.0
68,105,68,105,0.0
68,106,68,106,0.0
68,107,68,107,0.0
68,108,68,108,0.0
68,109,68,109,0.0
68,110,68,110,0.0
68,111,68,111,0.0
68,112,68,112,0.0
68,113,68,113,0.0
68,114,68,114,0.0
68,115,68,115,0.0
68,116,68,116,0.0
68,117,68,117,0.0
68,118,68,118,0.0
68,119,68,119,0.0
68,120,68,120,0.0
68,121,68,121,0.0
68,122,68,122,0.0
68,123,68,123,0.0
68,124,68,124,0.0
68,125,68,125,0.0
68,126,68,126,0.0
68,127,68,127,0.0
68,128,68,128,0.0
68,129,68,129,0.0
68,130,68,130,0.0
68,131,68,131,0.0
68,132,68,132,0.0
68,133,68,133,0.0
68,134,68,134,0.0
68,135,68,135,0.0
68,136,68,136,0.0
68,137,68,137,0.0
68,138,68,138,0.0
68,139,68,139,0.0
68,140,68,140,0.0
68,141,68,141,0.0
68,142,68,142,0.0
68,143,68,143,0.0
68,144,68,144,0.0
68,145,68,145,0.0
68,146,68,146,0.0
68,147,68,147,0.0
68,148,68,148,0.0
68,149,68,149,0.0
68,150,68,150,0.0
68,151,68,151,0.0
68,152,68,152,0.0
68,153,68,153,0.0
68,154,68,154,0.0
68,155,68,155,0.0
68,156,68,156,0.0
68,157,68,157,0.0
68,158,68,158,0.0
68,159,68,159,0.0
68,160,68,160,0.0
68,161,68,161,0.0
68,162,68,162,0.0
68,163,68,163,0.0
68,164,68,164,0.0
68,165,68,165,0.0
68,166,68,166,0.0
68,167,68,167,0.0
68,168,68,168,0.0
68,169,68,169,0.0
68,170,68,170,0.0
68,171,68,171,0.0
68,172,68,172,0.0
68,173,68,173,0.0
68,174,68,174,0.0
68,175,68,175,0.0
68,176,68,176,0.0
68,177,68,177,0.0
68,178,68,178,0.0
68,179,68,179,0.0
68,180,68,180,0.0
68,181,68,181,0.0
68,182,68,182,0.0
68,183,68,183,0.0
68,184,68,184,0.0
68,185,68,185,0.0
68,186,68,186,0.0
68,187,68,187,0.0
68,188,68,188,0.0
68,189,68,189,0.0
68,190,68,190,0.0
68,191,68,191,0.0
68,192,68,192,0.0
68,193,68,193,0.0
68,194,68,194,0.0
68,195,68,195,0.0
68,196,68,196,0.0
68,197,68,197,0.0
68,198,68,198,0.0
68,199,68,199,0.0
68,200,68,200,0.0
68,201,68,201,0.0
68,202,68,202,0.0
68,203,68,203,0.0
68,204,68,204,0.0
68,205,68,205,0.0
68,206,68,206,0.0
68,207,68,207,0.0
68,208,68,208,0.0
68,209,68,209,0.0
68,210,68,210,0.0
68,211,68,211,0.0
68,212,68,212,0.0
68,213,68,213,0.0
68,214,68,214,0.0
68,215,68,215,0.0
68,216,68,216,0.0
68,217,68,217,0.0
68,218,68,218,0.0
68,219,68,219,0.0
68,220,68,220,0.0
68,221,68,221,0.0
68,222,68,222,0.0
68,223,68,223,0.0
68,224,68,224,0.0
68,225,68,225,0.0
68,226,68,226,0.0
68,227,68,227,0.0
68,228,68,228,0.0
68,229,68,229,0.0
68,230,68,230,0.0
68,231,68,231,0.0
68,232,68,232,0.0
68,233,68,233,0.0
68,234,68,234,0.0
68,235,68,235,0.0
68,236,68,236,0.0
68,237,68,237,0.0
68,238,68,238,0.0
68,239,68,239,0.0
68,240,68,240,0.0
68,241,68,241,0.0
68,242,68,242,0.0
68,243,68,243,0.0
68,244,68,244,0.0
68,245,68,245,0.0
68,246,68,246,0.0
68,247,68,247,0.0
68,248,68,248,0.0
68,249,68,249,0.0
68,250,68,250,0.0
68,251,68,251,0.0
68,252,68,252,0.0
68,253,68,253,0.0
68,254,68,254,0.0
68,255,68,255,0.0
68,256,68,256,0.0
68,257,68,257,0.0
68,258,68,258,0.0
68,259,68,259,0.0
68,260,68,260,0.0
68,261,68,261,0.0
68,262,68,262,0.0
68,263,68,263,0.0
68,264,68,264,0.0
68,265,68,265,0.0
68,266,68,266,0.0
68,267,68,267,0.0
68,268,68,268,0.0
68,269,68,269,0.0
68,270,68,270,0.0
68,271,68,271,0.0
68,272,68,272,0.0
68,273,68,273,0.0
68,274,68,274,0.0
68,275,68,275,0.0
68,276,68,276,0.0
68,277,68,277,0.0
68,278,68,278,0.0
68,279,68,279,0.0
68,280,68,280,0.0
68,281,68,281,0.0
68,282,68,282,0.0
68,283,68,283,0.0
68,284,68,284,0.0
68,285,68,285,0.0
68,286,68,286,0.0
68,287,68,287,0.0
68,288,68,288,0.0
68,289,68,289,0.0
68,290,68,290,0.0
68,291,68,291,0.0
68,292,68,292,0.0
68,293,68,293,0.0
68,294,68,294,0.0
68,295,68,295,0.0
68,296,68,296,0.0
68,297,68,297,0.0
68,298,68,298,0.0
69,70,69,70,0.0
69,71,69,71,0.0
69,72,69,72,0.0
69,73,69,73,0.0
69,74,69,74,0.0
69,75,69,75,0.0
69,76,69,76,0.0
69,77,69,77,0.0
69,78,69,78,0.0
69,79,69,79,0.0
69,80,69,80,0.0
69,81,69,81,0.0
69,82,69,82,0.0
69,83,69,83,0.0
69,84,69,84,0.0
69,85,69,85,0.0
69,86,69,86,0.0
69,87,69,87,0.0
69,88,69,88,0.0
69,89,69,89,0.0
69,90,69,90,0.0
69,91,69,91,0.0
69,92,69,92,0.0
69,93,69,93,0.0
69,94,69,94,0.0
69,95,69,95,0.0
69,96,69,96,0.0
69,97,69,97,0.0
69,98,69,98,0.0
69,99,69,99,0.0
69,100,69,100,0.0
69,101,69,101,0.0
69,102,69,102,0.0
69,103,69,103,0.0
69,104,69,104,0.0
69,105,69,105,0.0
69,106,69,106,0.0
69,107,69,107,0.0
69,108,69,108,0.0
69,109,69,109,0.0
69,110,69,110,0.0
69,111,69,111,0.0
69,112,69,112,0.0
69,113,69,113,0.0
69,114,69,114,0.0
69,115,69,115,0.0
69,116,69,116,0.0
69,117,69,117,0.0
69,118,69,118,0.0
69,119,69,119,0.0
69,120,69,120,0.0
69,121,69,121,0.0
69,122,69,122,0.0
69,123,69,123,0.0
69,124,69,124,0.0
69,125,69,125,0.0
69,126,69,126,0.0
69,127,69,127,0.0
69,128,69,128,0.0
69,129,69,129,0.0
69,130,69,130,0.0
69,131,69,131,0.0
69,132,69,132,0.0
69,133,69,133,0.0
69,134,69,134,0.0
69,135,69,135,0.0
69,136,69,136,0.0
69,137,69,137,0.0
69,138,69,138,0.0
69,139,69,139,0.0
69,140,69,140,0.0
69,141,69,141,0.0
69,142,69,142,0.0
69,143,69,143,0.0
69,144,69,144,0.0
69,145,69,145,0.0
69,146,69,146,0.0
69,147,69,147,0.0
69,148,69,148,0.0
69,149,69,149,0.0
69,150,69,150,0.0
69,151,69,151,0.0
69,152,69,152,0.0
69,153,69,153,0.0
69,154,69,154,0.0
69,155,69,155,0.0
69,156,69,156,0.0
69,157,69,157,0.0
69,158,69,158,0.0
69,159,69,159,0.0
69,160,69,160,0.0
69,161,69,161,0.0
69,162,69,162,0.0
69,163,69,163,0.0
69,164,69,164,0.0
69,165,69,165,0.0
69,166,69,166,0.0
69,167,69,167,0.0
69,168,69,168,0.0
69,169,69,169,0.0
69,170,69,170,0.0
69,171,69,171,0.0
69,172,69,172,0.0
69,173,69,173,0.0
69,174,69,174,0.0
69,175,69,175,0.0
69,176,69,176,0.0
69,177,69,177,0.0
69,178,69,178,0.0
69,179,69,179,0.0
69,180,69,180,0.0
69,181,69,181,0.0
69,182,69,182,0.0
69,183,69,183,0.0
69,184,69,184,0.0
69,185,69,185,0.0
69,186,69,186,0.0
69,187,69,187,0.0
69,188,69,188,0.0
69,189,69,189,0.0
69,190,69,190,0.0
69,191,69,191,0.0
69,192,69,192,0.0
69,193,69,193,0.0
69,194,69,194,0.0
69,195,69,195,0.0
69,196,69,196,0.0
69,197,69,197,0.0
69,198,69,198,0.0
69,199,69,199,0.0
69,200,69,200,0.0
69,201,69,201,0.0
69,202,69,202,0.0
69,203,69,203,0.0
69,204,69,204,0.0
69,205,69,205,0.0
69,206,69,206,0.0
69,207,69,207,0.0
69,208,69,208,0.0
69,209,69,209,0.0
69,210,69,210,0.0
69,211,69,211,0.0
69,212,69,212,0.0
69,213,69,213,0.0
69,214,69,214,0.0
69,215,69,215,0.0
69,216,69,216,0.0
69,217,69,217,0.0
69,218,69,218,0.0
69,219,69,219,0.0
69,220,69,220,0.0
69,221,69,221,0.0
69,222,69,222,0.0
69,223,69,223,0.0
69,224,69,224,0.0
69,225,69,225,0.0
69,226,69,226,0.0
69,227,69,227,0.0
69,228,69,228,0.0
69,229,69,229,0.0
69,230,69,230,0.0
69,231,69,231,0.0
69,232,69,232,0.0
69,233,69,233,0.0
69,234,69,234,0.0
69,235,69,235,0.0
69,236,69,236,0.0
69,237,69,237,0.0
69,238,69,238,0.0
69,239,69,239,0.0
69,240,69,240,0.0
69,241,69,241,0.0
69,242,69,242,0.0
69,243,69,243,0.0
69,244,69,244,0.0
69,245,69,245,0.0
69,246,69,246,0.0
69,247,69,247,0.0
69,248,69,248,0.0
69,249,69,249,0.0
69,250,69,250,0.0
69,251,69,251,0.0
69,252,69,252,0.0
69,253,69,253,0.0
69,254,69,254,0.0
69,255,69,255,0.0
69,256,69,256,0.0
69,257,69,257,0.0
69,258,69,258,0.0
69,259,69,259,0.0
69,260,69,260,0.0
69,261,69,261,0.0
69,262,69,262,0.0
69,263,69,263,0.0
69,264,69,264,0.0
69,265,69,265,0.0
69,266,69,266,0.0
69,267,69,267,0.0
69,268,69,268,0.0
69,269,69,269,0.0
69,270,69,270,0.0
69,271,69,271,0.0
69,272,69,272,0.0
69,273,69,273,0.0
69,274,69,274,0.0
69,275,69,275,0.0
69,276,69,276,0.0
69,277,69,277,0.0
69,278,69,278,0.0
69,279,69,279,0.0
69,280,69,280,0.0
69,281,69,281,0.0
69,282,69,282,0.0
69,283,69,283,0.0
69,284,69,284,0.0
69,285,69,285,0.0
69,286,69,286,0.0
69,287,69,287,0.0
69,288,69,288,0.0
69,289,69,289,0.0
69,290,69,290,0.0
69,291,69,291,0.0
69,292,69,292,0.0
69,293,69,293,0.0
69,294,69,294,0.0
69,295,69,295,0.0
69,296,69,296,0.0
69,297,69,297,0.0
69,298,69,298,0.0
70,71,70,71,0.0
70,72,70,72,0.0
70,73,70,73,0.0
70,74,70,74,0.0
70,75,70,75,0.0
70,76,70,76,0.0
70,77,70,77,0.0
70,78,70,78,0.0
70,79,70,79,0.0
70,80,70,80,0.0
70,81,70,81,0.0
70,82,70,82,0.0
70,83,70,83,0.0
70,84,70,84,0.0
70,85,70,85,0.0
70,86,70,86,0.0
70,87,70,87,0.0
70,88,70,88,0.0
70,89,70,89,0.0
70,90,70,90,0.0
70,91,70,91,0.0
70,92,70,92,0.0
70,93,70,93,0.0
70,94,70,94,0.0
70,95,70,95,0.0
70,96,70,96,0.0
70,97,70,97,0.0
70,98,70,98,0.0
70,99,70,99,0.0
70,100,70,100,0.0
70,101,70,101,0.0
70,102,70,102,0.0
70,103,70,103,0.0
70,104,70,104,0.0
70,105,70,105,0.0
70,106,70,106,0.0
70,107,70,107,0.0
70,108,70,108,0.0
70,109,70,109,0.0
70,110,70,110,0.0
70,111,70,111,0.0
70,112,70,112,0.0
70,113,70,113,0.0
70,114,70,114,0.0
70,115,70,115,0.0
70,116,70,116,0.0
70,117,70,117,0.0
70,118,70,118,0.0
70,119,70,119,0.0
70,120,70,120,0.0
70,121,70,121,0.0
70,122,70,122,0.0
70,123,70,123,0.0
70,124,70,124,0.0
70,125,70,125,0.0
70,126,70,126,0.0
70,127,70,127,0.0
70,128,70,128,0.0
70,129,70,129,0.0
70,130,70,130,0.0
70,131,70,131,0.0
70,132,70,132,0.0
70,133,70,133,0.0
70,134,70,134,0.0
70,135,70,135,0.0
70,136,70,136,0.0
70,137,70,137,0.0
70,138,70,138,0.0
70,139,70,139,0.0
70,140,70,140,0.0
70,141,70,141,0.0
70,142,70,142,0.0
70,143,70,143,0.0
70,144,70,144,0.0
70,145,70,145,0.0
70,146,70,146,0.0
70,147,70,147,0.0
70,148,70,148,0.0
70,149,70,149,0.0
70,150,70,150,0.0
70,151,70,151,0.0
70,152,70,152,0.0
70,153,70,153,0.0
70,154,70,154,0.0
70,155,70,155,0.0
70,156,70,156,0.0
70,157,70,157,0.0
70,158,70,158,0.0
70,159,70,159,0.0
70,160,70,160,0.0
70,161,70,161,0.0
70,162,70,162,0.0
70,163,70,163,0.0
70,164,70,164,0.0
70,165,70,165,0.0
70,166,70,166,0.0
70,167,70,167,0.0
70,168,70,168,0.0
70,169,70,169,0.0
70,170,70,170,0.0
70,171,70,171,0.0
70,172,70,172,0.0
70,173,70,173,0.0
70,174,70,174,0.0
70,175,70,175,0.0
70,176,70,176,0.0
70,177,70,177,0.0
70,178,70,178,0.0
70,179,70,179,0.0
70,180,70,180,0.0
70,181,70,181,0.0
70,182,70,182,0.0
70,183,70,183,0.0
70,184,70,184,0.0
70,185,70,185,0.0
70,186,70,186,0.0
70,187,70,187,0.0
70,188,70,188,0.0
70,189,70,189,0.0
70,190,70,190,0.0
70,191,70,191,0.0
70,192,70,192,0.0
70,193,70,193,0.0
70,194,70,194,0.0
70,195,70,195,0.0
70,196,70,196,0.0
70,197,70,197,0.0
70,198,70,198,0.0
70,199,70,199,0.0
70,200,70,200,0.0
70,201,70,201,0.0
70,202,70,202,0.0
70,203,70,203,0.0
70,204,70,204,0.0
70,205,70,205,0.0
70,206,70,206,0.0
70,207,70,207,0.0
70,208,70,208,0.0
70,209,70,209,0.0
70,210,70,210,0.0
70,211,70,211,0.0
70,212,70,212,0.0
70,213,70,213,0.0
70,214,70,214,0.0
70,215,70,215,0.0
70,216,70,216,0.0
70,217,70,217,0.0
70,218,70,218,0.0
70,219,70,219,0.0
70,220,70,220,0.0
70,221,70,221,0.0
70,222,70,222,0.0
70,223,70,223,0.0
70,224,70,224,0.0
70,225,70,225,0.0
70,226,70,226,0.0
70,227,70,227,0.0
70,228,70,228,0.0
70,229,70,229,0.0
70,230,70,230,0.0
70,231,70,231,0.0
70,232,70,232,0.0
70,233,70,233,0.0
70,234,70,234,0.0
70,235,70,235,0.0
70,236,70,236,0.0
70,237,70,237,0.0
70,238,70,238,0.0
70,239,70,239,0.0
70,240,70,240,0.0
70,241,70,241,0.0
70,242,70,242,0.0
70,243,70,243,0.0
70,244,70,244,0.0
70,245,70,245,0.0
70,246,70,246,0.0
70,247,70,247,0.0
70,248,70,248,0.0
70,249,70,249,0.0
70,250,70,250,0.0
70,251,70,251,0.0
70,252,70,252,0.0
70,253,70,253,0.0
70,254,70,254,0.0
70,255,70,255,0.0
70,256,70,256,0.0
70,257,70,257,0.0
70,258,70,258,0.0
70,259,70,259,0.0
70,260,70,260,0.0
70,261,70,261,0.0
70,262,70,262,0.0
70,263,70,263,0.0
70,264,70,264,0.0
70,265,70,265,0.0
70,266,70,266,0.0
70,267,70,267,0.0
70,268,70,268,0.0
70,269,70,269,0.0
70,270,70,270,0.0
70,271,70,271,0.0
70,272,70,272,0.0
70,273,70,273,0.0
70,274,70,274,0.0
70,275,70,275,0.0
70,276,70,276,0.0
70,277,70,277,0.0
70,278,70,278,0.0
70,279,70,279,0.0
70,280,70,280,0.0
70,281,70,281,0.0
70,282,70,282,0.0
70,283,70,283,0.0
70,284,70,284,0.0
70,285,70,285,0.0
70,286,70,286,0.0
70,287,70,287,0.0
70,288,70,288,0.0
70,289,70,289,0.0
70,290,70,290,0.0
70,291,70,291,0.0
70,292,70,292,0.0
70,293,70,293,0.0
70,294,70,294,0.0
70,295,70,295,0.0
70,296,70,296,0.0
70,297,70,297,0.0
70,298,70,298,0.0
71,72,71,72,0.0
71,73,71,73,0.0
71,74,71,74,0.0
71,75,71,75,0.0
71,76,71,76,0.0
71,77,71,77,0.0
71,78,71,78,0.0
71,79,71,79,0.0
71,80,71,80,0.0
71,81,71,81,0.0
71,82,71,82,0.0
71,83,71,83,0.0
71,84,71,84,0.0
71,85,71,85,0.0
71,86,71,86,0.0
71,87,71,87,0.0
71,88,71,88,0.0
71,89,71,89,0.0
71,90,71,90,0.0
71,91,71,91,0.0
71,92,71,92,0.0
71,93,71,93,0.0
71,94,71,94,0.0
71,95,71,95,0.0
71,96,71,96,0.0
71,97,71,97,0.0
71,98,71,98,0.0
71,99,71,99,0.0
71,100,71,100,0.0
71,101,71,101,0.0
71,102,71,102,0.0
71,103,71,103,0.0
71,104,71,104,0.0
71,105,71,105,0.0
71,106,71,106,0.0
71,107,71,107,0.0
71,108,71,108,0.0
71,109,71,109,0.0
71,110,71,110,0.0
71,111,71,111,0.0
71,112,71,112,0.0
71,113,71,113,0.0
71,114,71,114,0.0
71,115,71,115,0.0
71,116,71,116,0.0
71,117,71,117,0.0
71,118,71,118,0.0
71,119,71,119,0.0
71,120,71,120,0.0
71,121,71,121,0.0
71,122,71,122,0.0
71,123,71,123,0.0
71,124,71,124,0.0
71,125,71,125,0.0
71,126,71,126,0.0
71,127,71,127,0.0
71,128,71,128,0.0
71,129,71,129,0.0
71,130,71,130,0.0
71,131,71,131,0.0
71,132,71,132,0.0
71,133,71,133,0.0
71,134,71,134,0.0
71,135,71,135,0.0
71,136,71,136,0.0
71,137,71,137,0.0
71,138,71,138,0.0
71,139,71,139,0.0
71,140,71,140,0.0
71,141,71,141,0.0
71,142,71,142,0.0
71,143,71,143,0.0
71,144,71,144,0.0
71,145,71,145,0.0
71,146,71,146,0.0
71,147,71,147,0.0
71,148,71,148,0.0
71,149,71,149,0.0
71,150,71,150,0.0
71,151,71,151,0.0
71,152,71,152,0.0
71,153,71,153,0.0
71,154,71,154,0.0
71,155,71,155,0.0
71,156,71,156,0.0
71,157,71,157,0.0
71,158,71,158,0.0
71,159,71,159,0.0
71,160,71,160,0.0
71,161,71,161,0.0
71,162,71,162,0.0
71,163,71,163,0.0
71,164,71,164,0.0
71,165,71,165,0.0
71,166,71,166,0.0
71,167,71,167,0.0
71,168,71,168,0.0
71,169,71,169,0.0
71,170,71,170,0.0
71,171,71,171,0.0
71,172,71,172,0.0
71,173,71,173,0.0
71,174,71,174,0.0
71,175,71,175,0.0
71,176,71,176,0.0
71,177,71,177,0.0
71,178,71,178,0.0
71,179,71,179,0.0
71,180,71,180,0.0
71,181,71,181,0.0
71,182,71,182,0.0
71,183,71,183,0.0
71,184,71,184,0.0
71,185,71,185,0.0
71,186,71,186,0.0
71,187,71,187,0.0
71,188,71,188,0.0
71,189,71,189,0.0
71,190,71,190,0.0
71,191,71,191,0.0
71,192,71,192,0.0
71,193,71,193,0.0
71,194,71,194,0.0
71,195,71,195,0.0
71,196,71,196,0.0
71,197,71,197,0.0
71,198,71,198,0.0
71,199,71,199,0.0
71,200,71,200,0.0
71,201,71,201,0.0
71,202,71,202,0.0
71,203,71,203,0.0
71,204,71,204,0.0
71,205,71,205,0.0
71,206,71,206,0.0
71,207,71,207,0.0
71,208,71,208,0.0
71,209,71,209,0.0
71,210,71,210,0.0
71,211,71,211,0.0
71,212,71,212,0.0
71,213,71,213,0.0
71,214,71,214,0.0
71,215,71,215,0.0
71,216,71,216,0.0
71,217,71,217,0.0
71,218,71,218,0.0
71,219,71,219,0.0
71,220,71,220,0.0
71,221,71,221,0.0
71,222,71,222,0.0
71,223,71,223,0.0
71,224,71,224,0.0
71,225,71,225,0.0
71,226,71,226,0.0
71,227,71,227,0.0
71,228,71,228,0.0
71,229,71,229,0.0
71,230,71,230,0.0
71,231,71,231,0.0
71,232,71,232,0.0
71,233,71,233,0.0
71,234,71,234,0.0
71,235,71,235,0.0
71,236,71,236,0.0
71,237,71,237,0.0
71,238,71,238,0.0
71,239,71,239,0.0
71,240,71,240,0.0
71,241,71,241,0.0
71,242,71,242,0.0
71,243,71,243,0.0
71,244,71,244,0.0
71,245,71,245,0.0
71,246,71,246,0.0
71,247,71,247,0.0
71,248,71,248,0.0
71,249,71,249,0.0
71,250,71,250,0.0
71,251,71,251,0.0
71,252,71,252,0.0
71,253,71,253,0.0
71,254,71,254,0.0
71,255,71,255,0.0
71,256,71,256,0.0
71,257,71,257,0.0
71,258,71,258,0.0
71,259,71,259,0.0
71,260,71,260,0.0
71,261,71,261,0.0
71,262,71,262,0.0
71,263,71,263,0.0
71,264,71,264,0.0
71,265,71,265,0.0
71,266,71,266,0.0
71,267,71,267,0.0
71,268,71,268,0.0
71,269,71,269,0.0
71,270,71,270,0.0
71,271,71,271,0.0
71,272,71,272,0.0
71,273,71,273,0.0
71,274,71,274,0.0
71,275,71,275,0.0
71,276,71,276,0.0
71,277,71,277,0.0
71,278,71,278,0.0
71,279,71,279,0.0
71,280,71,280,0.0
71,281,71,281,0.0
71,282,71,282,0.0
71,283,71,283,0.0
71,284,71,284,0.0
71,285,71,285,0.0
71,286,71,286,0.0
71,287,71,287,0.0
71,288,71,288,0.0
71,289,71,289,0.0
71,290,71,290,0.0
71,291,71,291,0.0
71,292,71,292,0.0
71,293,71,293,0.0
71,294,71,294,0.0
71,295,71,295,0.0
71,296,71,296,0.0
71,297,71,297,0.0
71,298,71,298,0.0
72,73,72,73,0.0
72,74,72,74,0.0
72,75,72,75,0.0
72,76,72,76,0.0
72,77,72,77,0.0
72,78,72,78,0.0
72,79,72,79,0.0
72,80,72,80,0.0
72,81,72,81,0.0
72,82,72,82,0.0
72,83,72,83,0.0
72,84,72,84,0.0
72,85,72,85,0.0
72,86,72,86,0.0
72,87,72,87,0.0
72,88,72,88,0.0
72,89,72,89,0.0
72,90,72,90,0.0
72,91,72,91,0.0
72,92,72,92,0.0
72,93,72,93,0.0
72,94,72,94,0.0
72,95,72,95,0.0
72,96,72,96,0.0
72,97,72,97,0.0
72,98,72,98,0.0
72,99,72,99,0.0
72,100,72,100,0.0
72,101,72,101,0.0
72,102,72,102,0.0
72,103,72,103,0.0
72,104,72,104,0.0
72,105,72,105,0.0
72,106,72,106,0.0
72,107,72,107,0.0
72,108,72,108,0.0
72,109,72,109,0.0
72,110,72,110,0.0
72,111,72,111,0.0
72,112,72,112,0.0
72,113,72,113,0.0
72,114,72,114,0.0
72,115,72,115,0.0
72,116,72,116,0.0
72,117,72,117,0.0
72,118,72,118,0.0
72,119,72,119,0.0
72,120,72,120,0.0
72,121,72,121,0.0
72,122,72,122,0.0
72,123,72,123,0.0
72,124,72,124,0.0
72,125,72,125,0.0
72,126,72,126,0.0
72,127,72,127,0.0
72,128,72,128,0.0
72,129,72,129,0.0
72,130,72,130,0.0
72,131,72,131,0.0
72,132,72,132,0.0
72,133,72,133,0.0
72,134,72,134,0.0
72,135,72,135,0.0
72,136,72,136,0.0
72,137,72,137,0.0
72,138,72,138,0.0
72,139,72,139,0.0
72,140,72,140,0.0
72,141,72,141,0.0
72,142,72,142,0.0
72,143,72,143,0.0
72,144,72,144,0.0
72,145,72,145,0.0
72,146,72,146,0.0
72,147,72,147,0.0
72,148,72,148,0.0
72,149,72,149,0.0
72,150,72,150,0.0
72,151,72,151,0.0
72,152,72,152,0.0
72,153,72,153,0.0
72,154,72,154,0.0
72,155,72,155,0.0
72,156,72,156,0.0
72,157,72,157,0.0
72,158,72,158,0.0
72,159,72,159,0.0
72,160,72,160,0.0
72,161,72,161,0.0
72,162,72,162,0.0
72,163,72,163,0.0
72,164,72,164,0.0
72,165,72,165,0.0
72,166,72,166,0.0
72,167,72,167,0.0
72,168,72,168,0.0
72,169,72,169,0.0
72,170,72,170,0.0
72,171,72,171,0.0
72,172,72,172,0.0
72,173,72,173,0.0
72,174,72,174,0.0
72,175,72,175,0.0
72,176,72,176,0.0
72,177,72,177,0.0
72,178,72,178,0.0
72,179,72,179,0.0
72,180,72,180,0.0
72,181,72,181,0.0
72,182,72,182,0.0
72,183,72,183,0.0
72,184,72,184,0.0
72,185,72,185,0.0
72,186,72,186,0.0
72,187,72,187,0.0
72,188,72,188,0.0
72,189,72,189,0.0
72,190,72,190,0.0
72,191,72,191,0.0
72,192,72,192,0.0
72,193,72,193,0.0
72,194,72,194,0.0
72,195,72,195,0.0
72,196,72,196,0.0
72,197,72,197,0.0
72,198,72,198,0.0
72,199,72,199,0.0
72,200,72,200,0.0
72,201,72,201,0.0
72,202,72,202,0.0
72,203,72,203,0.0
72,204,72,204,0.0
72,205,72,205,0.0
72,206,72,206,0.0
72,207,72,207,0.0
72,208,72,208,0.0
72,209,72,209,0.0
72,210,72,210,0.0
72,211,72,211,0.0
72,212,72,212,0.0
72,213,72,213,0.0
72,214,72,214,0.0
72,215,72,215,0.0
72,216,72,216,0.0
72,217,72,217,0.0
72,218,72,218,0.0
72,219,72,219,0.0
72,220,72,220,0.0
72,221,72,221,0.0
72,222,72,222,0.0
72,223,72,223,0.0
72,224,72,224,0.0
72,225,72,225,0.0
72,226,72,226,0.0
72,227,72,227,0.0
72,228,72,228,0.0
72,229,72,229,0.0
72,230,72,230,0.0
72,231,72,231,0.0
72,232,72,232,0.0
72,233,72,233,0.0
72,234,72,234,0.0
72,235,72,235,0.0
72,236,72,236,0.0
72,237,72,237,0.0
72,238,72,238,0.0
72,239,72,239,0.0
72,240,72,240,0.0
72,241,72,241,0.0
72,242,72,242,0.0
72,243,72,243,0.0
72,244,72,244,0.0
72,245,72,245,0.0
72,246,72,246,0.0
72,247,72,247,0.0
72,248,72,248,0.0
72,249,72,249,0.0
72,250,72,250,0.0
72,251,72,251,0.0
72,252,72,252,0.0
72,253,72,253,0.0
72,254,72,254,0.0
72,255,72,255,0.0
72,256,72,256,0.0
72,257,72,257,0.0
72,258,72,258,0.0
72,259,72,259,0.0
72,260,72,260,0.0
72,261,72,261,0.0
72,262,72,262,0.0
72,263,72,263,0.0
72,264,72,264,0.0
72,265,72,265,0.0
72,266,72,266,0.0
72,267,72,267,0.0
72,268,72,268,0.0
72,269,72,269,0.0
72,270,72,270,0.0
72,271,72,271,0.0
72,272,72,272,0.0
72,273,72,273,0.0
72,274,72,274,0.0
72,275,72,275,0.0
72,276,72,276,0.0
72,277,72,277,0.0
72,278,72,278,0.0
72,279,72,279,0.0
72,280,72,280,0.0
72,281,72,281,0.0
72,282,72,282,0.0
72,283,72,283,0.0
72,284,72,284,0.0
72,285,72,285,0.0
72,286,72,286,0.0
72,287,72,287,0.0
72,288,72,288,0.0
72,289,72,289,0.0
72,290,72,290,0.0
72,291,72,291,0.0
72,292,72,292,0.0
72,293,72,293,0.0
72,294,72,294,0.0
72,295,72,295,0.0
72,296,72,296,0.0
72,297,72,297,0.0
72,298,72,298,0.0
73,74,73,74,0.0
73,75,73,75,0.0
73,76,73,76,0.0
73,77,73,77,0.0
73,78,73,78,0.0
73,79,73,79,0.0
73,80,73,80,0.0
73,81,73,81,0.0
73,82,73,82,0.0
73,83,73,83,0.0
73,84,73,84,0.0
73,85,73,85,0.0
73,86,73,86,0.0
73,87,73,87,0.0
73,88,73,88,0.0
73,89,73,89,0.0
73,90,73,90,0.0
73,91,73,91,0.0
73,92,73,92,0.0
73,93,73,93,0.0
73,94,73,94,0.0
73,95,73,95,0.0
73,96,73,96,0.0
73,97,73,97,0.0
73,98,73,98,0.0
73,99,73,99,0.0
73,100,73,100,0.0
73,101,73,101,0.0
73,102,73,102,0.0
73,103,73,103,0.0
73,104,73,104,0.0
73,105,73,105,0.0
73,106,73,106,0.0
73,107,73,107,0.0
73,108,73,108,0.0
73,109,73,109,0.0
73,110,73,110,0.0
73,111,73,111,0.0
73,112,73,112,0.0
73,113,73,113,0.0
73,114,73,114,0.0
73,115,73,115,0.0
73,116,73,116,0.0
73,117,73,117,0.0
73,118,73,118,0.0
73,119,73,119,0.0
73,120,73,120,0.0
73,121,73,121,0.0
73,122,73,122,0.0
73,123,73,123,0.0
73,124,73,124,0.0
73,125,73,125,0.0
73,126,73,126,0.0
73,127,73,127,0.0
73,128,73,128,0.0
73,129,73,129,0.0
73,130,73,130,0.0
73,131,73,131,0.0
73,132,73,132,0.0
73,133,73,133,0.0
73,134,73,134,0.0
73,135,73,135,0.0
73,136,73,136,0.0
73,137,73,137,0.0
73,138,73,138,0.0
73,139,73,139,0.0
73,140,73,140,0.0
73,141,73,141,0.0
73,142,73,142,0.0
73,143,73,143,0.0
73,144,73,144,0.0
73,145,73,145,0.0
73,146,73,146,0.0
73,147,73,147,0.0
73,148,73,148,0.0
73,149,73,149,0.0
73,150,73,150,0.0
73,151,73,151,0.0
73,152,73,152,0.0
73,153,73,153,0.0
73,154,73,154,0.0
73,155,73,155,0.0
73,156,73,156,0.0
73,157,73,157,0.0
73,158,73,158,0.0
73,159,73,159,0.0
73,160,73,160,0.0
73,161,73,161,0.0
73,162,73,162,0.0
73,163,73,163,0.0
73,164,73,164,0.0
73,165,73,165,0.0
73,166,73,166,0.0
73,167,73,167,0.0
73,168,73,168,0.0
73,169,73,169,0.0
73,170,73,170,0.0
73,171,73,171,0.0
73,172,73,172,0.0
73,173,73,173,0.0
73,174,73,174,0.0
73,175,73,175,0.0
73,176,73,176,0.0
73,177,73,177,0.0
73,178,73,178,0.0
73,179,73,179,0.0
73,180,73,180,0.0
73,181,73,181,0.0
73,182,73,182,0.0
73,183,73,183,0.0
73,184,73,184,0.0
73,185,73,185,0.0
73,186,73,186,0.0
73,187,73,187,0.0
73,188,73,188,0.0
73,189,73,189,0.0
73,190,73,190,0.0
73,191,73,191,0.0
73,192,73,192,0.0
73,193,73,193,0.0
73,194,73,194,0.0
73,195,73,195,0.0
73,196,73,196,0.0
73,197,73,197,0.0
73,198,73,198,0.0
73,199,73,199,0.0
73,200,73,200,0.0
73,201,73,201,0.0
73,202,73,202,0.0
73,203,73,203,0.0
73,204,73,204,0.0
73,205,73,205,0.0
73,206,73,206,0.0
73,207,73,207,0.0
73,208,73,208,0.0
73,209,73,209,0.0
73,210,73,210,0.0
73,211,73,211,0.0
73,212,73,212,0.0
73,213,73,213,0.0
73,214,73,214,0.0
73,215,73,215,0.0
73,216,73,216,0.0
73,217,73,217,0.0
73,218,73,218,0.0
73,219,73,219,0.0
73,220,73,220,0.0
73,221,73,221,0.0
73,222,73,222,0.0
73,223,73,223,0.0
73,224,73,224,0.0
73,225,73,225,0.0
73,226,73,226,0.0
73,227,73,227,0.0
73,228,73,228,0.0
73,229,73,229,0.0
73,230,73,230,0.0
73,231,73,231,0.0
73,232,73,232,0.0
73,233,73,233,0.0
73,234,73,234,0.0
73,235,73,235,0.0
73,236,73,236,0.0
73,237,73,237,0.0
73,238,73,238,0.0
73,239,73,239,0.0
73,240,73,240,0.0
73,241,73,241,0.0
73,242,73,242,0.0
73,243,73,243,0.0
73,244,73,244,0.0
73,245,73,245,0.0
73,246,73,246,0.0
73,247,73,247,0.0
73,248,73,248,0.0
73,249,73,249,0.0
73,250,73,250,0.0
73,251,73,251,0.0
73,252,73,252,0.0
73,253,73,253,0.0
73,254,73,254,0.0
73,255,73,255,0.0
73,256,73,256,0.0
73,257,73,257,0.0
73,258,73,258,0.0
73,259,73,259,0.0
73,260,73,260,0.0
73,261,73,261,0.0
73,262,73,262,0.0
73,263,73,263,0.0
73,264,73,264,0.0
73,265,73,265,0.0
73,266,73,266,0.0
73,267,73,267,0.0
73,268,73,268,0.0
73,269,73,269,0.0
73,270,73,270,0.0
73,271,73,271,0.0
73,272,73,272,0.0
73,273,73,273,0.0
73,274,73,274,0.0
73,275,73,275,0.0
73,276,73,276,0.0
73,277,73,277,0.0
73,278,73,278,0.0
73,279,73,279,0.0
73,280,73,280,0.0
73,281,73,281,0.0
73,282,73,282,0.0
73,283,73,283,0.0
73,284,73,284,0.0
73,285,73,285,0.0
73,286,73,286,0.0
73,287,73,287,0.0
73,288,73,288,0.0
73,289,73,289,0.0
73,290,73,290,0.0
73,291,73,291,0.0
73,292,73,292,0.0
73,293,73,293,0.0
73,294,73,294,0.0
73,295,73,295,0.0
73,296,73,296,0.0
73,297,73,297,0.0
73,298,73,298,0.0
74,75,74,75,0.0
74,76,74,76,0.0
74,77,74,77,0.0
74,78,74,78,0.0
74,79,74,79,0.0
74,80,74,80,0.0
74,81,74,81,0.0
74,82,74,82,0.0
74,83,74,83,0.0
74,84,74,84,0.0
74,85,74,85,0.0
74,86,74,86,0.0
74,87,74,87,0.0
74,88,74,88,0.0
74,89,74,89,0.0
74,90,74,90,0.0
74,91,74,91,0.0
74,92,74,92,0.0
74,93,74,93,0.0
74,94,74,94,0.0
74,95,74,95,0.0
74,96,74,96,0.0
74,97,74,97,0.0
74,98,74,98,0.0
74,99,74,99,0.0
74,100,74,100,0.0
74,101,74,101,0.0
74,102,74,102,0.0
74,103,74,103,0.0
74,104,74,104,0.0
74,105,74,105,0.0
74,106,74,106,0.0
74,107,74,107,0.0
74,108,74,108,0.0
74,109,74,109,0.0
74,110,74,110,0.0
74,111,74,111,0.0
74,112,74,112,0.0
74,113,74,113,0.0
74,114,74,114,0.0
74,115,74,115,0.0
74,116,74,116,0.0
74,117,74,117,0.0
74,118,74,118,0.0
74,119,74,119,0.0
74,120,74,120,0.0
74,121,74,121,0.0
74,122,74,122,0.0
74,123,74,123,0.0
74,124,74,124,0.0
74,125,74,125,0.0
74,126,74,126,0.0
74,127,74,127,0.0
74,128,74,128,0.0
74,129,74,129,0.0
74,130,74,130,0.0
74,131,74,131,0.0
74,132,74,132,0.0
74,133,74,133,0.0
74,134,74,134,0.0
74,135,74,135,0.0
74,136,74,136,0.0
74,137,74,137,0.0
74,138,74,138,0.0
74,139,74,139,0.0
74,140,74,140,0.0
74,141,74,141,0.0
74,142,74,142,0.0
74,143,74,143,0.0
74,144,74,144,0.0
74,145,74,145,0.0
74,146,74,146,0.0
74,147,74,147,0.0
74,148,74,148,0.0
74,149,74,149,0.0
74,150,74,150,0.0
74,151,74,151,0.0
74,152,74,152,0.0
74,153,74,153,0.0
74,154,74,154,0.0
74,155,74,155,0.0
74,156,74,156,0.0
74,157,74,157,0.0
74,158,74,158,0.0
74,159,74,159,0.0
74,160,74,160,0.0
74,161,74,161,0.0
74,162,74,162,0.0
74,163,74,163,0.0
74,164,74,164,0.0
74,165,74,165,0.0
74,166,74,166,0.0
74,167,74,167,0.0
74,168,74,168,0.0
74,169,74,169,0.0
74,170,74,170,0.0
74,171,74,171,0.0
74,172,74,172,0.0
74,173,74,173,0.0
74,174,74,174,0.0
74,175,74,175,0.0
74,176,74,176,0.0
74,177,74,177,0.0
74,178,74,178,0.0
74,179,74,179,0.0
74,180,74,180,0.0
74,181,74,181,0.0
74,182,74,182,0.0
74,183,74,183,0.0
74,184,74,184,0.0
74,185,74,185,0.0
74,186,74,186,0.0
74,187,74,187,0.0
74,188,74,188,0.0
74,189,74,189,0.0
74,190,74,190,0.0
74,191,74,191,0.0
74,192,74,192,0.0
74,193,74,193,0.0
74,194,74,194,0.0
74,195,74,195,0.0
74,196,74,196,0.0
74,197,74,197,0.0
74,198,74,198,0.0
74,199,74,199,0.0
74,200,74,200,0.0
74,201,74,201,0.0
74,202,74,202,0.0
74,203,74,203,0.0
74,204,74,204,0.0
74,205,74,205,0.0
74,206,74,206,0.0
74,207,74,207,0.0
74,208,74,208,0.0
74,209,74,209,0.0
74,210,74,210,0.0
74,211,74,211,0.0
74,212,74,212,0.0
74,213,74,213,0.0
74,214,74,214,0.0
74,215,74,215,0.0
74,216,74,216,0.0
74,217,74,217,0.0
74,218,74,218,0.0
74,219,74,219,0.0
74,220,74,220,0.0
74,221,74,221,0.0
74,222,74,222,0.0
74,223,74,223,0.0
74,224,74,224,0.0
74,225,74,225,0.0
74,226,74,226,0.0
74,227,74,227,0.0
74,228,74,228,0.0
74,229,74,229,0.0
74,230,74,230,0.0
74,231,74,231,0.0
74,232,74,232,0.0
74,233,74,233,0.0
74,234,74,234,0.0
74,235,74,235,0.0
74,236,74,236,0.0
74,237,74,237,0.0
74,238,74,238,0.0
74,239,74,239,0.0
74,240,74,240,0.0
74,241,74,241,0.0
74,242,74,242,0.0
74,243,74,243,0.0
74,244,74,244,0.0
74,245,74,245,0.0
74,246,74,246,0.0
74,247,74,247,0.0
74,248,74,248,0.0
74,249,74,249,0.0
74,250,74,250,0.0
74,251,74,251,0.0
74,252,74,252,0.0
74,253,74,253,0.0
74,254,74,254,0.0
74,255,74,255,0.0
74,256,74,256,0.0
74,257,74,257,0.0
74,258,74,258,0.0
74,259,74,259,0.0
74,260,74,260,0.0
74,261,74,261,0.0
74,262,74,262,0.0
74,263,74,263,0.0
74,264,74,264,0.0
74,265,74,265,0.0
74,266,74,266,0.0
74,267,74,267,0.0
74,268,74,268,0.0
74,269,74,269,0.0
74,270,74,270,0.0
74,271,74,271,0.0
74,272,74,272,0.0
74,273,74,273,0.0
74,274,74,274,0.0
74,275,74,275,0.0
74,276,74,276,0.0
74,277,74,277,0.0
74,278,74,278,0.0
74,279,74,279,0.0
74,280,74,280,0.0
74,281,74,281,0.0
74,282,74,282,0.0
74,283,74,283,0.0
74,284,74,284,0.0
74,285,74,285,0.0
74,286,74,286,0.0
74,287,74,287,0.0
74,288,74,288,0.0
74,289,74,289,0.0
74,290,74,290,0.0
74,291,74,291,0.0
74,292,74,292,0.0
74,293,74,293,0.0
74,294,74,294,0.0
74,295,74,295,0.0
74,296,74,296,0.0
74,297,74,297,0.0
74,298,74,298,0.0
75,76,75,76,0.0
75,77,75,77,0.0
75,78,75,78,0.0
75,79,75,79,0.0
75,80,75,80,0.0
75,81,75,81,0.0
75,82,75,82,0.0
75,83,75,83,0.0
75,84,75,84,0.0
75,85,75,85,0.0
75,86,75,86,0.0
75,87,75,87,0.0
75,88,75,88,0.0
75,89,75,89,0.0
75,90,75,90,0.0
75,91,75,91,0.0
75,92,75,92,0.0
75,93,75,93,0.0
75,94,75,94,0.0
75,95,75,95,0.0
75,96,75,96,0.0
75,97,75,97,0.0
75,98,75,98,0.0
75,99,75,99,0.0
75,100,75,100,0.0
75,101,75,101,0.0
75,102,75,102,0.0
75,103,75,103,0.0
75,104,75,104,0.0
75,105,75,105,0.0
75,106,75,106,0.0
75,107,75,107,0.0
75,108,75,108,0.0
75,109,75,109,0.0
75,110,75,110,0.0
75,111,75,111,0.0
75,112,75,112,0.0
75,113,75,113,0.0
75,114,75,114,0.0
75,115,75,115,0.0
75,116,75,116,0.0
75,117,75,117,0.0
75,118,75,118,0.0
75,119,75,119,0.0
75,120,75,120,0.0
75,121,75,121,0.0
75,122,75,122,0.0
75,123,75,123,0.0
75,124,75,124,0.0
75,125,75,125,0.0
75,126,75,126,0.0
75,127,75,127,0.0
75,128,75,128,0.0
75,129,75,129,0.0
75,130,75,130,0.0
75,131,75,131,0.0
75,132,75,132,0.0
75,133,75,133,0.0
75,134,75,134,0.0
75,135,75,135,0.0
75,136,75,136,0.0
75,137,75,137,0.0
75,138,75,138,0.0
75,139,75,139,0.0
75,140,75,140,0.0
75,141,75,141,0.0
75,142,75,142,0.0
75,143,75,143,0.0
75,144,75,144,0.0
75,145,75,145,0.0
75,146,75,146,0.0
75,147,75,147,0.0
75,148,75,148,0.0
75,149,75,149,0.0
75,150,75,150,0.0
75,151,75,151,0.0
75,152,75,152,0.0
75,153,75,153,0.0
75,154,75,154,0.0
75,155,75,155,0.0
75,156,75,156,0.0
75,157,75,157,0.0
75,158,75,158,0.0
75,159,75,159,0.0
75,160,75,160,0.0
75,161,75,161,0.0
75,162,75,162,0.0
75,163,75,163,0.0
75,164,75,164,0.0
75,165,75,165,0.0
75,166,75,166,0.0
75,167,75,167,0.0
75,168,75,168,0.0
75,169,75,169,0.0
75,170,75,170,0.0
75,171,75,171,0.0
75,172,75,172,0.0
75,173,75,173,0.0
75,174,75,174,0.0
75,175,75,175,0.0
75,176,75,176,0.0
75,177,75,177,0.0
75,178,75,178,0.0
75,179,75,179,0.0
75,180,75,180,0.0
75,181,75,181,0.0
75,182,75,182,0.0
75,183,75,183,0.0
75,184,75,184,0.0
75,185,75,185,0.0
75,186,75,186,0.0
75,187,75,187,0.0
75,188,75,188,0.0
75,189,75,189,0.0
75,190,75,190,0.0
75,191,75,191,0.0
75,192,75,192,0.0
75,193,75,193,0.0
75,194,75,194,0.0
75,195,75,195,0.0
75,196,75,196,0.0
75,197,75,197,0.0
75,198,75,198,0.0
75,199,75,199,0.0
75,200,75,200,0.0
75,201,75,201,0.0
75,202,75,202,0.0
75,203,75,203,0.0
75,204,75,204,0.0
75,205,75,205,0.0
75,206,75,206,0.0
75,207,75,207,0.0
75,208,75,208,0.0
75,209,75,209,0.0
75,210,75,210,0.0
75,211,75,211,0.0
75,212,75,212,0.0
75,213,75,213,0.0
75,214,75,214,0.0
75,215,75,215,0.0
75,216,75,216,0.0
75,217,75,217,0.0
75,218,75,218,0.0
75,219,75,219,0.0
75,220,75,220,0.0
75,221,75,221,0.0
75,222,75,222,0.0
75,223,75,223,0.0
75,224,75,224,0.0
75,225,75,225,0.0
75,226,75,226,0.0
75,227,75,227,0.0
75,228,75,228,0.0
75,229,75,229,0.0
75,230,75,230,0.0
75,231,75,231,0.0
75,232,75,232,0.0
75,233,75,233,0.0
75,234,75,234,0.0
75,235,75,235,0.0
75,236,75,236,0.0
75,237,75,237,0.0
75,238,75,238,0.0
75,239,75,239,0.0
75,240,75,240,0.0
75,241,75,241,0.0
75,242,75,242,0.0
75,243,75,243,0.0
75,244,75,244,0.0
75,245,75,245,0.0
75,246,75,246,0.0
75,247,75,247,0.0
75,248,75,248,0.0
75,249,75,249,0.0
75,250,75,250,0.0
75,251,75,251,0.0
75,252,75,252,0.0
75,253,75,253,0.0
75,254,75,254,0.0
75,255,75,255,0.0
75,256,75,256,0.0
75,257,75,257,0.0
75,258,75,258,0.0
75,259,75,259,0.0
75,260,75,260,0.0
75,261,75,261,0.0
75,262,75,262,0.0
75,263,75,263,0.0
75,264,75,264,0.0
75,265,75,265,0.0
75,266,75,266,0.0
75,267,75,267,0.0
75,268,75,268,0.0
75,269,75,269,0.0
75,270,75,270,0.0
75,271,75,271,0.0
75,272,75,272,0.0
75,273,75,273,0.0
75,274,75,274,0.0
75,275,75,275,0.0
75,276,75,276,0.0
75,277,75,277,0.0
75,278,75,278,0.0
75,279,75,279,0.0
75,280,75,280,0.0
75,281,75,281,0.0
75,282,75,282,0.0
75,283,75,283,0.0
75,284,75,284,0.0
75,285,75,285,0.0
75,286,75,286,0.0
75,287,75,287,0.0
75,288,75,288,0.0
75,289,75,289,0.0
75,290,75,290,0.0
75,291,75,291,0.0
75,292,75,292,0.0
75,293,75,293,0.0
75,294,75,294,0.0
75,295,75,295,0.0
75,296,75,296,0.0
75,297,75,297,0.0
75,298,75,298,0.0
76,77,76,77,0.0
76,78,76,78,0.0
76,79,76,79,0.0
76,80,76,80,0.0
76,81,76,81,0.0
76,82,76,82,0.0
76,83,76,83,0.0
76,84,76,84,0.0
76,85,76,85,0.0
76,86,76,86,0.0
76,87,76,87,0.0
76,88,76,88,0.0
76,89,76,89,0.0
76,90,76,90,0.0
76,91,76,91,0.0
76,92,76,92,0.0
76,93,76,93,0.0
76,94,76,94,0.0
76,95,76,95,0.0
76,96,76,96,0.0
76,97,76,97,0.0
76,98,76,98,0.0
76,99,76,99,0.0
76,100,76,100,0.0
76,101,76,101,0.0
76,102,76,102,0.0
76,103,76,103,0.0
76,104,76,104,0.0
76,105,76,105,0.0
76,106,76,106,0.0
76,107,76,107,0.0
76,108,76,108,0.0
76,109,76,109,0.0
76,110,76,110,0.0
76,111,76,111,0.0
76,112,76,112,0.0
76,113,76,113,0.0
76,114,76,114,0.0
76,115,76,115,0.0
76,116,76,116,0.0
76,117,76,117,0.0
76,118,76,118,0.0
76,119,76,119,0.0
76,120,76,120,0.0
76,121,76,121,0.0
76,122,76,122,0.0
76,123,76,123,0.0
76,124,76,124,0.0
76,125,76,125,0.0
76,126,76,126,0.0
76,127,76,127,0.0
76,128,76,128,0.0
76,129,76,129,0.0
76,130,76,130,0.0
76,131,76,131,0.0
76,132,76,132,0.0
76,133,76,133,0.0
76,134,76,134,0.0
76,135,76,135,0.0
76,136,76,136,0.0
76,137,76,137,0.0
76,138,76,138,0.0
76,139,76,139,0.0
76,140,76,140,0.0
76,141,76,141,0.0
76,142,76,142,0.0
76,143,76,143,0.0
76,144,76,144,0.0
76,145,76,145,0.0
76,146,76,146,0.0
76,147,76,147,0.0
76,148,76,148,0.0
76,149,76,149,0.0
76,150,76,150,0.0
76,151,76,151,0.0
76,152,76,152,0.0
76,153,76,153,0.0
76,154,76,154,0.0
76,155,76,155,0.0
76,156,76,156,0.0
76,157,76,157,0.0
76,158,76,158,0.0
76,159,76,159,0.0
76,160,76,160,0.0
76,161,76,161,0.0
76,162,76,162,0.0
76,163,76,163,0.0
76,164,76,164,0.0
76,165,76,165,0.0
76,166,76,166,0.0
76,167,76,167,0.0
76,168,76,168,0.0
76,169,76,169,0.0
76,170,76,170,0.0
76,171,76,171,0.0
76,172,76,172,0.0
76,173,76,173,0.0
76,174,76,174,0.0
76,175,76,175,0.0
76,176,76,176,0.0
76,177,76,177,0.0
76,178,76,178,0.0
76,179,76,179,0.0
76,180,76,180,0.0
76,181,76,181,0.0
76,182,76,182,0.0
76,183,76,183,0.0
76,184,76,184,0.0
76,185,76,185,0.0
76,186,76,186,0.0
76,187,76,187,0.0
76,188,76,188,0.0
76,189,76,189,0.0
76,190,76,190,0.0
76,191,76,191,0.0
76,192,76,192,0.0
76,193,76,193,0.0
76,194,76,194,0.0
76,195,76,195,0.0
76,196,76,196,0.0
76,197,76,197,0.0
76,198,76,198,0.0
76,199,76,199,0.0
76,200,76,200,0.0
76,201,76,201,0.0
76,202,76,202,0.0
76,203,76,203,0.0
76,204,76,204,0.0
76,205,76,205,0.0
76,206,76,206,0.0
76,207,76,207,0.0
76,208,76,208,0.0
76,209,76,209,0.0
76,210,76,210,0.0
76,211,76,211,0.0
76,212,76,212,0.0
76,213,76,213,0.0
76,214,76,214,0.0
76,215,76,215,0.0
76,216,76,216,0.0
76,217,76,217,0.0
76,218,76,218,0.0
76,219,76,219,0.0
76,220,76,220,0.0
76,221,76,221,0.0
76,222,76,222,0.0
76,223,76,223,0.0
76,224,76,224,0.0
76,225,76,225,0.0
76,226,76,226,0.0
76,227,76,227,0.0
76,228,76,228,0.0
76,229,76,229,0.0
76,230,76,230,0.0
76,231,76,231,0.0
76,232,76,232,0.0
76,233,76,233,0.0
76,234,76,234,0.0
76,235,76,235,0.0
76,236,76,236,0.0
76,237,76,237,0.0
76,238,76,238,0.0
76,239,76,239,0.0
76,240,76,240,0.0
76,241,76,241,0.0
76,242,76,242,0.0
76,243,76,243,0.0
76,244,76,244,0.0
76,245,76,245,0.0
76,246,76,246,0.0
76,247,76,247,0.0
76,248,76,248,0.0
76,249,76,249,0.0
76,250,76,250,0.0
76,251,76,251,0.0
76,252,76,252,0.0
76,253,76,253,0.0
76,254,76,254,0.0
76,255,76,255,0.0
76,256,76,256,0.0
76,257,76,257,0.0
76,258,76,258,0.0
76,259,76,259,0.0
76,260,76,260,0.0
76,261,76,261,0.0
76,262,76,262,0.0
76,263,76,263,0.0
76,264,76,264,0.0
76,265,76,265,0.0
76,266,76,266,0.0
76,267,76,267,0.0
76,268,76,268,0.0
76,269,76,269,0.0
76,270,76,270,0.0
76,271,76,271,0.0
76,272,76,272,0.0
76,273,76,273,0.0
76,274,76,274,0.0
76,275,76,275,0.0
76,276,76,276,0.0
76,277,76,277,0.0
76,278,76,278,0.0
76,279,76,279,0.0
76,280,76,280,0.0
76,281,76,281,0.0
76,282,76,282,0.0
76,283,76,283,0.0
76,284,76,284,0.0
76,285,76,285,0.0
76,286,76,286,0.0
76,287,76,287,0.0
76,288,76,288,0.0
76,289,76,289,0.0
76,290,76,290,0.0
76,291,76,291,0.0
76,292,76,292,0.0
76,293,76,293,0.0
76,294,76,294,0.0
76,295,76,295,0.0
76,296,76,296,0.0
76,297,76,297,0.0
76,298,76,298,0.0
77,78,77,78,0.0
77,79,77,79,0.0
77,80,77,80,0.0
77,81,77,81,0.0
77,82,77,82,0.0
77,83,77,83,0.0
77,84,77,84,0.0
77,85,77,85,0.0
77,86,77,86,0.0
77,87,77,87,0.0
77,88,77,88,0.0
77,89,77,89,0.0
77,90,77,90,0.0
77,91,77,91,0.0
77,92,77,92,0.0
77,93,77,93,0.0
77,94,77,94,0.0
77,95,77,95,0.0
77,96,77,96,0.0
77,97,77,97,0.0
77,98,77,98,0.0
77,99,77,99,0.0
77,100,77,100,0.0
77,101,77,101,0.0
77,102,77,102,0.0
77,103,77,103,0.0
77,104,77,104,0.0
77,105,77,105,0.0
77,106,77,106,0.0
77,107,77,107,0.0
77,108,77,108,0.0
77,109,77,109,0.0
77,110,77,110,0.0
77,111,77,111,0.0
77,112,77,112,0.0
77,113,77,113,0.0
77,114,77,114,0.0
77,115,77,115,0.0
77,116,77,116,0.0
77,117,77,117,0.0
77,118,77,118,0.0
77,119,77,119,0.0
77,120,77,120,0.0
77,121,77,121,0.0
77,122,77,122,0.0
77,123,77,123,0.0
77,124,77,124,0.0
77,125,77,125,0.0
77,126,77,126,0.0
77,127,77,127,0.0
77,128,77,128,0.0
77,129,77,129,0.0
77,130,77,130,0.0
77,131,77,131,0.0
77,132,77,132,0.0
77,133,77,133,0.0
77,134,77,134,0.0
77,135,77,135,0.0
77,136,77,136,0.0
77,137,77,137,0.0
77,138,77,138,0.0
77,139,77,139,0.0
77,140,77,140,0.0
77,141,77,141,0.0
77,142,77,142,0.0
77,143,77,143,0.0
77,144,77,144,0.0
77,145,77,145,0.0
77,146,77,146,0.0
77,147,77,147,0.0
77,148,77,148,0.0
77,149,77,149,0.0
77,150,77,150,0.0
77,151,77,151,0.0
77,152,77,152,0.0
77,153,77,153,0.0
77,154,77,154,0.0
77,155,77,155,0.0
77,156,77,156,0.0
77,157,77,157,0.0
77,158,77,158,0.0
77,159,77,159,0.0
77,160,77,160,0.0
77,161,77,161,0.0
77,162,77,162,0.0
77,163,77,163,0.0
77,164,77,164,0.0
77,165,77,165,0.0
77,166,77,166,0.0
77,167,77,167,0.0
77,168,77,168,0.0
77,169,77,169,0.0
77,170,77,170,0.0
77,171,77,171,0.0
77,172,77,172,0.0
77,173,77,173,0.0
77,174,77,174,0.0
77,175,77,175,0.0
77,176,77,176,0.0
77,177,77,177,0.0
77,178,77,178,0.0
77,179,77,179,0.0
77,180,77,180,0.0
77,181,77,181,0.0
77,182,77,182,0.0
77,183,77,183,0.0
77,184,77,184,0.0
77,185,77,185,0.0
77,186,77,186,0.0
77,187,77,187,0.0
77,188,77,188,0.0
77,189,77,189,0.0
77,190,77,190,0.0
77,191,77,191,0.0
77,192,77,192,0.0
77,193,77,193,0.0
77,194,77,194,0.0
77,195,77,195,0.0
77,196,77,196,0.0
77,197,77,197,0.0
77,198,77,198,0.0
77,199,77,199,0.0
77,200,77,200,0.0
77,201,77,201,0.0
77,202,77,202,0.0
77,203,77,203,0.0
77,204,77,204,0.0
77,205,77,205,0.0
77,206,77,206,0.0
77,207,77,207,0.0
77,208,77,208,0.0
77,209,77,209,0.0
77,210,77,210,0.0
77,211,77,211,0.0
77,212,77,212,0.0
77,213,77,213,0.0
77,214,77,214,0.0
77,215,77,215,0.0
77,216,77,216,0.0
77,217,77,217,0.0
77,218,77,218,0.0
77,219,77,219,0.0
77,220,77,220,0.0
77,221,77,221,0.0
77,222,77,222,0.0
77,223,77,223,0.0
77,224,77,224,0.0
77,225,77,225,0.0
77,226,77,226,0.0
77,227,77,227,0.0
77,228,77,228,0.0
77,229,77,229,0.0
77,230,77,230,0.0
77,231,77,231,0.0
77,232,77,232,0.0
77,233,77,233,0.0
77,234,77,234,0.0
77,235,77,235,0.0
77,236,77,236,0.0
77,237,77,237,0.0
77,238,77,238,0.0
77,239,77,239,0.0
77,240,77,240,0.0
77,241,77,241,0.0
77,242,77,242,0.0
77,243,77,243,0.0
77,244,77,244,0.0
77,245,77,245,0.0
77,246,77,246,0.0
77,247,77,247,0.0
77,248,77,248,0.0
77,249,77,249,0.0
77,250,77,250,0.0
77,251,77,251,0.0
77,252,77,252,0.0
77,253,77,253,0.0
77,254,77,254,0.0
77,255,77,255,0.0
77,256,77,256,0.0
77,257,77,257,0.0
77,258,77,258,0.0
77,259,77,259,0.0
77,260,77,260,0.0
77,261,77,261,0.0
77,262,77,262,0.0
77,263,77,263,0.0
77,264,77,264,0.0
77,265,77,265,0.0
77,266,77,266,0.0
77,267,77,267,0.0
77,268,77,268,0.0
77,269,77,269,0.0
77,270,77,270,0.0
77,271,77,271,0.0
77,272,77,272,0.0
77,273,77,273,0.0
77,274,77,274,0.0
77,275,77,275,0.0
77,276,77,276,0.0
77,277,77,277,0.0
77,278,77,278,0.0
77,279,77,279,0.0
77,280,77,280,0.0
77,281,77,281,0.0
77,282,77,282,0.0
77,283,77,283,0.0
77,284,77,284,0.0
77,285,77,285,0.0
77,286,77,286,0.0
77,287,77,287,0.0
77,288,77,288,0.0
77,289,77,289,0.0
77,290,77,290,0.0
77,291,77,291,0.0
77,292,77,292,0.0
77,293,77,293,0.0
77,294,77,294,0.0
77,295,77,295,0.0
77,296,77,296,0.0
77,297,77,297,0.0
77,298,77,298,0.0
78,79,78,79,0.0
78,80,78,80,0.0
78,81,78,81,0.0
78,82,78,82,0.0
78,83,78,83,0.0
78,84,78,84,0.0
78,85,78,85,0.0
78,86,78,86,0.0
78,87,78,87,0.0
78,88,78,88,0.0
78,89,78,89,0.0
78,90,78,90,0.0
78,91,78,91,0.0
78,92,78,92,0.0
78,93,78,93,0.0
78,94,78,94,0.0
78,95,78,95,0.0
78,96,78,96,0.0
78,97,78,97,0.0
78,98,78,98,0.0
78,99,78,99,0.0
78,100,78,100,0.0
78,101,78,101,0.0
78,102,78,102,0.0
78,103,78,103,0.0
78,104,78,104,0.0
78,105,78,105,0.0
78,106,78,106,0.0
78,107,78,107,0.0
78,108,78,108,0.0
78,109,78,109,0.0
78,110,78,110,0.0
78,111,78,111,0.0
78,112,78,112,0.0
78,113,78,113,0.0
78,114,78,114,0.0
78,115,78,115,0.0
78,116,78,116,0.0
78,117,78,117,0.0
78,118,78,118,0.0
78,119,78,119,0.0
78,120,78,120,0.0
78,121,78,121,0.0
78,122,78,122,0.0
78,123,78,123,0.0
78,124,78,124,0.0
78,125,78,125,0.0
78,126,78,126,0.0
78,127,78,127,0.0
78,128,78,128,0.0
78,129,78,129,0.0
78,130,78,130,0.0
78,131,78,131,0.0
78,132,78,132,0.0
78,133,78,133,0.0
78,134,78,134,0.0
78,135,78,135,0.0
78,136,78,136,0.0
78,137,78,137,0.0
78,138,78,138,0.0
78,139,78,139,0.0
78,140,78,140,0.0
78,141,78,141,0.0
78,142,78,142,0.0
78,143,78,143,0.0
78,144,78,144,0.0
78,145,78,145,0.0
78,146,78,146,0.0
78,147,78,147,0.0
78,148,78,148,0.0
78,149,78,149,0.0
78,150,78,150,0.0
78,151,78,151,0.0
78,152,78,152,0.0
78,153,78,153,0.0
78,154,78,154,0.0
78,155,78,155,0.0
78,156,78,156,0.0
78,157,78,157,0.0
78,158,78,158,0.0
78,159,78,159,0.0
78,160,78,160,0.0
78,161,78,161,0.0
78,162,78,162,0.0
78,163,78,163,0.0
78,164,78,164,0.0
78,165,78,165,0.0
78,166,78,166,0.0
78,167,78,167,0.0
78,168,78,168,0.0
78,169,78,169,0.0
78,170,78,170,0.0
78,171,78,171,0.0
78,172,78,172,0.0
78,173,78,173,0.0
78,174,78,174,0.0
78,175,78,175,0.0
78,176,78,176,0.0
78,177,78,177,0.0
78,178,78,178,0.0
78,179,78,179,0.0
78,180,78,180,0.0
78,181,78,181,0.0
78,182,78,182,0.0
78,183,78,183,0.0
78,184,78,184,0.0
78,185,78,185,0.0
78,186,78,186,0.0
78,187,78,187,0.0
78,188,78,188,0.0
78,189,78,189,0.0
78,190,78,190,0.0
78,191,78,191,0.0
78,192,78,192,0.0
78,193,78,193,0.0
78,194,78,194,0.0
78,195,78,195,0.0
78,196,78,196,0.0
78,197,78,197,0.0
78,198,78,198,0.0
78,199,78,199,0.0
78,200,78,200,0.0
78,201,78,201,0.0
78,202,78,202,0.0
78,203,78,203,0.0
78,204,78,204,0.0
78,205,78,205,0.0
78,206,78,206,0.0
78,207,78,207,0.0
78,208,78,208,0.0
78,209,78,209,0.0
78,210,78,210,0.0
78,211,78,211,0.0
78,212,78,212,0.0
78,213,78,213,0.0
78,214,78,214,0.0
78,215,78,215,0.0
78,216,78,216,0.0
78,217,78,217,0.0
78,218,78,218,0.0
78,219,78,219,0.0
78,220,78,220,0.0
78,221,78,221,0.0
78,222,78,222,0.0
78,223,78,223,0.0
78,224,78,224,0.0
78,225,78,225,0.0
78,226,78,226,0.0
78,227,78,227,0.0
78,228,78,228,0.0
78,229,78,229,0.0
78,230,78,230,0.0
78,231,78,231,0.0
78,232,78,232,0.0
78,233,78,233,0.0
78,234,78,234,0.0
78,235,78,235,0.0
78,236,78,236,0.0
78,237,78,237,0.0
78,238,78,238,0.0
78,239,78,239,0.0
78,240,78,240,0.0
78,241,78,241,0.0
78,242,78,242,0.0
78,243,78,243,0.0
78,244,78,244,0.0
78,245,78,245,0.0
78,246,78,246,0.0
78,247,78,247,0.0
78,248,78,248,0.0
78,249,78,249,0.0
78,250,78,250,0.0
78,251,78,251,0.0
78,252,78,252,0.0
78,253,78,253,0.0
78,254,78,254,0.0
78,255,78,255,0.0
78,256,78,256,0.0
78,257,78,257,0.0
78,258,78,258,0.0
78,259,78,259,0.0
78,260,78,260,0.0
78,261,78,261,0.0
78,262,78,262,0.0
78,263,78,263,0.0
78,264,78,264,0.0
78,265,78,265,0.0
78,266,78,266,0.0
78,267,78,267,0.0
78,268,78,268,0.0
78,269,78,269,0.0
78,270,78,270,0.0
78,271,78,271,0.0
78,272,78,272,0.0
78,273,78,273,0.0
78,274,78,274,0.0
78,275,78,275,0.0
78,276,78,276,0.0
78,277,78,277,0.0
78,278,78,278,0.0
78,279,78,279,0.0
78,280,78,280,0.0
78,281,78,281,0.0
78,282,78,282,0.0
78,283,78,283,0.0
78,284,78,284,0.0
78,285,78,285,0.0
78,286,78,286,0.0
78,287,78,287,0.0
78,288,78,288,0.0
78,289,78,289,0.0
78,290,78,290,0.0
78,291,78,291,0.0
78,292,78,292,0.0
78,293,78,293,0.0
78,294,78,294,0.0
78,295,78,295,0.0
78,296,78,296,0.0
78,297,78,297,0.0
78,298,78,298,0.0
79,80,79,80,0.0
79,81,79,81,0.0
79,82,79,82,0.0
79,83,79,83,0.0
79,84,79,84,0.0
79,85,79,85,0.0
79,86,79,86,0.0
79,87,79,87,0.0
79,88,79,88,0.0
79,89,79,89,0.0
79,90,79,90,0.0
79,91,79,91,0.0
79,92,79,92,0.0
79,93,79,93,0.0
79,94,79,94,0.0
79,95,79,95,0.0
79,96,79,96,0.0
79,97,79,97,0.0
79,98,79,98,0.0
79,99,79,99,0.0
79,100,79,100,0.0
79,101,79,101,0.0
79,102,79,102,0.0
79,103,79,103,0.0
79,104,79,104,0.0
79,105,79,105,0.0
79,106,79,106,0.0
79,107,79,107,0.0
79,108,79,108,0.0
79,109,79,109,0.0
79,110,79,110,0.0
79,111,79,111,0.0
79,112,79,112,0.0
79,113,79,113,0.0
79,114,79,114,0.0
79,115,79,115,0.0
79,116,79,116,0.0
79,117,79,117,0.0
79,118,79,118,0.0
79,119,79,119,0.0
79,120,79,120,0.0
79,121,79,121,0.0
79,122,79,122,0.0
79,123,79,123,0.0
79,124,79,124,0.0
79,125,79,125,0.0
79,126,79,126,0.0
79,127,79,127,0.0
79,128,79,128,0.0
79,129,79,129,0.0
79,130,79,130,0.0
79,131,79,131,0.0
79,132,79,132,0.0
79,133,79,133,0.0
79,134,79,134,0.0
79,135,79,135,0.0
79,136,79,136,0.0
79,137,79,137,0.0
79,138,79,138,0.0
79,139,79,139,0.0
79,140,79,140,0.0
79,141,79,141,0.0
79,142,79,142,0.0
79,143,79,143,0.0
79,144,79,144,0.0
79,145,79,145,0.0
79,146,79,146,0.0
79,147,79,147,0.0
79,148,79,148,0.0
79,149,79,149,0.0
79,150,79,150,0.0
79,151,79,151,0.0
79,152,79,152,0.0
79,153,79,153,0.0
79,154,79,154,0.0
79,155,79,155,0.0
79,156,79,156,0.0
79,157,79,157,0.0
79,158,79,158,0.0
79,159,79,159,0.0
79,160,79,160,0.0
79,161,79,161,0.0
79,162,79,162,0.0
79,163,79,163,0.0
79,164,79,164,0.0
79,165,79,165,0.0
79,166,79,166,0.0
79,167,79,167,0.0
79,168,79,168,0.0
79,169,79,169,0.0
79,170,79,170,0.0
79,171,79,171,0.0
79,172,79,172,0.0
79,173,79,173,0.0
79,174,79,174,0.0
79,175,79,175,0.0
79,176,79,176,0.0
79,177,79,177,0.0
79,178,79,178,0.0
79,179,79,179,0.0
79,180,79,180,0.0
79,181,79,181,0.0
79,182,79,182,0.0
79,183,79,183,0.0
79,184,79,184,0.0
79,185,79,185,0.0
79,186,79,186,0.0
79,187,79,187,0.0
79,188,79,188,0.0
79,189,79,189,0.0
79,190,79,190,0.0
79,191,79,191,0.0
79,192,79,192,0.0
79,193,79,193,0.0
79,194,79,194,0.0
79,195,79,195,0.0
79,196,79,196,0.0
79,197,79,197,0.0
79,198,79,198,0.0
79,199,79,199,0.0
79,200,79,200,0.0
79,201,79,201,0.0
79,202,79,202,0.0
79,203,79,203,0.0
79,204,79,204,0.0
79,205,79,205,0.0
79,206,79,206,0.0
79,207,79,207,0.0
79,208,79,208,0.0
79,209,79,209,0.0
79,210,79,210,0.0
79,211,79,211,0.0
79,212,79,212,0.0
79,213,79,213,0.0
79,214,79,214,0.0
79,215,79,215,0.0
79,216,79,216,0.0
79,217,79,217,0.0
79,218,79,218,0.0
79,219,79,219,0.0
79,220,79,220,0.0
79,221,79,221,0.0
79,222,79,222,0.0
79,223,79,223,0.0
79,224,79,224,0.0
79,225,79,225,0.0
79,226,79,226,0.0
79,227,79,227,0.0
79,228,79,228,0.0
79,229,79,229,0.0
79,230,79,230,0.0
79,231,79,231,0.0
79,232,79,232,0.0
79,233,79,233,0.0
79,234,79,234,0.0
79,235,79,235,0.0
79,236,79,236,0.0
79,237,79,237,0.0
79,238,79,238,0.0
79,239,79,239,0.0
79,240,79,240,0.0
79,241,79,241,0.0
79,242,79,242,0.0
79,243,79,243,0.0
79,244,79,244,0.0
79,245,79,245,0.0
79,246,79,246,0.0
79,247,79,247,0.0
79,248,79,248,0.0
79,249,79,249,0.0
79,250,79,250,0.0
79,251,79,251,0.0
79,252,79,252,0.0
79,253,79,253,0.0
79,254,79,254,0.0
79,255,79,255,0.0
79,256,79,256,0.0
79,257,79,257,0.0
79,258,79,258,0.0
79,259,79,259,0.0
79,260,79,260,0.0
79,261,79,261,0.0
79,262,79,262,0.0
79,263,79,263,0.0
79,264,79,264,0.0
79,265,79,265,0.0
79,266,79,266,0.0
79,267,79,267,0.0
79,268,79,268,0.0
79,269,79,269,0.0
79,270,79,270,0.0
79,271,79,271,0.0
79,272,79,272,0.0
79,273,79,273,0.0
79,274,79,274,0.0
79,275,79,275,0.0
79,276,79,276,0.0
79,277,79,277,0.0
79,278,79,278,0.0
79,279,79,279,0.0
79,280,79,280,0.0
79,281,79,281,0.0
79,282,79,282,0.0
79,283,79,283,0.0
79,284,79,284,0.0
79,285,79,285,0.0
79,286,79,286,0.0
79,287,79,287,0.0
79,288,79,288,0.0
79,289,79,289,0.0
79,290,79,290,0.0
79,291,79,291,0.0
79,292,79,292,0.0
79,293,79,293,0.0
79,294,79,294,0.0
79,295,79,295,0.0
79,296,79,296,0.0
79,297,79,297,0.0
79,298,79,298,0.0
80,81,80,81,0.0
80,82,80,82,0.0
80,83,80,83,0.0
80,84,80,84,0.0
80,85,80,85,0.0
80,86,80,86,0.0
80,87,80,87,0.0
80,88,80,88,0.0
80,89,80,89,0.0
80,90,80,90,0.0
80,91,80,91,0.0
80,92,80,92,0.0
80,93,80,93,0.0
80,94,80,94,0.0
80,95,80,95,0.0
80,96,80,96,0.0
80,97,80,97,0.0
80,98,80,98,0.0
80,99,80,99,0.0
80,100,80,100,0.0
80,101,80,101,0.0
80,102,80,102,0.0
80,103,80,103,0.0
80,104,80,104,0.0
80,105,80,105,0.0
80,106,80,106,0.0
80,107,80,107,0.0
80,108,80,108,0.0
80,109,80,109,0.0
80,110,80,110,0.0
80,111,80,111,0.0
80,112,80,112,0.0
80,113,80,113,0.0
80,114,80,114,0.0
80,115,80,115,0.0
80,116,80,116,0.0
80,117,80,117,0.0
80,118,80,118,0.0
80,119,80,119,0.0
80,120,80,120,0.0
80,121,80,121,0.0
80,122,80,122,0.0
80,123,80,123,0.0
80,124,80,124,0.0
80,125,80,125,0.0
80,126,80,126,0.0
80,127,80,127,0.0
80,128,80,128,0.0
80,129,80,129,0.0
80,130,80,130,0.0
80,131,80,131,0.0
80,132,80,132,0.0
80,133,80,133,0.0
80,134,80,134,0.0
80,135,80,135,0.0
80,136,80,136,0.0
80,137,80,137,0.0
80,138,80,138,0.0
80,139,80,139,0.0
80,140,80,140,0.0
80,141,80,141,0.0
80,142,80,142,0.0
80,143,80,143,0.0
80,144,80,144,0.0
80,145,80,145,0.0
80,146,80,146,0.0
80,147,80,147,0.0
80,148,80,148,0.0
80,149,80,149,0.0
80,150,80,150,0.0
80,151,80,151,0.0
80,152,80,152,0.0
80,153,80,153,0.0
80,154,80,154,0.0
80,155,80,155,0.0
80,156,80,156,0.0
80,157,80,157,0.0
80,158,80,158,0.0
80,159,80,159,0.0
80,160,80,160,0.0
80,161,80,161,0.0
80,162,80,162,0.0
80,163,80,163,0.0
80,164,80,164,0.0
80,165,80,165,0.0
80,166,80,166,0.0
80,167,80,167,0.0
80,168,80,168,0.0
80,169,80,169,0.0
80,170,80,170,0.0
80,171,80,171,0.0
80,172,80,172,0.0
80,173,80,173,0.0
80,174,80,174,0.0
80,175,80,175,0.0
80,176,80,176,0.0
80,177,80,177,0.0
80,178,80,178,0.0
80,179,80,179,0.0
80,180,80,180,0.0
80,181,80,181,0.0
80,182,80,182,0.0
80,183,80,183,0.0
80,184,80,184,0.0
80,185,80,185,0.0
80,186,80,186,0.0
80,187,80,187,0.0
80,188,80,188,0.0
80,189,80,189,0.0
80,190,80,190,0.0
80,191,80,191,0.0
80,192,80,192,0.0
80,193,80,193,0.0
80,194,80,194,0.0
80,195,80,195,0.0
80,196,80,196,0.0
80,197,80,197,0.0
80,198,80,198,0.0
80,199,80,199,0.0
80,200,80,200,0.0
80,201,80,201,0.0
80,202,80,202,0.0
80,203,80,203,0.0
80,204,80,204,0.0
80,205,80,205,0.0
80,206,80,206,0.0
80,207,80,207,0.0
80,208,80,208,0.0
80,209,80,209,0.0
80,210,80,210,0.0
80,211,80,211,0.0
80,212,80,212,0.0
80,213,80,213,0.0
80,214,80,214,0.0
80,215,80,215,0.0
80,216,80,216,0.0
80,217,80,217,0.0
80,218,80,218,0.0
80,219,80,219,0.0
80,220,80,220,0.0
80,221,80,221,0.0
80,222,80,222,0.0
80,223,80,223,0.0
80,224,80,224,0.0
80,225,80,225,0.0
80,226,80,226,0.0
80,227,80,227,0.0
80,228,80,228,0.0
80,229,80,229,0.0
80,230,80,230,0.0
80,231,80,231,0.0
80,232,80,232,0.0
80,233,80,233,0.0
80,234,80,234,0.0
80,235,80,235,0.0
80,236,80,236,0.0
80,237,80,237,0.0
80,238,80,238,0.0
80,239,80,239,0.0
80,240,80,240,0.0
80,241,80,241,0.0
80,242,80,242,0.0
80,243,80,243,0.0
80,244,80,244,0.0
80,245,80,245,0.0
80,246,80,246,0.0
80,247,80,247,0.0
80,248,80,248,0.0
80,249,80,249,0.0
80,250,80,250,0.0
80,251,80,251,0.0
80,252,80,252,0.0
80,253,80,253,0.0
80,254,80,254,0.0
80,255,80,255,0.0
80,256,80,256,0.0
80,257,80,257,0.0
80,258,80,258,0.0
80,259,80,259,0.0
80,260,80,260,0.0
80,261,80,261,0.0
80,262,80,262,0.0
80,263,80,263,0.0
80,264,80,264,0.0
80,265,80,265,0.0
80,266,80,266,0.0
80,267,80,267,0.0
80,268,80,268,0.0
80,269,80,269,0.0
80,270,80,270,0.0
80,271,80,271,0.0
80,272,80,272,0.0
80,273,80,273,0.0
80,274,80,274,0.0
80,275,80,275,0.0
80,276,80,276,0.0
80,277,80,277,0.0
80,278,80,278,0.0
80,279,80,279,0.0
80,280,80,280,0.0
80,281,80,281,0.0
80,282,80,282,0.0
80,283,80,283,0.0
80,284,80,284,0.0
80,285,80,285,0.0
80,286,80,286,0.0
80,287,80,287,0.0
80,288,80,288,0.0
80,289,80,289,0.0
80,290,80,290,0.0
80,291,80,291,0.0
80,292,80,292,0.0
80,293,80,293,0.0
80,294,80,294,0.0
80,295,80,295,0.0
80,296,80,296,0.0
80,297,80,297,0.0
80,298,80,298,0.0
81,82,81,82,0.0
81,83,81,83,0.0
81,84,81,84,0.0
81,85,81,85,0.0
81,86,81,86,0.0
81,87,81,87,0.0
81,88,81,88,0.0
81,89,81,89,0.0
81,90,81,90,0.0
81,91,81,91,0.0
81,92,81,92,0.0
81,93,81,93,0.0
81,94,81,94,0.0
81,95,81,95,0.0
81,96,81,96,0.0
81,97,81,97,0.0
81,98,81,98,0.0
81,99,81,99,0.0
81,100,81,100,0.0
81,101,81,101,0.0
81,102,81,102,0.0
81,103,81,103,0.0
81,104,81,104,0.0
81,105,81,105,0.0
81,106,81,106,0.0
81,107,81,107,0.0
81,108,81,108,0.0
81,109,81,109,0.0
81,110,81,110,0.0
81,111,81,111,0.0
81,112,81,112,0.0
81,113,81,113,0.0
81,114,81,114,0.0
81,115,81,115,0.0
81,116,81,116,0.0
81,117,81,117,0.0
81,118,81,118,0.0
81,119,81,119,0.0
81,120,81,120,0.0
81,121,81,121,0.0
81,122,81,122,0.0
81,123,81,123,0.0
81,124,81,124,0.0
81,125,81,125,0.0
81,126,81,126,0.0
81,127,81,127,0.0
81,128,81,128,0.0
81,129,81,129,0.0
81,130,81,130,0.0
81,131,81,131,0.0
81,132,81,132,0.0
81,133,81,133,0.0
81,134,81,134,0.0
81,135,81,135,0.0
81,136,81,136,0.0
81,137,81,137,0.0
81,138,81,138,0.0
81,139,81,139,0.0
81,140,81,140,0.0
81,141,81,141,0.0
81,142,81,142,0.0
81,143,81,143,0.0
81,144,81,144,0.0
81,145,81,145,0.0
81,146,81,146,0.0
81,147,81,147,0.0
81,148,81,148,0.0
81,149,81,149,0.0
81,150,81,150,0.0
81,151,81,151,0.0
81,152,81,152,0.0
81,153,81,153,0.0
81,154,81,154,0.0
81,155,81,155,0.0
81,156,81,156,0.0
81,157,81,157,0.0
81,158,81,158,0.0
81,159,81,159,0.0
81,160,81,160,0.0
81,161,81,161,0.0
81,162,81,162,0.0
81,163,81,163,0.0
81,164,81,164,0.0
81,165,81,165,0.0
81,166,81,166,0.0
81,167,81,167,0.0
81,168,81,168,0.0
81,169,81,169,0.0
81,170,81,170,0.0
81,171,81,171,0.0
81,172,81,172,0.0
81,173,81,173,0.0
81,174,81,174,0.0
81,175,81,175,0.0
81,176,81,176,0.0
81,177,81,177,0.0
81,178,81,178,0.0
81,179,81,179,0.0
81,180,81,180,0.0
81,181,81,181,0.0
81,182,81,182,0.0
81,183,81,183,0.0
81,184,81,184,0.0
81,185,81,185,0.0
81,186,81,186,0.0
81,187,81,187,0.0
81,188,81,188,0.0
81,189,81,189,0.0
81,190,81,190,0.0
81,191,81,191,0.0
81,192,81,192,0.0
81,193,81,193,0.0
81,194,81,194,0.0
81,195,81,195,0.0
81,196,81,196,0.0
81,197,81,197,0.0
81,198,81,198,0.0
81,199,81,199,0.0
81,200,81,200,0.0
81,201,81,201,0.0
81,202,81,202,0.0
81,203,81,203,0.0
81,204,81,204,0.0
81,205,81,205,0.0
81,206,81,206,0.0
81,207,81,207,0.0
81,208,81,208,0.0
81,209,81,209,0.0
81,210,81,210,0.0
81,211,81,211,0.0
81,212,81,212,0.0
81,213,81,213,0.0
81,214,81,214,0.0
81,215,81,215,0.0
81,216,81,216,0.0
81,217,81,217,0.0
81,218,81,218,0.0
81,219,81,219,0.0
81,220,81,220,0.0
81,221,81,221,0.0
81,222,81,222,0.0
81,223,81,223,0.0
81,224,81,224,0.0
81,225,81,225,0.0
81,226,81,226,0.0
81,227,81,227,0.0
81,228,81,228,0.0
81,229,81,229,0.0
81,230,81,230,0.0
81,231,81,231,0.0
81,232,81,232,0.0
81,233,81,233,0.0
81,234,81,234,0.0
81,235,81,235,0.0
81,236,81,236,0.0
81,237,81,237,0.0
81,238,81,238,0.0
81,239,81,239,0.0
81,240,81,240,0.0
81,241,81,241,0.0
81,242,81,242,0.0
81,243,81,243,0.0
81,244,81,244,0.0
81,245,81,245,0.0
81,246,81,246,0.0
81,247,81,247,0.0
81,248,81,248,0.0
81,249,81,249,0.0
81,250,81,250,0.0
81,251,81,251,0.0
81,252,81,252,0.0
81,253,81,253,0.0
81,254,81,254,0.0
81,255,81,255,0.0
81,256,81,256,0.0
81,257,81,257,0.0
81,258,81,258,0.0
81,259,81,259,0.0
81,260,81,260,0.0
81,261,81,261,0.0
81,262,81,262,0.0
81,263,81,263,0.0
81,264,81,264,0.0
81,265,81,265,0.0
81,266,81,266,0.0
81,267,81,267,0.0
81,268,81,268,0.0
81,269,81,269,0.0
81,270,81,270,0.0
81,271,81,271,0.0
81,272,81,272,0.0
81,273,81,273,0.0
81,274,81,274,0.0
81,275,81,275,0.0
81,276,81,276,0.0
81,277,81,277,0.0
81,278,81,278,0.0
81,279,81,279,0.0
81,280,81,280,0.0
81,281,81,281,0.0
81,282,81,282,0.0
81,283,81,283,0.0
81,284,81,284,0.0
81,285,81,285,0.0
81,286,81,286,0.0
81,287,81,287,0.0
81,288,81,288,0.0
81,289,81,289,0.0
81,290,81,290,0.0
81,291,81,291,0.0
81,292,81,292,0.0
81,293,81,293,0.0
81,294,81,294,0.0
81,295,81,295,0.0
81,296,81,296,0.0
81,297,81,297,0.0
81,298,81,298,0.0
82,83,82,83,0.0
82,84,82,84,0.0
82,85,82,85,0.0
82,86,82,86,0.0
82,87,82,87,0.0
82,88,82,88,0.0
82,89,82,89,0.0
82,90,82,90,0.0
82,91,82,91,0.0
82,92,82,92,0.0
82,93,82,93,0.0
82,94,82,94,0.0
82,95,82,95,0.0
82,96,82,96,0.0
82,97,82,97,0.0
82,98,82,98,0.0
82,99,82,99,0.0
82,100,82,100,0.0
82,101,82,101,0.0
82,102,82,102,0.0
82,103,82,103,0.0
82,104,82,104,0.0
82,105,82,105,0.0
82,106,82,106,0.0
82,107,82,107,0.0
82,108,82,108,0.0
82,109,82,109,0.0
82,110,82,110,0.0
82,111,82,111,0.0
82,112,82,112,0.0
82,113,82,113,0.0
82,114,82,114,0.0
82,115,82,115,0.0
82,116,82,116,0.0
82,117,82,117,0.0
82,118,82,118,0.0
82,119,82,119,0.0
82,120,82,120,0.0
82,121,82,121,0.0
82,122,82,122,0.0
82,123,82,123,0.0
82,124,82,124,0.0
82,125,82,125,0.0
82,126,82,126,0.0
82,127,82,127,0.0
82,128,82,128,0.0
82,129,82,129,0.0
82,130,82,130,0.0
82,131,82,131,0.0
82,132,82,132,0.0
82,133,82,133,0.0
82,134,82,134,0.0
82,135,82,135,0.0
82,136,82,136,0.0
82,137,82,137,0.0
82,138,82,138,0.0
82,139,82,139,0.0
82,140,82,140,0.0
82,141,82,141,0.0
82,142,82,142,0.0
82,143,82,143,0.0
82,144,82,144,0.0
82,145,82,145,0.0
82,146,82,146,0.0
82,147,82,147,0.0
82,148,82,148,0.0
82,149,82,149,0.0
82,150,82,150,0.0
82,151,82,151,0.0
82,152,82,152,0.0
82,153,82,153,0.0
82,154,82,154,0.0
82,155,82,155,0.0
82,156,82,156,0.0
82,157,82,157,0.0
82,158,82,158,0.0
82,159,82,159,0.0
82,160,82,160,0.0
82,161,82,161,0.0
82,162,82,162,0.0
82,163,82,163,0.0
82,164,82,164,0.0
82,165,82,165,0.0
82,166,82,166,0.0
82,167,82,167,0.0
82,168,82,168,0.0
82,169,82,169,0.0
82,170,82,170,0.0
82,171,82,171,0.0
82,172,82,172,0.0
82,173,82,173,0.0
82,174,82,174,0.0
82,175,82,175,0.0
82,176,82,176,0.0
82,177,82,177,0.0
82,178,82,178,0.0
82,179,82,179,0.0
82,180,82,180,0.0
82,181,82,181,0.0
82,182,82,182,0.0
82,183,82,183,0.0
82,184,82,184,0.0
82,185,82,185,0.0
82,186,82,186,0.0
82,187,82,187,0.0
82,188,82,188,0.0
82,189,82,189,0.0
82,190,82,190,0.0
82,191,82,191,0.0
82,192,82,192,0.0
82,193,82,193,0.0
82,194,82,194,0.0
82,195,82,195,0.0
82,196,82,196,0.0
82,197,82,197,0.0
82,198,82,198,0.0
82,199,82,199,0.0
82,200,82,200,0.0
82,201,82,201,0.0
82,202,82,202,0.0
82,203,82,203,0.0
82,204,82,204,0.0
82,205,82,205,0.0
82,206,82,206,0.0
82,207,82,207,0.0
82,208,82,208,0.0
82,209,82,209,0.0
82,210,82,210,0.0
82,211,82,211,0.0
82,212,82,212,0.0
82,213,82,213,0.0
82,214,82,214,0.0
82,215,82,215,0.0
82,216,82,216,0.0
82,217,82,217,0.0
82,218,82,218,0.0
82,219,82,219,0.0
82,220,82,220,0.0
82,221,82,221,0.0
82,222,82,222,0.0
82,223,82,223,0.0
82,224,82,224,0.0
82,225,82,225,0.0
82,226,82,226,0.0
82,227,82,227,0.0
82,228,82,228,0.0
82,229,82,229,0.0
82,230,82,230,0.0
82,231,82,231,0.0
82,232,82,232,0.0
82,233,82,233,0.0
82,234,82,234,0.0
82,235,82,235,0.0
82,236,82,236,0.0
82,237,82,237,0.0
82,238,82,238,0.0
82,239,82,239,0.0
82,240,82,240,0.0
82,241,82,241,0.0
82,242,82,242,0.0
82,243,82,243,0.0
82,244,82,244,0.0
82,245,82,245,0.0
82,246,82,246,0.0
82,247,82,247,0.0
82,248,82,248,0.0
82,249,82,249,0.0
82,250,82,250,0.0
82,251,82,251,0.0
82,252,82,252,0.0
82,253,82,253,0.0
82,254,82,254,0.0
82,255,82,255,0.0
82,256,82,256,0.0
82,257,82,257,0.0
82,258,82,258,0.0
82,259,82,259,0.0
82,260,82,260,0.0
82,261,82,261,0.0
82,262,82,262,0.0
82,263,82,263,0.0
82,264,82,264,0.0
82,265,82,265,0.0
82,266,82,266,0.0
82,267,82,267,0.0
82,268,82,268,0.0
82,269,82,269,0.0
82,270,82,270,0.0
82,271,82,271,0.0
82,272,82,272,0.0
82,273,82,273,0.0
82,274,82,274,0.0
82,275,82,275,0.0
82,276,82,276,0.0
82,277,82,277,0.0
82,278,82,278,0.0
82,279,82,279,0.0
82,280,82,280,0.0
82,281,82,281,0.0
82,282,82,282,0.0
82,283,82,283,0.0
82,284,82,284,0.0
82,285,82,285,0.0
82,286,82,286,0.0
82,287,82,287,0.0
82,288,82,288,0.0
82,289,82,289,0.0
82,290,82,290,0.0
82,291,82,291,0.0
82,292,82,292,0.0
82,293,82,293,0.0
82,294,82,294,0.0
82,295,82,295,0.0
82,296,82,296,0.0
82,297,82,297,0.0
82,298,82,298,0.0
83,84,83,84,0.0
83,85,83,85,0.0
83,86,83,86,0.0
83,87,83,87,0.0
83,88,83,88,0.0
83,89,83,89,0.0
83,90,83,90,0.0
83,91,83,91,0.0
83,92,83,92,0.0
83,93,83,93,0.0
83,94,83,94,0.0
83,95,83,95,0.0
83,96,83,96,0.0
83,97,83,97,0.0
83,98,83,98,0.0
83,99,83,99,0.0
83,100,83,100,0.0
83,101,83,101,0.0
83,102,83,102,0.0
83,103,83,103,0.0
83,104,83,104,0.0
83,105,83,105,0.0
83,106,83,106,0.0
83,107,83,107,0.0
83,108,83,108,0.0
83,109,83,109,0.0
83,110,83,110,0.0
83,111,83,111,0.0
83,112,83,112,0.0
83,113,83,113,0.0
83,114,83,114,0.0
83,115,83,115,0.0
83,116,83,116,0.0
83,117,83,117,0.0
83,118,83,118,0.0
83,119,83,119,0.0
83,120,83,120,0.0
83,121,83,121,0.0
83,122,83,122,0.0
83,123,83,123,0.0
83,124,83,124,0.0
83,125,83,125,0.0
83,126,83,126,0.0
83,127,83,127,0.0
83,128,83,128,0.0
83,129,83,129,0.0
83,130,83,130,0.0
83,131,83,131,0.0
83,132,83,132,0.0
83,133,83,133,0.0
83,134,83,134,0.0
83,135,83,135,0.0
83,136,83,136,0.0
83,137,83,137,0.0
83,138,83,138,0.0
83,139,83,139,0.0
83,140,83,140,0.0
83,141,83,141,0.0
83,142,83,142,0.0
83,143,83,143,0.0
83,144,83,144,0.0
83,145,83,145,0.0
83,146,83,146,0.0
83,147,83,147,0.0
83,148,83,148,0.0
83,149,83,149,0.0
83,150,83,150,0.0
83,151,83,151,0.0
83,152,83,152,0.0
83,153,83,153,0.0
83,154,83,154,0.0
83,155,83,155,0.0
83,156,83,156,0.0
83,157,83,157,0.0
83,158,83,158,0.0
83,159,83,159,0.0
83,160,83,160,0.0
83,161,83,161,0.0
83,162,83,162,0.0
83,163,83,163,0.0
83,164,83,164,0.0
83,165,83,165,0.0
83,166,83,166,0.0
83,167,83,167,0.0
83,168,83,168,0.0
83,169,83,169,0.0
83,170,83,170,0.0
83,171,83,171,0.0
83,172,83,172,0.0
83,173,83,173,0.0
83,174,83,174,0.0
83,175,83,175,0.0
83,176,83,176,0.0
83,177,83,177,0.0
83,178,83,178,0.0
83,179,83,179,0.0
83,180,83,180,0.0
83,181,83,181,0.0
83,182,83,182,0.0
83,183,83,183,0.0
83,184,83,184,0.0
83,185,83,185,0.0
83,186,83,186,0.0
83,187,83,187,0.0
83,188,83,188,0.0
83,189,83,189,0.0
83,190,83,190,0.0
83,191,83,191,0.0
83,192,83,192,0.0
83,193,83,193,0.0
83,194,83,194,0.0
83,195,83,195,0.0
83,196,83,196,0.0
83,197,83,197,0.0
83,198,83,198,0.0
83,199,83,199,0.0
83,200,83,200,0.0
83,201,83,201,0.0
83,202,83,202,0.0
83,203,83,203,0.0
83,204,83,204,0.0
83,205,83,205,0.0
83,206,83,206,0.0
83,207,83,207,0.0
83,208,83,208,0.0
83,209,83,209,0.0
83,210,83,210,0.0
83,211,83,211,0.0
83,212,83,212,0.0
83,213,83,213,0.0
83,214,83,214,0.0
83,215,83,215,0.0
83,216,83,216,0.0
83,217,83,217,0.0
83,218,83,218,0.0
83,219,83,219,0.0
83,220,83,220,0.0
83,221,83,221,0.0
83,222,83,222,0.0
83,223,83,223,0.0
83,224,83,224,0.0
83,225,83,225,0.0
83,226,83,226,0.0
83,227,83,227,0.0
83,228,83,228,0.0
83,229,83,229,0.0
83,230,83,230,0.0
83,231,83,231,0.0
83,232,83,232,0.0
83,233,83,233,0.0
83,234,83,234,0.0
83,235,83,235,0.0
83,236,83,236,0.0
83,237,83,237,0.0
83,238,83,238,0.0
83,239,83,239,0.0
83,240,83,240,0.0
83,241,83,241,0.0
83,242,83,242,0.0
83,243,83,243,0.0
83,244,83,244,0.0
83,245,83,245,0.0
83,246,83,246,0.0
83,247,83,247,0.0
83,248,83,248,0.0
83,249,83,249,0.0
83,250,83,250,0.0
83,251,83,251,0.0
83,252,83,252,0.0
83,253,83,253,0.0
83,254,83,254,0.0
83,255,83,255,0.0
83,256,83,256,0.0
83,257,83,257,0.0
83,258,83,258,0.0
83,259,83,259,0.0
83,260,83,260,0.0
83,261,83,261,0.0
83,262,83,262,0.0
83,263,83,263,0.0
83,264,83,264,0.0
83,265,83,265,0.0
83,266,83,266,0.0
83,267,83,267,0.0
83,268,83,268,0.0
83,269,83,269,0.0
83,270,83,270,0.0
83,271,83,271,0.0
83,272,83,272,0.0
83,273,83,273,0.0
83,274,83,274,0.0
83,275,83,275,0.0
83,276,83,276,0.0
83,277,83,277,0.0
83,278,83,278,0.0
83,279,83,279,0.0
83,280,83,280,0.0
83,281,83,281,0.0
83,282,83,282,0.0
83,283,83,283,0.0
83,284,83,284,0.0
83,285,83,285,0.0
83,286,83,286,0.0
83,287,83,287,0.0
83,288,83,288,0.0
83,289,83,289,0.0
83,290,83,290,0.0
83,291,83,291,0.0
83,292,83,292,0.0
83,293,83,293,0.0
83,294,83,294,0.0
83,295,83,295,0.0
83,296,83,296,0.0
83,297,83,297,0.0
83,298,83,298,0.0
84,85,84,85,0.0
84,86,84,86,0.0
84,87,84,87,0.0
84,88,84,88,0.0
84,89,84,89,0.0
84,90,84,90,0.0
84,91,84,91,0.0
84,92,84,92,0.0
84,93,84,93,0.0
84,94,84,94,0.0
84,95,84,95,0.0
84,96,84,96,0.0
84,97,84,97,0.0
84,98,84,98,0.0
84,99,84,99,0.0
84,100,84,100,0.0
84,101,84,101,0.0
84,102,84,102,0.0
84,103,84,103,0.0
84,104,84,104,0.0
84,105,84,105,0.0
84,106,84,106,0.0
84,107,84,107,0.0
84,108,84,108,0.0
84,109,84,109,0.0
84,110,84,110,0.0
84,111,84,111,0.0
84,112,84,112,0.0
84,113,84,113,0.0
84,114,84,114,0.0
84,115,84,115,0.0
84,116,84,116,0.0
84,117,84,117,0.0
84,118,84,118,0.0
84,119,84,119,0.0
84,120,84,120,0.0
84,121,84,121,0.0
84,122,84,122,0.0
84,123,84,123,0.0
84,124,84,124,0.0
84,125,84,125,0.0
84,126,84,126,0.0
84,127,84,127,0.0
84,128,84,128,0.0
84,129,84,129,0.0
84,130,84,130,0.0
84,131,84,131,0.0
84,132,84,132,0.0
84,133,84,133,0.0
84,134,84,134,0.0
84,135,84,135,0.0
84,136,84,136,0.0
84,137,84,137,0.0
84,138,84,138,0.0
84,139,84,139,0.0
84,140,84,140,0.0
84,141,84,141,0.0
84,142,84,142,0.0
84,143,84,143,0.0
84,144,84,144,0.0
84,145,84,145,0.0
84,146,84,146,0.0
84,147,84,147,0.0
84,148,84,148,0.0
84,149,84,149,0.0
84,150,84,150,0.0
84,151,84,151,0.0
84,152,84,152,0.0
84,153,84,153,0.0
84,154,84,154,0.0
84,155,84,155,0.0
84,156,84,156,0.0
84,157,84,157,0.0
84,158,84,158,0.0
84,159,84,159,0.0
84,160,84,160,0.0
84,161,84,161,0.0
84,162,84,162,0.0
84,163,84,163,0.0
84,164,84,164,0.0
84,165,84,165,0.0
84,166,84,166,0.0
84,167,84,167,0.0
84,168,84,168,0.0
84,169,84,169,0.0
84,170,84,170,0.0
84,171,84,171,0.0
84,172,84,172,0.0
84,173,84,173,0.0
84,174,84,174,0.0
84,175,84,175,0.0
84,176,84,176,0.0
84,177,84,177,0.0
84,178,84,178,0.0
84,179,84,179,0.0
84,180,84,180,0.0
84,181,84,181,0.0
84,182,84,182,0.0
84,183,84,183,0.0
84,184,84,184,0.0
84,185,84,185,0.0
84,186,84,186,0.0
84,187,84,187,0.0
84,188,84,188,0.0
84,189,84,189,0.0
84,190,84,190,0.0
84,191,84,191,0.0
84,192,84,192,0.0
84,193,84,193,0.0
84,194,84,194,0.0
84,195,84,195,0.0
84,196,84,196,0.0
84,197,84,197,0.0
84,198,84,198,0.0
84,199,84,199,0.0
84,200,84,200,0.0
84,201,84,201,0.0
84,202,84,202,0.0
84,203,84,203,0.0
84,204,84,204,0.0
84,205,84,205,0.0
84,206,84,206,0.0
84,207,84,207,0.0
84,208,84,208,0.0
84,209,84,209,0.0
84,210,84,210,0.0
84,211,84,211,0.0
84,212,84,212,0.0
84,213,84,213,0.0
84,214,84,214,0.0
84,215,84,215,0.0
84,216,84,216,0.0
84,217,84,217,0.0
84,218,84,218,0.0
84,219,84,219,0.0
84,220,84,220,0.0
84,221,84,221,0.0
84,222,84,222,0.0
84,223,84,223,0.0
84,224,84,224,0.0
84,225,84,225,0.0
84,226,84,226,0.0
84,227,84,227,0.0
84,228,84,228,0.0
84,229,84,229,0.0
84,230,84,230,0.0
84,231,84,231,0.0
84,232,84,232,0.0
84,233,84,233,0.0
84,234,84,234,0.0
84,235,84,235,0.0
84,236,84,236,0.0
84,237,84,237,0.0
84,238,84,238,0.0
84,239,84,239,0.0
84,240,84,240,0.0
84,241,84,241,0.0
84,242,84,242,0.0
84,243,84,243,0.0
84,244,84,244,0.0
84,245,84,245,0.0
84,246,84,246,0.0
84,247,84,247,0.0
84,248,84,248,0.0
84,249,84,249,0.0
84,250,84,250,0.0
84,251,84,251,0.0
84,252,84,252,0.0
84,253,84,253,0.0
84,254,84,254,0.0
84,255,84,255,0.0
84,256,84,256,0.0
84,257,84,257,0.0
84,258,84,258,0.0
84,259,84,259,0.0
84,260,84,260,0.0
84,261,84,261,0.0
84,262,84,262,0.0
84,263,84,263,0.0
84,264,84,264,0.0
84,265,84,265,0.0
84,266,84,266,0.0
84,267,84,267,0.0
84,268,84,268,0.0
84,269,84,269,0.0
84,270,84,270,0.0
84,271,84,271,0.0
84,272,84,272,0.0
84,273,84,273,0.0
84,274,84,274,0.0
84,275,84,275,0.0
84,276,84,276,0.0
84,277,84,277,0.0
84,278,84,278,0.0
84,279,84,279,0.0
84,280,84,280,0.0
84,281,84,281,0.0
84,282,84,282,0.0
84,283,84,283,0.0
84,284,84,284,0.0
84,285,84,285,0.0
84,286,84,286,0.0
84,287,84,287,0.0
84,288,84,288,0.0
84,289,84,289,0.0
84,290,84,290,0.0
84,291,84,291,0.0
84,292,84,292,0.0
84,293,84,293,0.0
84,294,84,294,0.0
84,295,84,295,0.0
84,296,84,296,0.0
84,297,84,297,0.0
84,298,84,298,0.0
85,86,85,86,0.0
85,87,85,87,0.0
85,88,85,88,0.0
85,89,85,89,0.0
85,90,85,90,0.0
85,91,85,91,0.0
85,92,85,92,0.0
85,93,85,93,0.0
85,94,85,94,0.0
85,95,85,95,0.0
85,96,85,96,0.0
85,97,85,97,0.0
85,98,85,98,0.0
85,99,85,99,0.0
85,100,85,100,0.0
85,101,85,101,0.0
85,102,85,102,0.0
85,103,85,103,0.0
85,104,85,104,0.0
85,105,85,105,0.0
85,106,85,106,0.0
85,107,85,107,0.0
85,108,85,108,0.0
85,109,85,109,0.0
85,110,85,110,0.0
85,111,85,111,0.0
85,112,85,112,0.0
85,113,85,113,0.0
85,114,85,114,0.0
85,115,85,115,0.0
85,116,85,116,0.0
85,117,85,117,0.0
85,118,85,118,0.0
85,119,85,119,0.0
85,120,85,120,0.0
85,121,85,121,0.0
85,122,85,122,0.0
85,123,85,123,0.0
85,124,85,124,0.0
85,125,85,125,0.0
85,126,85,126,0.0
85,127,85,127,0.0
85,128,85,128,0.0
85,129,85,129,0.0
85,130,85,130,0.0
85,131,85,131,0.0
85,132,85,132,0.0
85,133,85,133,0.0
85,134,85,134,0.0
85,135,85,135,0.0
85,136,85,136,0.0
85,137,85,137,0.0
85,138,85,138,0.0
85,139,85,139,0.0
85,140,85,140,0.0
85,141,85,141,0.0
85,142,85,142,0.0
85,143,85,143,0.0
85,144,85,144,0.0
85,145,85,145,0.0
85,146,85,146,0.0
85,147,85,147,0.0
85,148,85,148,0.0
85,149,85,149,0.0
85,150,85,150,0.0
85,151,85,151,0.0
85,152,85,152,0.0
85,153,85,153,0.0
85,154,85,154,0.0
85,155,85,155,0.0
85,156,85,156,0.0
85,157,85,157,0.0
85,158,85,158,0.0
85,159,85,159,0.0
85,160,85,160,0.0
85,161,85,161,0.0
85,162,85,162,0.0
85,163,85,163,0.0
85,164,85,164,0.0
85,165,85,165,0.0
85,166,85,166,0.0
85,167,85,167,0.0
85,168,85,168,0.0
85,169,85,169,0.0
85,170,85,170,0.0
85,171,85,171,0.0
85,172,85,172,0.0
85,173,85,173,0.0
85,174,85,174,0.0
85,175,85,175,0.0
85,176,85,176,0.0
85,177,85,177,0.0
85,178,85,178,0.0
85,179,85,179,0.0
85,180,85,180,0.0
85,181,85,181,0.0
85,182,85,182,0.0
85,183,85,183,0.0
85,184,85,184,0.0
85,185,85,185,0.0
85,186,85,186,0.0
85,187,85,187,0.0
85,188,85,188,0.0
85,189,85,189,0.0
85,190,85,190,0.0
85,191,85,191,0.0
85,192,85,192,0.0
85,193,85,193,0.0
85,194,85,194,0.0
85,195,85,195,0.0
85,196,85,196,0.0
85,197,85,197,0.0
85,198,85,198,0.0
85,199,85,199,0.0
85,200,85,200,0.0
85,201,85,201,0.0
85,202,85,202,0.0
85,203,85,203,0.0
85,204,85,204,0.0
85,205,85,205,0.0
85,206,85,206,0.0
85,207,85,207,0.0
85,208,85,208,0.0
85,209,85,209,0.0
85,210,85,210,0.0
85,211,85,211,0.0
85,212,85,212,0.0
85,213,85,213,0.0
85,214,85,214,0.0
85,215,85,215,0.0
85,216,85,216,0.0
85,217,85,217,0.0
85,218,85,218,0.0
85,219,85,219,0.0
85,220,85,220,0.0
85,221,85,221,0.0
85,222,85,222,0.0
85,223,85,223,0.0
85,224,85,224,0.0
85,225,85,225,0.0
85,226,85,226,0.0
85,227,85,227,0.0
85,228,85,228,0.0
85,229,85,229,0.0
85,230,85,230,0.0
85,231,85,231,0.0
85,232,85,232,0.0
85,233,85,233,0.0
85,234,85,234,0.0
85,235,85,235,0.0
85,236,85,236,0.0
85,237,85,237,0.0
85,238,85,238,0.0
85,239,85,239,0.0
85,240,85,240,0.0
85,241,85,241,0.0
85,242,85,242,0.0
85,243,85,243,0.0
85,244,85,244,0.0
85,245,85,245,0.0
85,246,85,246,0.0
85,247,85,247,0.0
85,248,85,248,0.0
85,249,85,249,0.0
85,250,85,250,0.0
85,251,85,251,0.0
85,252,85,252,0.0
85,253,85,253,0.0
85,254,85,254,0.0
85,255,85,255,0.0
85,256,85,256,0.0
85,257,85,257,0.0
85,258,85,258,0.0
85,259,85,259,0.0
85,260,85,260,0.0
85,261,85,261,0.0
85,262,85,262,0.0
85,263,85,263,0.0
85,264,85,264,0.0
85,265,85,265,0.0
85,266,85,266,0.0
85,267,85,267,0.0
85,268,85,268,0.0
85,269,85,269,0.0
85,270,85,270,0.0
85,271,85,271,0.0
85,272,85,272,0.0
85,273,85,273,0.0
85,274,85,274,0.0
85,275,85,275,0.0
85,276,85,276,0.0
85,277,85,277,0.0
85,278,85,278,0.0
85,279,85,279,0.0
85,280,85,280,0.0
85,281,85,281,0.0
85,282,85,282,0.0
85,283,85,283,0.0
85,284,85,284,0.0
85,285,85,285,0.0
85,286,85,286,0.0
85,287,85,287,0.0
85,288,85,288,0.0
85,289,85,289,0.0
85,290,85,290,0.0
85,291,85,291,0.0
85,292,85,292,0.0
85,293,85,293,0.0
85,294,85,294,0.0
85,295,85,295,0.0
85,296,85,296,0.0
85,297,85,297,0.0
85,298,85,298,0.0
86,87,86,87,0.0
86,88,86,88,0.0
86,89,86,89,0.0
86,90,86,90,0.0
86,91,86,91,0.0
86,92,86,92,0.0
86,93,86,93,0.0
86,94,86,94,0.0
86,95,86,95,0.0
86,96,86,96,0.0
86,97,86,97,0.0
86,98,86,98,0.0
86,99,86,99,0.0
86,100,86,100,0.0
86,101,86,101,0.0
86,102,86,102,0.0
86,103,86,103,0.0
86,104,86,104,0.0
86,105,86,105,0.0
86,106,86,106,0.0
86,107,86,107,0.0
86,108,86,108,0.0
86,109,86,109,0.0
86,110,86,110,0.0
86,111,86,111,0.0
86,112,86,112,0.0
86,113,86,113,0.0
86,114,86,114,0.0
86,115,86,115,0.0
86,116,86,116,0.0
86,117,86,117,0.0
86,118,86,118,0.0
86,119,86,119,0.0
86,120,86,120,0.0
86,121,86,121,0.0
86,122,86,122,0.0
86,123,86,123,0.0
86,124,86,124,0.0
86,125,86,125,0.0
86,126,86,126,0.0
86,127,86,127,0.0
86,128,86,128,0.0
86,129,86,129,0.0
86,130,86,130,0.0
86,131,86,131,0.0
86,132,86,132,0.0
86,133,86,133,0.0
86,134,86,134,0.0
86,135,86,135,0.0
86,136,86,136,0.0
86,137,86,137,0.0
86,138,86,138,0.0
86,139,86,139,0.0
86,140,86,140,0.0
86,141,86,141,0.0
86,142,86,142,0.0
86,143,86,143,0.0
86,144,86,144,0.0
86,145,86,145,0.0
86,146,86,146,0.0
86,147,86,147,0.0
86,148,86,148,0.0
86,149,86,149,0.0
86,150,86,150,0.0
86,151,86,151,0.0
86,152,86,152,0.0
86,153,86,153,0.0
86,154,86,154,0.0
86,155,86,155,0.0
86,156,86,156,0.0
86,157,86,157,0.0
86,158,86,158,0.0
86,159,86,159,0.0
86,160,86,160,0.0
86,161,86,161,0.0
86,162,86,162,0.0
86,163,86,163,0.0
86,164,86,164,0.0
86,165,86,165,0.0
86,166,86,166,0.0
86,167,86,167,0.0
86,168,86,168,0.0
86,169,86,169,0.0
86,170,86,170,0.0
86,171,86,171,0.0
86,172,86,172,0.0
86,173,86,173,0.0
86,174,86,174,0.0
86,175,86,175,0.0
86,176,86,176,0.0
86,177,86,177,0.0
86,178,86,178,0.0
86,179,86,179,0.0
86,180,86,180,0.0
86,181,86,181,0.0
86,182,86,182,0.0
86,183,86,183,0.0
86,184,86,184,0.0
86,185,86,185,0.0
86,186,86,186,0.0
86,187,86,187,0.0
86,188,86,188,0.0
86,189,86,189,0.0
86,190,86,190,0.0
86,191,86,191,0.0
86,192,86,192,0.0
86,193,86,193,0.0
86,194,86,194,0.0
86,195,86,195,0.0
86,196,86,196,0.0
86,197,86,197,0.0
86,198,86,198,0.0
86,199,86,199,0.0
86,200,86,200,0.0
86,201,86,201,0.0
86,202,86,202,0.0
86,203,86,203,0.0
86,204,86,204,0.0
86,205,86,205,0.0
86,206,86,206,0.0
86,207,86,207,0.0
86,208,86,208,0.0
86,209,86,209,0.0
86,210,86,210,0.0
86,211,86,211,0.0
86,212,86,212,0.0
86,213,86,213,0.0
86,214,86,214,0.0
86,215,86,215,0.0
86,216,86,216,0.0
86,217,86,217,0.0
86,218,86,218,0.0
86,219,86,219,0.0
86,220,86,220,0.0
86,221,86,221,0.0
86,222,86,222,0.0
86,223,86,223,0.0
86,224,86,224,0.0
86,225,86,225,0.0
86,226,86,226,0.0
86,227,86,227,0.0
86,228,86,228,0.0
86,229,86,229,0.0
86,230,86,230,0.0
86,231,86,231,0.0
86,232,86,232,0.0
86,233,86,233,0.0
86,234,86,234,0.0
86,235,86,235,0.0
86,236,86,236,0.0
86,237,86,237,0.0
86,238,86,238,0.0
86,239,86,239,0.0
86,240,86,240,0.0
86,241,86,241,0.0
86,242,86,242,0.0
86,243,86,243,0.0
86,244,86,244,0.0
86,245,86,245,0.0
86,246,86,246,0.0
86,247,86,247,0.0
86,248,86,248,0.0
86,249,86,249,0.0
86,250,86,250,0.0
86,251,86,251,0.0
86,252,86,252,0.0
86,253,86,253,0.0
86,254,86,254,0.0
86,255,86,255,0.0
86,256,86,256,0.0
86,257,86,257,0.0
86,258,86,258,0.0
86,259,86,259,0.0
86,260,86,260,0.0
86,261,86,261,0.0
86,262,86,262,0.0
86,263,86,263,0.0
86,264,86,264,0.0
86,265,86,265,0.0
86,266,86,266,0.0
86,267,86,267,0.0
86,268,86,268,0.0
86,269,86,269,0.0
86,270,86,270,0.0
86,271,86,271,0.0
86,272,86,272,0.0
86,273,86,273,0.0
86,274,86,274,0.0
86,275,86,275,0.0
86,276,86,276,0.0
86,277,86,277,0.0
86,278,86,278,0.0
86,279,86,279,0.0
86,280,86,280,0.0
86,281,86,281,0.0
86,282,86,282,0.0
86,283,86,283,0.0
86,284,86,284,0.0
86,285,86,285,0.0
86,286,86,286,0.0
86,287,86,287,0.0
86,288,86,288,0.0
86,289,86,289,0.0
86,290,86,290,0.0
86,291,86,291,0.0
86,292,86,292,0.0
86,293,86,293,0.0
86,294,86,294,0.0
86,295,86,295,0.0
86,296,86,296,0.0
86,297,86,297,0.0
86,298,86,298,0.0
87,88,87,88,0.0
87,89,87,89,0.0
87,90,87,90,0.0
87,91,87,91,0.0
87,92,87,92,0.0
87,93,87,93,0.0
87,94,87,94,0.0
87,95,87,95,0.0
87,96,87,96,0.0
87,97,87,97,0.0
87,98,87,98,0.0
87,99,87,99,0.0
87,100,87,100,0.0
87,101,87,101,0.0
87,102,87,102,0.0
87,103,87,103,0.0
87,104,87,104,0.0
87,105,87,105,0.0
87,106,87,106,0.0
87,107,87,107,0.0
87,108,87,108,0.0
87,109,87,109,0.0
87,110,87,110,0.0
87,111,87,111,0.0
87,112,87,112,0.0
87,113,87,113,0.0
87,114,87,114,0.0
87,115,87,115,0.0
87,116,87,116,0.0
87,117,87,117,0.0
87,118,87,118,0.0
87,119,87,119,0.0
87,120,87,120,0.0
87,121,87,121,0.0
87,122,87,122,0.0
87,123,87,123,0.0
87,124,87,124,0.0
87,125,87,125,0.0
87,126,87,126,0.0
87,127,87,127,0.0
87,128,87,128,0.0
87,129,87,129,0.0
87,130,87,130,0.0
87,131,87,131,0.0
87,132,87,132,0.0
87,133,87,133,0.0
87,134,87,134,0.0
87,135,87,135,0.0
87,136,87,136,0.0
87,137,87,137,0.0
87,138,87,138,0.0
87,139,87,139,0.0
87,140,87,140,0.0
87,141,87,141,0.0
87,142,87,142,0.0
87,143,87,143,0.0
87,144,87,144,0.0
87,145,87,145,0.0
87,146,87,146,0.0
87,147,87,147,0.0
87,148,87,148,0.0
87,149,87,149,0.0
87,150,87,150,0.0
87,151,87,151,0.0
87,152,87,152,0.0
87,153,87,153,0.0
87,154,87,154,0.0
87,155,87,155,0.0
87,156,87,156,0.0
87,157,87,157,0.0
87,158,87,158,0.0
87,159,87,159,0.0
87,160,87,160,0.0
87,161,87,161,0.0
87,162,87,162,0.0
87,163,87,163,0.0
87,164,87,164,0.0
87,165,87,165,0.0
87,166,87,166,0.0
87,167,87,167,0.0
87,168,87,168,0.0
87,169,87,169,0.0
87,170,87,170,0.0
87,171,87,171,0.0
87,172,87,172,0.0
87,173,87,173,0.0
87,174,87,174,0.0
87,175,87,175,0.0
87,176,87,176,0.0
87,177,87,177,0.0
87,178,87,178,0.0
87,179,87,179,0.0
87,180,87,180,0.0
87,181,87,181,0.0
87,182,87,182,0.0
87,183,87,183,0.0
87,184,87,184,0.0
87,185,87,185,0.0
87,186,87,186,0.0
87,187,87,187,0.0
87,188,87,188,0.0
87,189,87,189,0.0
87,190,87,190,0.0
87,191,87,191,0.0
87,192,87,192,0.0
87,193,87,193,0.0
87,194,87,194,0.0
87,195,87,195,0.0
87,196,87,196,0.0
87,197,87,197,0.0
87,198,87,198,0.0
87,199,87,199,0.0
87,200,87,200,0.0
87,201,87,201,0.0
87,202,87,202,0.0
87,203,87,203,0.0
87,204,87,204,0.0
87,205,87,205,0.0
87,206,87,206,0.0
87,207,87,207,0.0
87,208,87,208,0.0
87,209,87,209,0.0
87,210,87,210,0.0
87,211,87,211,0.0
87,212,87,212,0.0
87,213,87,213,0.0
87,214,87,214,0.0
87,215,87,215,0.0
87,216,87,216,0.0
87,217,87,217,0.0
87,218,87,218,0.0
87,219,87,219,0.0
87,220,87,220,0.0
87,221,87,221,0.0
87,222,87,222,0.0
87,223,87,223,0.0
87,224,87,224,0.0
87,225,87,225,0.0
87,226,87,226,0.0
87,227,87,227,0.0
87,228,87,228,0.0
87,229,87,229,0.0
87,230,87,230,0.0
87,231,87,231,0.0
87,232,87,232,0.0
87,233,87,233,0.0
87,234,87,234,0.0
87,235,87,235,0.0
87,236,87,236,0.0
87,237,87,237,0.0
87,238,87,238,0.0
87,239,87,239,0.0
87,240,87,240,0.0
87,241,87,241,0.0
87,242,87,242,0.0
87,243,87,243,0.0
87,244,87,244,0.0
87,245,87,245,0.0
87,246,87,246,0.0
87,247,87,247,0.0
87,248,87,248,0.0
87,249,87,249,0.0
87,250,87,250,0.0
87,251,87,251,0.0
87,252,87,252,0.0
87,253,87,253,0.0
87,254,87,254,0.0
87,255,87,255,0.0
87,256,87,256,0.0
87,257,87,257,0.0
87,258,87,258,0.0
87,259,87,259,0.0
87,260,87,260,0.0
87,261,87,261,0.0
87,262,87,262,0.0
87,263,87,263,0.0
87,264,87,264,0.0
87,265,87,265,0.0
87,266,87,266,0.0
87,267,87,267,0.0
87,268,87,268,0.0
87,269,87,269,0.0
87,270,87,270,0.0
87,271,87,271,0.0
87,272,87,272,0.0
87,273,87,273,0.0
87,274,87,274,0.0
87,275,87,275,0.0
87,276,87,276,0.0
87,277,87,277,0.0
87,278,87,278,0.0
87,279,87,279,0.0
87,280,87,280,0.0
87,281,87,281,0.0
87,282,87,282,0.0
87,283,87,283,0.0
87,284,87,284,0.0
87,285,87,285,0.0
87,286,87,286,0.0
87,287,87,287,0.0
87,288,87,288,0.0
87,289,87,289,0.0
87,290,87,290,0.0
87,291,87,291,0.0
87,292,87,292,0.0
87,293,87,293,0.0
87,294,87,294,0.0
87,295,87,295,0.0
87,296,87,296,0.0
87,297,87,297,0.0
87,298,87,298,0.0
88,89,88,89,0.0
88,90,88,90,0.0
88,91,88,91,0.0
88,92,88,92,0.0
88,93,88,93,0.0
88,94,88,94,0.0
88,95,88,95,0.0
88,96,88,96,0.0
88,97,88,97,0.0
88,98,88,98,0.0
88,99,88,99,0.0
88,100,88,100,0.0
88,101,88,101,0.0
88,102,88,102,0.0
88,103,88,103,0.0
88,104,88,104,0.0
88,105,88,105,0.0
88,106,88,106,0.0
88,107,88,107,0.0
88,108,88,108,0.0
88,109,88,109,0.0
88,110,88,110,0.0
88,111,88,111,0.0
88,112,88,112,0.0
88,113,88,113,0.0
88,114,88,114,0.0
88,115,88,115,0.0
88,116,88,116,0.0
88,117,88,117,0.0
88,118,88,118,0.0
88,119,88,119,0.0
88,120,88,120,0.0
88,121,88,121,0.0
88,122,88,122,0.0
88,123,88,123,0.0
88,124,88,124,0.0
88,125,88,125,0.0
88,126,88,126,0.0
88,127,88,127,0.0
88,128,88,128,0.0
88,129,88,129,0.0
88,130,88,130,0.0
88,131,88,131,0.0
88,132,88,132,0.0
88,133,88,133,0.0
88,134,88,134,0.0
88,135,88,135,0.0
88,136,88,136,0.0
88,137,88,137,0.0
88,138,88,138,0.0
88,139,88,139,0.0
88,140,88,140,0.0
88,141,88,141,0.0
88,142,88,142,0.0
88,143,88,143,0.0
88,144,88,144,0.0
88,145,88,145,0.0
88,146,88,146,0.0
88,147,88,147,0.0
88,148,88,148,0.0
88,149,88,149,0.0
88,150,88,150,0.0
88,151,88,151,0.0
88,152,88,152,0.0
88,153,88,153,0.0
88,154,88,154,0.0
88,155,88,155,0.0
88,156,88,156,0.0
88,157,88,157,0.0
88,158,88,158,0.0
88,159,88,159,0.0
88,160,88,160,0.0
88,161,88,161,0.0
88,162,88,162,0.0
88,163,88,163,0.0
88,164,88,164,0.0
88,165,88,165,0.0
88,166,88,166,0.0
88,167,88,167,0.0
88,168,88,168,0.0
88,169,88,169,0.0
88,170,88,170,0.0
88,171,88,171,0.0
88,172,88,172,0.0
88,173,88,173,0.0
88,174,88,174,0.0
88,175,88,175,0.0
88,176,88,176,0.0
88,177,88,177,0.0
88,178,88,178,0.0
88,179,88,179,0.0
88,180,88,180,0.0
88,181,88,181,0.0
88,182,88,182,0.0
88,183,88,183,0.0
88,184,88,184,0.0
88,185,88,185,0.0
88,186,88,186,0.0
88,187,88,187,0.0
88,188,88,188,0.0
88,189,88,189,0.0
88,190,88,190,0.0
88,191,88,191,0.0
88,192,88,192,0.0
88,193,88,193,0.0
88,194,88,194,0.0
88,195,88,195,0.0
88,196,88,196,0.0
88,197,88,197,0.0
88,198,88,198,0.0
88,199,88,199,0.0
88,200,88,200,0.0
88,201,88,201,0.0
88,202,88,202,0.0
88,203,88,203,0.0
88,204,88,204,0.0
88,205,88,205,0.0
88,206,88,206,0.0
88,207,88,207,0.0
88,208,88,208,0.0
88,209,88,209,0.0
88,210,88,210,0.0
88,211,88,211,0.0
88,212,88,212,0.0
88,213,88,213,0.0
88,214,88,214,0.0
88,215,88,215,0.0
88,216,88,216,0.0
88,217,88,217,0.0
88,218,88,218,0.0
88,219,88,219,0.0
88,220,88,220,0.0
88,221,88,221,0.0
88,222,88,222,0.0
88,223,88,223,0.0
88,224,88,224,0.0
88,225,88,225,0.0
88,226,88,226,0.0
88,227,88,227,0.0
88,228,88,228,0.0
88,229,88,229,0.0
88,230,88,230,0.0
88,231,88,231,0.0
88,232,88,232,0.0
88,233,88,233,0.0
88,234,88,234,0.0
88,235,88,235,0.0
88,236,88,236,0.0
88,237,88,237,0.0
88,238,88,238,0.0
88,239,88,239,0.0
88,240,88,240,0.0
88,241,88,241,0.0
88,242,88,242,0.0
88,243,88,243,0.0
88,244,88,244,0.0
88,245,88,245,0.0
88,246,88,246,0.0
88,247,88,247,0.0
88,248,88,248,0.0
88,249,88,249,0.0
88,250,88,250,0.0
88,251,88,251,0.0
88,252,88,252,0.0
88,253,88,253,0.0
88,254,88,254,0.0
88,255,88,255,0.0
88,256,88,256,0.0
88,257,88,257,0.0
88,258,88,258,0.0
88,259,88,259,0.0
88,260,88,260,0.0
88,261,88,261,0.0
88,262,88,262,0.0
88,263,88,263,0.0
88,264,88,264,0.0
88,265,88,265,0.0
88,266,88,266,0.0
88,267,88,267,0.0
88,268,88,268,0.0
88,269,88,269,0.0
88,270,88,270,0.0
88,271,88,271,0.0
88,272,88,272,0.0
88,273,88,273,0.0
88,274,88,274,0.0
88,275,88,275,0.0
88,276,88,276,0.0
88,277,88,277,0.0
88,278,88,278,0.0
88,279,88,279,0.0
88,280,88,280,0.0
88,281,88,281,0.0
88,282,88,282,0.0
88,283,88,283,0.0
88,284,88,284,0.0
88,285,88,285,0.0
88,286,88,286,0.0
88,287,88,287,0.0
88,288,88,288,0.0
88,289,88,289,0.0
88,290,88,290,0.0
88,291,88,291,0.0
88,292,88,292,0.0
88,293,88,293,0.0
88,294,88,294,0.0
88,295,88,295,0.0
88,296,88,296,0.0
88,297,88,297,0.0
88,298,88,298,0.0
89,90,89,90,0.0
89,91,89,91,0.0
89,92,89,92,0.0
89,93,89,93,0.0
89,94,89,94,0.0
89,95,89,95,0.0
89,96,89,96,0.0
89,97,89,97,0.0
89,98,89,98,0.0
89,99,89,99,0.0
89,100,89,100,0.0
89,101,89,101,0.0
89,102,89,102,0.0
89,103,89,103,0.0
89,104,89,104,0.0
89,105,89,105,0.0
89,106,89,106,0.0
89,107,89,107,0.0
89,108,89,108,0.0
89,109,89,109,0.0
89,110,89,110,0.0
89,111,89,111,0.0
89,112,89,112,0.0
89,113,89,113,0.0
89,114,89,114,0.0
89,115,89,115,0.0
89,116,89,116,0.0
89,117,89,117,0.0
89,118,89,118,0.0
89,119,89,119,0.0
89,120,89,120,0.0
89,121,89,121,0.0
89,122,89,122,0.0
89,123,89,123,0.0
89,124,89,124,0.0
89,125,89,125,0.0
89,126,89,126,0.0
89,127,89,127,0.0
89,128,89,128,0.0
89,129,89,129,0.0
89,130,89,130,0.0
89,131,89,131,0.0
89,132,89,132,0.0
89,133,89,133,0.0
89,134,89,134,0.0
89,135,89,135,0.0
89,136,89,136,0.0
89,137,89,137,0.0
89,138,89,138,0.0
89,139,89,139,0.0
89,140,89,140,0.0
89,141,89,141,0.0
89,142,89,142,0.0
89,143,89,143,0.0
89,144,89,144,0.0
89,145,89,145,0.0
89,146,89,146,0.0
89,147,89,147,0.0
89,148,89,148,0.0
89,149,89,149,0.0
89,150,89,150,0.0
89,151,89,151,0.0
89,152,89,152,0.0
89,153,89,153,0.0
89,154,89,154,0.0
89,155,89,155,0.0
89,156,89,156,0.0
89,157,89,157,0.0
89,158,89,158,0.0
89,159,89,159,0.0
89,160,89,160,0.0
89,161,89,161,0.0
89,162,89,162,0.0
89,163,89,163,0.0
89,164,89,164,0.0
89,165,89,165,0.0
89,166,89,166,0.0
89,167,89,167,0.0
89,168,89,168,0.0
89,169,89,169,0.0
89,170,89,170,0.0
89,171,89,171,0.0
89,172,89,172,0.0
89,173,89,173,0.0
89,174,89,174,0.0
89,175,89,175,0.0
89,176,89,176,0.0
89,177,89,177,0.0
89,178,89,178,0.0
89,179,89,179,0.0
89,180,89,180,0.0
89,181,89,181,0.0
89,182,89,182,0.0
89,183,89,183,0.0
89,184,89,184,0.0
89,185,89,185,0.0
89,186,89,186,0.0
89,187,89,187,0.0
89,188,89,188,0.0
89,189,89,189,0.0
89,190,89,190,0.0
89,191,89,191,0.0
89,192,89,192,0.0
89,193,89,193,0.0
89,194,89,194,0.0
89,195,89,195,0.0
89,196,89,196,0.0
89,197,89,197,0.0
89,198,89,198,0.0
89,199,89,199,0.0
89,200,89,200,0.0
89,201,89,201,0.0
89,202,89,202,0.0
89,203,89,203,0.0
89,204,89,204,0.0
89,205,89,205,0.0
89,206,89,206,0.0
89,207,89,207,0.0
89,208,89,208,0.0
89,209,89,209,0.0
89,210,89,210,0.0
89,211,89,211,0.0
89,212,89,212,0.0
89,213,89,213,0.0
89,214,89,214,0.0
89,215,89,215,0.0
89,216,89,216,0.0
89,217,89,217,0.0
89,218,89,218,0.0
89,219,89,219,0.0
89,220,89,220,0.0
89,221,89,221,0.0
89,222,89,222,0.0
89,223,89,223,0.0
89,224,89,224,0.0
89,225,89,225,0.0
89,226,89,226,0.0
89,227,89,227,0.0
89,228,89,228,0.0
89,229,89,229,0.0
89,230,89,230,0.0
89,231,89,231,0.0
89,232,89,232,0.0
89,233,89,233,0.0
89,234,89,234,0.0
89,235,89,235,0.0
89,236,89,236,0.0
89,237,89,237,0.0
89,238,89,238,0.0
89,239,89,239,0.0
89,240,89,240,0.0
89,241,89,241,0.0
89,242,89,242,0.0
89,243,89,243,0.0
89,244,89,244,0.0
89,245,89,245,0.0
89,246,89,246,0.0
89,247,89,247,0.0
89,248,89,248,0.0
89,249,89,249,0.0
89,250,89,250,0.0
89,251,89,251,0.0
89,252,89,252,0.0
89,253,89,253,0.0
89,254,89,254,0.0
89,255,89,255,0.0
89,256,89,256,0.0
89,257,89,257,0.0
89,258,89,258,0.0
89,259,89,259,0.0
89,260,89,260,0.0
89,261,89,261,0.0
89,262,89,262,0.0
89,263,89,263,0.0
89,264,89,264,0.0
89,265,89,265,0.0
89,266,89,266,0.0
89,267,89,267,0.0
89,268,89,268,0.0
89,269,89,269,0.0
89,270,89,270,0.0
89,271,89,271,0.0
89,272,89,272,0.0
89,273,89,273,0.0
89,274,89,274,0.0
89,275,89,275,0.0
89,276,89,276,0.0
89,277,89,277,0.0
89,278,89,278,0.0
89,279,89,279,0.0
89,280,89,280,0.0
89,281,89,281,0.0
89,282,89,282,0.0
89,283,89,283,0.0
89,284,89,284,0.0
89,285,89,285,0.0
89,286,89,286,0.0
89,287,89,287,0.0
89,288,89,288,0.0
89,289,89,289,0.0
89,290,89,290,0.0
89,291,89,291,0.0
89,292,89,292,0.0
89,293,89,293,0.0
89,294,89,294,0.0
89,295,89,295,0.0
89,296,89,296,0.0
89,297,89,297,0.0
89,298,89,298,0.0
90,91,90,91,0.0
90,92,90,92,0.0
90,93,90,93,0.0
90,94,90,94,0.0
90,95,90,95,0.0
90,96,90,96,0.0
90,97,90,97,0.0
90,98,90,98,0.0
90,99,90,99,0.0
90,100,90,100,0.0
90,101,90,101,0.0
90,102,90,102,0.0
90,103,90,103,0.0
90,104,90,104,0.0
90,105,90,105,0.0
90,106,90,106,0.0
90,107,90,107,0.0
90,108,90,108,0.0
90,109,90,109,0.0
90,110,90,110,0.0
90,111,90,111,0.0
90,112,90,112,0.0
90,113,90,113,0.0
90,114,90,114,0.0
90,115,90,115,0.0
90,116,90,116,0.0
90,117,90,117,0.0
90,118,90,118,0.0
90,119,90,119,0.0
90,120,90,120,0.0
90,121,90,121,0.0
90,122,90,122,0.0
90,123,90,123,0.0
90,124,90,124,0.0
90,125,90,125,0.0
90,126,90,126,0.0
90,127,90,127,0.0
90,128,90,128,0.0
90,129,90,129,0.0
90,130,90,130,0.0
90,131,90,131,0.0
90,132,90,132,0.0
90,133,90,133,0.0
90,134,90,134,0.0
90,135,90,135,0.0
90,136,90,136,0.0
90,137,90,137,0.0
90,138,90,138,0.0
90,139,90,139,0.0
90,140,90,140,0.0
90,141,90,141,0.0
90,142,90,142,0.0
90,143,90,143,0.0
90,144,90,144,0.0
90,145,90,145,0.0
90,146,90,146,0.0
90,147,90,147,0.0
90,148,90,148,0.0
90,149,90,149,0.0
90,150,90,150,0.0
90,151,90,151,0.0
90,152,90,152,0.0
90,153,90,153,0.0
90,154,90,154,0.0
90,155,90,155,0.0
90,156,90,156,0.0
90,157,90,157,0.0
90,158,90,158,0.0
90,159,90,159,0.0
90,160,90,160,0.0
90,161,90,161,0.0
90,162,90,162,0.0
90,163,90,163,0.0
90,164,90,164,0.0
90,165,90,165,0.0
90,166,90,166,0.0
90,167,90,167,0.0
90,168,90,168,0.0
90,169,90,169,0.0
90,170,90,170,0.0
90,171,90,171,0.0
90,172,90,172,0.0
90,173,90,173,0.0
90,174,90,174,0.0
90,175,90,175,0.0
90,176,90,176,0.0
90,177,90,177,0.0
90,178,90,178,0.0
90,179,90,179,0.0
90,180,90,180,0.0
90,181,90,181,0.0
90,182,90,182,0.0
90,183,90,183,0.0
90,184,90,184,0.0
90,185,90,185,0.0
90,186,90,186,0.0
90,187,90,187,0.0
90,188,90,188,0.0
90,189,90,189,0.0
90,190,90,190,0.0
90,191,90,191,0.0
90,192,90,192,0.0
90,193,90,193,0.0
90,194,90,194,0.0
90,195,90,195,0.0
90,196,90,196,0.0
90,197,90,197,0.0
90,198,90,198,0.0
90,199,90,199,0.0
90,200,90,200,0.0
90,201,90,201,0.0
90,202,90,202,0.0
90,203,90,203,0.0
90,204,90,204,0.0
90,205,90,205,0.0
90,206,90,206,0.0
90,207,90,207,0.0
90,208,90,208,0.0
90,209,90,209,0.0
90,210,90,210,0.0
90,211,90,211,0.0
90,212,90,212,0.0
90,213,90,213,0.0
90,214,90,214,0.0
90,215,90,215,0.0
90,216,90,216,0.0
90,217,90,217,0.0
90,218,90,218,0.0
90,219,90,219,0.0
90,220,90,220,0.0
90,221,90,221,0.0
90,222,90,222,0.0
90,223,90,223,0.0
90,224,90,224,0.0
90,225,90,225,0.0
90,226,90,226,0.0
90,227,90,227,0.0
90,228,90,228,0.0
90,229,90,229,0.0
90,230,90,230,0.0
90,231,90,231,0.0
90,232,90,232,0.0
90,233,90,233,0.0
90,234,90,234,0.0
90,235,90,235,0.0
90,236,90,236,0.0
90,237,90,237,0.0
90,238,90,238,0.0
90,239,90,239,0.0
90,240,90,240,0.0
90,241,90,241,0.0
90,242,90,242,0.0
90,243,90,243,0.0
90,244,90,244,0.0
90,245,90,245,0.0
90,246,90,246,0.0
90,247,90,247,0.0
90,248,90,248,0.0
90,249,90,249,0.0
90,250,90,250,0.0
90,251,90,251,0.0
90,252,90,252,0.0
90,253,90,253,0.0
90,254,90,254,0.0
90,255,90,255,0.0
90,256,90,256,0.0
90,257,90,257,0.0
90,258,90,258,0.0
90,259,90,259,0.0
90,260,90,260,0.0
90,261,90,261,0.0
90,262,90,262,0.0
90,263,90,263,0.0
90,264,90,264,0.0
90,265,90,265,0.0
90,266,90,266,0.0
90,267,90,267,0.0
90,268,90,268,0.0
90,269,90,269,0.0
90,270,90,270,0.0
90,271,90,271,0.0
90,272,90,272,0.0
90,273,90,273,0.0
90,274,90,274,0.0
90,275,90,275,0.0
90,276,90,276,0.0
90,277,90,277,0.0
90,278,90,278,0.0
90,279,90,279,0.0
90,280,90,280,0.0
90,281,90,281,0.0
90,282,90,282,0.0
90,283,90,283,0.0
90,284,90,284,0.0
90,285,90,285,0.0
90,286,90,286,0.0
90,287,90,287,0.0
90,288,90,288,0.0
90,289,90,289,0.0
90,290,90,290,0.0
90,291,90,291,0.0
90,292,90,292,0.0
90,293,90,293,0.0
90,294,90,294,0.0
90,295,90,295,0.0
90,296,90,296,0.0
90,297,90,297,0.0
90,298,90,298,0.0
91,92,91,92,0.0
91,93,91,93,0.0
91,94,91,94,0.0
91,95,91,95,0.0
91,96,91,96,0.0
91,97,91,97,0.0
91,98,91,98,0.0
91,99,91,99,0.0
91,100,91,100,0.0
91,101,91,101,0.0
91,102,91,102,0.0
91,103,91,103,0.0
91,104,91,104,0.0
91,105,91,105,0.0
91,106,91,106,0.0
91,107,91,107,0.0
91,108,91,108,0.0
91,109,91,109,0.0
91,110,91,110,0.0
91,111,91,111,0.0
91,112,91,112,0.0
91,113,91,113,0.0
91,114,91,114,0.0
91,115,91,115,0.0
91,116,91,116,0.0
91,117,91,117,0.0
91,118,91,118,0.0
91,119,91,119,0.0
91,120,91,120,0.0
91,121,91,121,0.0
91,122,91,122,0.0
91,123,91,123,0.0
91,124,91,124,0.0
91,125,91,125,0.0
91,126,91,126,0.0
91,127,91,127,0.0
91,128,91,128,0.0
91,129,91,129,0.0
91,130,91,130,0.0
91,131,91,131,0.0
91,132,91,132,0.0
91,133,91,133,0.0
91,134,91,134,0.0
91,135,91,135,0.0
91,136,91,136,0.0
91,137,91,137,0.0
91,138,91,138,0.0
91,139,91,139,0.0
91,140,91,140,0.0
91,141,91,141,0.0
91,142,91,142,0.0
91,143,91,143,0.0
91,144,91,144,0.0
91,145,91,145,0.0
91,146,91,146,0.0
91,147,91,147,0.0
91,148,91,148,0.0
91,149,91,149,0.0
91,150,91,150,0.0
91,151,91,151,0.0
91,152,91,152,0.0
91,153,91,153,0.0
91,154,91,154,0.0
91,155,91,155,0.0
91,156,91,156,0.0
91,157,91,157,0.0
91,158,91,158,0.0
91,159,91,159,0.0
91,160,91,160,0.0
91,161,91,161,0.0
91,162,91,162,0.0
91,163,91,163,0.0
91,164,91,164,0.0
91,165,91,165,0.0
91,166,91,166,0.0
91,167,91,167,0.0
91,168,91,168,0.0
91,169,91,169,0.0
91,170,91,170,0.0
91,171,91,171,0.0
91,172,91,172,0.0
91,173,91,173,0.0
91,174,91,174,0.0
91,175,91,175,0.0
91,176,91,176,0.0
91,177,91,177,0.0
91,178,91,178,0.0
91,179,91,179,0.0
91,180,91,180,0.0
91,181,91,181,0.0
91,182,91,182,0.0
91,183,91,183,0.0
91,184,91,184,0.0
91,185,91,185,0.0
91,186,91,186,0.0
91,187,91,187,0.0
91,188,91,188,0.0
91,189,91,189,0.0
91,190,91,190,0.0
91,191,91,191,0.0
91,192,91,192,0.0
91,193,91,193,0.0
91,194,91,194,0.0
91,195,91,195,0.0
91,196,91,196,0.0
91,197,91,197,0.0
91,198,91,198,0.0
91,199,91,199,0.0
91,200,91,200,0.0
91,201,91,201,0.0
91,202,91,202,0.0
91,203,91,203,0.0
91,204,91,204,0.0
91,205,91,205,0.0
91,206,91,206,0.0
91,207,91,207,0.0
91,208,91,208,0.0
91,209,91,209,0.0
91,210,91,210,0.0
91,211,91,211,0.0
91,212,91,212,0.0
91,213,91,213,0.0
91,214,91,214,0.0
91,215,91,215,0.0
91,216,91,216,0.0
91,217,91,217,0.0
91,218,91,218,0.0
91,219,91,219,0.0
91,220,91,220,0.0
91,221,91,221,0.0
91,222,91,222,0.0
91,223,91,223,0.0
91,224,91,224,0.0
91,225,91,225,0.0
91,226,91,226,0.0
91,227,91,227,0.0
91,228,91,228,0.0
91,229,91,229,0.0
91,230,91,230,0.0
91,231,91,231,0.0
91,232,91,232,0.0
91,233,91,233,0.0
91,234,91,234,0.0
91,235,91,235,0.0
91,236,91,236,0.0
91,237,91,237,0.0
91,238,91,238,0.0
91,239,91,239,0.0
91,240,91,240,0.0
91,241,91,241,0.0
91,242,91,242,0.0
91,243,91,243,0.0
91,244,91,244,0.0
91,245,91,245,0.0
91,246,91,246,0.0
91,247,91,247,0.0
91,248,91,248,0.0
91,249,91,249,0.0
91,250,91,250,0.0
91,251,91,251,0.0
91,252,91,252,0.0
91,253,91,253,0.0
91,254,91,254,0.0
91,255,91,255,0.0
91,256,91,256,0.0
91,257,91,257,0.0
91,258,91,258,0.0
91,259,91,259,0.0
91,260,91,260,0.0
91,261,91,261,0.0
91,262,91,262,0.0
91,263,91,263,0.0
91,264,91,264,0.0
91,265,91,265,0.0
91,266,91,266,0.0
91,267,91,267,0.0
91,268,91,268,0.0
91,269,91,269,0.0
91,270,91,270,0.0
91,271,91,271,0.0
91,272,91,272,0.0
91,273,91,273,0.0
91,274,91,274,0.0
91,275,91,275,0.0
91,276,91,276,0.0
91,277,91,277,0.0
91,278,91,278,0.0
91,279,91,279,0.0
91,280,91,280,0.0
91,281,91,281,0.0
91,282,91,282,0.0
91,283,91,283,0.0
91,284,91,284,0.0
91,285,91,285,0.0
91,286,91,286,0.0
91,287,91,287,0.0
91,288,91,288,0.0
91,289,91,289,0.0
91,290,91,290,0.0
91,291,91,291,0.0
91,292,91,292,0.0
91,293,91,293,0.0
91,294,91,294,0.0
91,295,91,295,0.0
91,296,91,296,0.0
91,297,91,297,0.0
91,298,91,298,0.0
92,93,92,93,0.0
92,94,92,94,0.0
92,95,92,95,0.0
92,96,92,96,0.0
92,97,92,97,0.0
92,98,92,98,0.0
92,99,92,99,0.0
92,100,92,100,0.0
92,101,92,101,0.0
92,102,92,102,0.0
92,103,92,103,0.0
92,104,92,104,0.0
92,105,92,105,0.0
92,106,92,106,0.0
92,107,92,107,0.0
92,108,92,108,0.0
92,109,92,109,0.0
92,110,92,110,0.0
92,111,92,111,0.0
92,112,92,112,0.0
92,113,92,113,0.0
92,114,92,114,0.0
92,115,92,115,0.0
92,116,92,116,0.0
92,117,92,117,0.0
92,118,92,118,0.0
92,119,92,119,0.0
92,120,92,120,0.0
92,121,92,121,0.0
92,122,92,122,0.0
92,123,92,123,0.0
92,124,92,124,0.0
92,125,92,125,0.0
92,126,92,126,0.0
92,127,92,127,0.0
92,128,92,128,0.0
92,129,92,129,0.0
92,130,92,130,0.0
92,131,92,131,0.0
92,132,92,132,0.0
92,133,92,133,0.0
92,134,92,134,0.0
92,135,92,135,0.0
92,136,92,136,0.0
92,137,92,137,0.0
92,138,92,138,0.0
92,139,92,139,0.0
92,140,92,140,0.0
92,141,92,141,0.0
92,142,92,142,0.0
92,143,92,143,0.0
92,144,92,144,0.0
92,145,92,145,0.0
92,146,92,146,0.0
92,147,92,147,0.0
92,148,92,148,0.0
92,149,92,149,0.0
92,150,92,150,0.0
92,151,92,151,0.0
92,152,92,152,0.0
92,153,92,153,0.0
92,154,92,154,0.0
92,155,92,155,0.0
92,156,92,156,0.0
92,157,92,157,0.0
92,158,92,158,0.0
92,159,92,159,0.0
92,160,92,160,0.0
92,161,92,161,0.0
92,162,92,162,0.0
92,163,92,163,0.0
92,164,92,164,0.0
92,165,92,165,0.0
92,166,92,166,0.0
92,167,92,167,0.0
92,168,92,168,0.0
92,169,92,169,0.0
92,170,92,170,0.0
92,171,92,171,0.0
92,172,92,172,0.0
92,173,92,173,0.0
92,174,92,174,0.0
92,175,92,175,0.0
92,176,92,176,0.0
92,177,92,177,0.0
92,178,92,178,0.0
92,179,92,179,0.0
92,180,92,180,0.0
92,181,92,181,0.0
92,182,92,182,0.0
92,183,92,183,0.0
92,184,92,184,0.0
92,185,92,185,0.0
92,186,92,186,0.0
92,187,92,187,0.0
92,188,92,188,0.0
92,189,92,189,0.0
92,190,92,190,0.0
92,191,92,191,0.0
92,192,92,192,0.0
92,193,92,193,0.0
92,194,92,194,0.0
92,195,92,195,0.0
92,196,92,196,0.0
92,197,92,197,0.0
92,198,92,198,0.0
92,199,92,199,0.0
92,200,92,200,0.0
92,201,92,201,0.0
92,202,92,202,0.0
92,203,92,203,0.0
92,204,92,204,0.0
92,205,92,205,0.0
92,206,92,206,0.0
92,207,92,207,0.0
92,208,92,208,0.0
92,209,92,209,0.0
92,210,92,210,0.0
92,211,92,211,0.0
92,212,92,212,0.0
92,213,92,213,0.0
92,214,92,214,0.0
92,215,92,215,0.0
92,216,92,216,0.0
92,217,92,217,0.0
92,218,92,218,0.0
92,219,92,219,0.0
92,220,92,220,0.0
92,221,92,221,0.0
92,222,92,222,0.0
92,223,92,223,0.0
92,224,92,224,0.0
92,225,92,225,0.0
92,226,92,226,0.0
92,227,92,227,0.0
92,228,92,228,0.0
92,229,92,229,0.0
92,230,92,230,0.0
92,231,92,231,0.0
92,232,92,232,0.0
92,233,92,233,0.0
92,234,92,234,0.0
92,235,92,235,0.0
92,236,92,236,0.0
92,237,92,237,0.0
92,238,92,238,0.0
92,239,92,239,0.0
92,240,92,240,0.0
92,241,92,241,0.0
92,242,92,242,0.0
92,243,92,243,0.0
92,244,92,244,0.0
92,245,92,245,0.0
92,246,92,246,0.0
92,247,92,247,0.0
92,248,92,248,0.0
92,249,92,249,0.0
92,250,92,250,0.0
92,251,92,251,0.0
92,252,92,252,0.0
92,253,92,253,0.0
92,254,92,254,0.0
92,255,92,255,0.0
92,256,92,256,0.0
92,257,92,257,0.0
92,258,92,258,0.0
92,259,92,259,0.0
92,260,92,260,0.0
92,261,92,261,0.0
92,262,92,262,0.0
92,263,92,263,0.0
92,264,92,264,0.0
92,265,92,265,0.0
92,266,92,266,0.0
92,267,92,267,0.0
92,268,92,268,0.0
92,269,92,269,0.0
92,270,92,270,0.0
92,271,92,271,0.0
92,272,92,272,0.0
92,273,92,273,0.0
92,274,92,274,0.0
92,275,92,275,0.0
92,276,92,276,0.0
92,277,92,277,0.0
92,278,92,278,0.0
92,279,92,279,0.0
92,280,92,280,0.0
92,281,92,281,0.0
92,282,92,282,0.0
92,283,92,283,0.0
92,284,92,284,0.0
92,285,92,285,0.0
92,286,92,286,0.0
92,287,92,287,0.0
92,288,92,288,0.0
92,289,92,289,0.0
92,290,92,290,0.0
92,291,92,291,0.0
92,292,92,292,0.0
92,293,92,293,0.0
92,294,92,294,0.0
92,295,92,295,0.0
92,296,92,296,0.0
92,297,92,297,0.0
92,298,92,298,0.0
93,94,93,94,0.0
93,95,93,95,0.0
93,96,93,96,0.0
93,97,93,97,0.0
93,98,93,98,0.0
93,99,93,99,0.0
93,100,93,100,0.0
93,101,93,101,0.0
93,102,93,102,0.0
93,103,93,103,0.0
93,104,93,104,0.0
93,105,93,105,0.0
93,106,93,106,0.0
93,107,93,107,0.0
93,108,93,108,0.0
93,109,93,109,0.0
93,110,93,110,0.0
93,111,93,111,0.0
93,112,93,112,0.0
93,113,93,113,0.0
93,114,93,114,0.0
93,115,93,115,0.0
93,116,93,116,0.0
93,117,93,117,0.0
93,118,93,118,0.0
93,119,93,119,0.0
93,120,93,120,0.0
93,121,93,121,0.0
93,122,93,122,0.0
93,123,93,123,0.0
93,124,93,124,0.0
93,125,93,125,0.0
93,126,93,126,0.0
93,127,93,127,0.0
93,128,93,128,0.0
93,129,93,129,0.0
93,130,93,130,0.0
93,131,93,131,0.0
93,132,93,132,0.0
93,133,93,133,0.0
93,134,93,134,0.0
93,135,93,135,0.0
93,136,93,136,0.0
93,137,93,137,0.0
93,138,93,138,0.0
93,139,93,139,0.0
93,140,93,140,0.0
93,141,93,141,0.0
93,142,93,142,0.0
93,143,93,143,0.0
93,144,93,144,0.0
93,145,93,145,0.0
93,146,93,146,0.0
93,147,93,147,0.0
93,148,93,148,0.0
93,149,93,149,0.0
93,150,93,150,0.0
93,151,93,151,0.0
93,152,93,152,0.0
93,153,93,153,0.0
93,154,93,154,0.0
93,155,93,155,0.0
93,156,93,156,0.0
93,157,93,157,0.0
93,158,93,158,0.0
93,159,93,159,0.0
93,160,93,160,0.0
93,161,93,161,0.0
93,162,93,162,0.0
93,163,93,163,0.0
93,164,93,164,0.0
93,165,93,165,0.0
93,166,93,166,0.0
93,167,93,167,0.0
93,168,93,168,0.0
93,169,93,169,0.0
93,170,93,170,0.0
93,171,93,171,0.0
93,172,93,172,0.0
93,173,93,173,0.0
93,174,93,174,0.0
93,175,93,175,0.0
93,176,93,176,0.0
93,177,93,177,0.0
93,178,93,178,0.0
93,179,93,179,0.0
93,180,93,180,0.0
93,181,93,181,0.0
93,182,93,182,0.0
93,183,93,183,0.0
93,184,93,184,0.0
93,185,93,185,0.0
93,186,93,186,0.0
93,187,93,187,0.0
93,188,93,188,0.0
93,189,93,189,0.0
93,190,93,190,0.0
93,191,93,191,0.0
93,192,93,192,0.0
93,193,93,193,0.0
93,194,93,194,0.0
93,195,93,195,0.0
93,196,93,196,0.0
93,197,93,197,0.0
93,198,93,198,0.0
93,199,93,199,0.0
93,200,93,200,0.0
93,201,93,201,0.0
93,202,93,202,0.0
93,203,93,203,0.0
93,204,93,204,0.0
93,205,93,205,0.0
93,206,93,206,0.0
93,207,93,207,0.0
93,208,93,208,0.0
93,209,93,209,0.0
93,210,93,210,0.0
93,211,93,211,0.0
93,212,93,212,0.0
93,213,93,213,0.0
93,214,93,214,0.0
93,215,93,215,0.0
93,216,93,216,0.0
93,217,93,217,0.0
93,218,93,218,0.0
93,219,93,219,0.0
93,220,93,220,0.0
93,221,93,221,0.0
93,222,93,222,0.0
93,223,93,223,0.0
93,224,93,224,0.0
93,225,93,225,0.0
93,226,93,226,0.0
93,227,93,227,0.0
93,228,93,228,0.0
93,229,93,229,0.0
93,230,93,230,0.0
93,231,93,231,0.0
93,232,93,232,0.0
93,233,93,233,0.0
93,234,93,234,0.0
93,235,93,235,0.0
93,236,93,236,0.0
93,237,93,237,0.0
93,238,93,238,0.0
93,239,93,239,0.0
93,240,93,240,0.0
93,241,93,241,0.0
93,242,93,242,0.0
93,243,93,243,0.0
93,244,93,244,0.0
93,245,93,245,0.0
93,246,93,246,0.0
93,247,93,247,0.0
93,248,93,248,0.0
93,249,93,249,0.0
93,250,93,250,0.0
93,251,93,251,0.0
93,252,93,252,0.0
93,253,93,253,0.0
93,254,93,254,0.0
93,255,93,255,0.0
93,256,93,256,0.0
93,257,93,257,0.0
93,258,93,258,0.0
93,259,93,259,0.0
93,260,93,260,0.0
93,261,93,261,0.0
93,262,93,262,0.0
93,263,93,263,0.0
93,264,93,264,0.0
93,265,93,265,0.0
93,266,93,266,0.0
93,267,93,267,0.0
93,268,93,268,0.0
93,269,93,269,0.0
93,270,93,270,0.0
93,271,93,271,0.0
93,272,93,272,0.0
93,273,93,273,0.0
93,274,93,274,0.0
93,275,93,275,0.0
93,276,93,276,0.0
93,277,93,277,0.0
93,278,93,278,0.0
93,279,93,279,0.0
93,280,93,280,0.0
93,281,93,281,0.0
93,282,93,282,0.0
93,283,93,283,0.0
93,284,93,284,0.0
93,285,93,285,0.0
93,286,93,286,0.0
93,287,93,287,0.0
93,288,93,288,0.0
93,289,93,289,0.0
93,290,93,290,0.0
93,291,93,291,0.0
93,292,93,292,0.0
93,293,93,293,0.0
93,294,93,294,0.0
93,295,93,295,0.0
93,296,93,296,0.0
93,297,93,297,0.0
93,298,93,298,0.0
94,95,94,95,0.0
94,96,94,96,0.0
94,97,94,97,0.0
94,98,94,98,0.0
94,99,94,99,0.0
94,100,94,100,0.0
94,101,94,101,0.0
94,102,94,102,0.0
94,103,94,103,0.0
94,104,94,104,0.0
94,105,94,105,0.0
94,106,94,106,0.0
94,107,94,107,0.0
94,108,94,108,0.0
94,109,94,109,0.0
94,110,94,110,0.0
94,111,94,111,0.0
94,112,94,112,0.0
94,113,94,113,0.0
94,114,94,114,0.0
94,115,94,115,0.0
94,116,94,116,0.0
94,117,94,117,0.0
94,118,94,118,0.0
94,119,94,119,0.0
94,120,94,120,0.0
94,121,94,121,0.0
94,122,94,122,0.0
94,123,94,123,0.0
94,124,94,124,0.0
94,125,94,125,0.0
94,126,94,126,0.0
94,127,94,127,0.0
94,128,94,128,0.0
94,129,94,129,0.0
94,130,94,130,0.0
94,131,94,131,0.0
94,132,94,132,0.0
94,133,94,133,0.0
94,134,94,134,0.0
94,135,94,135,0.0
94,136,94,136,0.0
94,137,94,137,0.0
94,138,94,138,0.0
94,139,94,139,0.0
94,140,94,140,0.0
94,141,94,141,0.0
94,142,94,142,0.0
94,143,94,143,0.0
94,144,94,144,0.0
94,145,94,145,0.0
94,146,94,146,0.0
94,147,94,147,0.0
94,148,94,148,0.0
94,149,94,149,0.0
94,150,94,150,0.0
94,151,94,151,0.0
94,152,94,152,0.0
94,153,94,153,0.0
94,154,94,154,0.0
94,155,94,155,0.0
94,156,94,156,0.0
94,157,94,157,0.0
94,158,94,158,0.0
94,159,94,159,0.0
94,160,94,160,0.0
94,161,94,161,0.0
94,162,94,162,0.0
94,163,94,163,0.0
94,164,94,164,0.0
94,165,94,165,0.0
94,166,94,166,0.0
94,167,94,167,0.0
94,168,94,168,0.0
94,169,94,169,0.0
94,170,94,170,0.0
94,171,94,171,0.0
94,172,94,172,0.0
94,173,94,173,0.0
94,174,94,174,0.0
94,175,94,175,0.0
94,176,94,176,0.0
94,177,94,177,0.0
94,178,94,178,0.0
94,179,94,179,0.0
94,180,94,180,0.0
94,181,94,181,0.0
94,182,94,182,0.0
94,183,94,183,0.0
94,184,94,184,0.0
94,185,94,185,0.0
94,186,94,186,0.0
94,187,94,187,0.0
94,188,94,188,0.0
94,189,94,189,0.0
94,190,94,190,0.0
94,191,94,191,0.0
94,192,94,192,0.0
94,193,94,193,0.0
94,194,94,194,0.0
94,195,94,195,0.0
94,196,94,196,0.0
94,197,94,197,0.0
94,198,94,198,0.0
94,199,94,199,0.0
94,200,94,200,0.0
94,201,94,201,0.0
94,202,94,202,0.0
94,203,94,203,0.0
94,204,94,204,0.0
94,205,94,205,0.0
94,206,94,206,0.0
94,207,94,207,0.0
94,208,94,208,0.0
94,209,94,209,0.0
94,210,94,210,0.0
94,211,94,211,0.0
94,212,94,212,0.0
94,213,94,213,0.0
94,214,94,214,0.0
94,215,94,215,0.0
94,216,94,216,0.0
94,217,94,217,0.0
94,218,94,218,0.0
94,219,94,219,0.0
94,220,94,220,0.0
94,221,94,221,0.0
94,222,94,222,0.0
94,223,94,223,0.0
94,224,94,224,0.0
94,225,94,225,0.0
94,226,94,226,0.0
94,227,94,227,0.0
94,228,94,228,0.0
94,229,94,229,0.0
94,230,94,230,0.0
94,231,94,231,0.0
94,232,94,232,0.0
94,233,94,233,0.0
94,234,94,234,0.0
94,235,94,235,0.0
94,236,94,236,0.0
94,237,94,237,0.0
94,238,94,238,0.0
94,239,94,239,0.0
94,240,94,240,0.0
94,241,94,241,0.0
94,242,94,242,0.0
94,243,94,243,0.0
94,244,94,244,0.0
94,245,94,245,0.0
94,246,94,246,0.0
94,247,94,247,0.0
94,248,94,248,0.0
94,249,94,249,0.0
94,250,94,250,0.0
94,251,94,251,0.0
94,252,94,252,0.0
94,253,94,253,0.0
94,254,94,254,0.0
94,255,94,255,0.0
94,256,94,256,0.0
94,257,94,257,0.0
94,258,94,258,0.0
94,259,94,259,0.0
94,260,94,260,0.0
94,261,94,261,0.0
94,262,94,262,0.0
94,263,94,263,0.0
94,264,94,264,0.0
94,265,94,265,0.0
94,266,94,266,0.0
94,267,94,267,0.0
94,268,94,268,0.0
94,269,94,269,0.0
94,270,94,270,0.0
94,271,94,271,0.0
94,272,94,272,0.0
94,273,94,273,0.0
94,274,94,274,0.0
94,275,94,275,0.0
94,276,94,276,0.0
94,277,94,277,0.0
94,278,94,278,0.0
94,279,94,279,0.0
94,280,94,280,0.0
94,281,94,281,0.0
94,282,94,282,0.0
94,283,94,283,0.0
94,284,94,284,0.0
94,285,94,285,0.0
94,286,94,286,0.0
94,287,94,287,0.0
94,288,94,288,0.0
94,289,94,289,0.0
94,290,94,290,0.0
94,291,94,291,0.0
94,292,94,292,0.0
94,293,94,293,0.0
94,294,94,294,0.0
94,295,94,295,0.0
94,296,94,296,0.0
94,297,94,297,0.0
94,298,94,298,0.0
95,96,95,96,0.0
95,97,95,97,0.0
95,98,95,98,0.0
95,99,95,99,0.0
95,100,95,100,0.0
95,101,95,101,0.0
95,102,95,102,0.0
95,103,95,103,0.0
95,104,95,104,0.0
95,105,95,105,0.0
95,106,95,106,0.0
95,107,95,107,0.0
95,108,95,108,0.0
95,109,95,109,0.0
95,110,95,110,0.0
95,111,95,111,0.0
95,112,95,112,0.0
95,113,95,113,0.0
95,114,95,114,0.0
95,115,95,115,0.0
95,116,95,116,0.0
95,117,95,117,0.0
95,118,95,118,0.0
95,119,95,119,0.0
95,120,95,120,0.0
95,121,95,121,0.0
95,122,95,122,0.0
95,123,95,123,0.0
95,124,95,124,0.0
95,125,95,125,0.0
95,126,95,126,0.0
95,127,95,127,0.0
95,128,95,128,0.0
95,129,95,129,0.0
95,130,95,130,0.0
95,131,95,131,0.0
95,132,95,132,0.0
95,133,95,133,0.0
95,134,95,134,0.0
95,135,95,135,0.0
95,136,95,136,0.0
95,137,95,137,0.0
95,138,95,138,0.0
95,139,95,139,0.0
95,140,95,140,0.0
95,141,95,141,0.0
95,142,95,142,0.0
95,143,95,143,0.0
95,144,95,144,0.0
95,145,95,145,0.0
95,146,95,146,0.0
95,147,95,147,0.0
95,148,95,148,0.0
95,149,95,149,0.0
95,150,95,150,0.0
95,151,95,151,0.0
95,152,95,152,0.0
95,153,95,153,0.0
95,154,95,154,0.0
95,155,95,155,0.0
95,156,95,156,0.0
95,157,95,157,0.0
95,158,95,158,0.0
95,159,95,159,0.0
95,160,95,160,0.0
95,161,95,161,0.0
95,162,95,162,0.0
95,163,95,163,0.0
95,164,95,164,0.0
95,165,95,165,0.0
95,166,95,166,0.0
95,167,95,167,0.0
95,168,95,168,0.0
95,169,95,169,0.0
95,170,95,170,0.0
95,171,95,171,0.0
95,172,95,172,0.0
95,173,95,173,0.0
95,174,95,174,0.0
95,175,95,175,0.0
95,176,95,176,0.0
95,177,95,177,0.0
95,178,95,178,0.0
95,179,95,179,0.0
95,180,95,180,0.0
95,181,95,181,0.0
95,182,95,182,0.0
95,183,95,183,0.0
95,184,95,184,0.0
95,185,95,185,0.0
95,186,95,186,0.0
95,187,95,187,0.0
95,188,95,188,0.0
95,189,95,189,0.0
95,190,95,190,0.0
95,191,95,191,0.0
95,192,95,192,0.0
95,193,95,193,0.0
95,194,95,194,0.0
95,195,95,195,0.0
95,196,95,196,0.0
95,197,95,197,0.0
95,198,95,198,0.0
95,199,95,199,0.0
95,200,95,200,0.0
95,201,95,201,0.0
95,202,95,202,0.0
95,203,95,203,0.0
95,204,95,204,0.0
95,205,95,205,0.0
95,206,95,206,0.0
95,207,95,207,0.0
95,208,95,208,0.0
95,209,95,209,0.0
95,210,95,210,0.0
95,211,95,211,0.0
95,212,95,212,0.0
95,213,95,213,0.0
95,214,95,214,0.0
95,215,95,215,0.0
95,216,95,216,0.0
95,217,95,217,0.0
95,218,95,218,0.0
95,219,95,219,0.0
95,220,95,220,0.0
95,221,95,221,0.0
95,222,95,222,0.0
95,223,95,223,0.0
95,224,95,224,0.0
95,225,95,225,0.0
95,226,95,226,0.0
95,227,95,227,0.0
95,228,95,228,0.0
95,229,95,229,0.0
95,230,95,230,0.0
95,231,95,231,0.0
95,232,95,232,0.0
95,233,95,233,0.0
95,234,95,234,0.0
95,235,95,235,0.0
95,236,95,236,0.0
95,237,95,237,0.0
95,238,95,238,0.0
95,239,95,239,0.0
95,240,95,240,0.0
95,241,95,241,0.0
95,242,95,242,0.0
95,243,95,243,0.0
95,244,95,244,0.0
95,245,95,245,0.0
95,246,95,246,0.0
95,247,95,247,0.0
95,248,95,248,0.0
95,249,95,249,0.0
95,250,95,250,0.0
95,251,95,251,0.0
95,252,95,252,0.0
95,253,95,253,0.0
95,254,95,254,0.0
95,255,95,255,0.0
95,256,95,256,0.0
95,257,95,257,0.0
95,258,95,258,0.0
95,259,95,259,0.0
95,260,95,260,0.0
95,261,95,261,0.0
95,262,95,262,0.0
95,263,95,263,0.0
95,264,95,264,0.0
95,265,95,265,0.0
95,266,95,266,0.0
95,267,95,267,0.0
95,268,95,268,0.0
95,269,95,269,0.0
95,270,95,270,0.0
95,271,95,271,0.0
95,272,95,272,0.0
95,273,95,273,0.0
95,274,95,274,0.0
95,275,95,275,0.0
95,276,95,276,0.0
95,277,95,277,0.0
95,278,95,278,0.0
95,279,95,279,0.0
95,280,95,280,0.0
95,281,95,281,0.0
95,282,95,282,0.0
95,283,95,283,0.0
95,284,95,284,0.0
95,285,95,285,0.0
95,286,95,286,0.0
95,287,95,287,0.0
95,288,95,288,0.0
95,289,95,289,0.0
95,290,95,290,0.0
95,291,95,291,0.0
95,292,95,292,0.0
95,293,95,293,0.0
95,294,95,294,0.0
95,295,95,295,0.0
95,296,95,296,0.0
95,297,95,297,0.0
95,298,95,298,0.0
96,97,96,97,0.0
96,98,96,98,0.0
96,99,96,99,0.0
96,100,96,100,0.0
96,101,96,101,0.0
96,102,96,102,0.0
96,103,96,103,0.0
96,104,96,104,0.0
96,105,96,105,0.0
96,106,96,106,0.0
96,107,96,107,0.0
96,108,96,108,0.0
96,109,96,109,0.0
96,110,96,110,0.0
96,111,96,111,0.0
96,112,96,112,0.0
96,113,96,113,0.0
96,114,96,114,0.0
96,115,96,115,0.0
96,116,96,116,0.0
96,117,96,117,0.0
96,118,96,118,0.0
96,119,96,119,0.0
96,120,96,120,0.0
96,121,96,121,0.0
96,122,96,122,0.0
96,123,96,123,0.0
96,124,96,124,0.0
96,125,96,125,0.0
96,126,96,126,0.0
96,127,96,127,0.0
96,128,96,128,0.0
96,129,96,129,0.0
96,130,96,130,0.0
96,131,96,131,0.0
96,132,96,132,0.0
96,133,96,133,0.0
96,134,96,134,0.0
96,135,96,135,0.0
96,136,96,136,0.0
96,137,96,137,0.0
96,138,96,138,0.0
96,139,96,139,0.0
96,140,96,140,0.0
96,141,96,141,0.0
96,142,96,142,0.0
96,143,96,143,0.0
96,144,96,144,0.0
96,145,96,145,0.0
96,146,96,146,0.0
96,147,96,147,0.0
96,148,96,148,0.0
96,149,96,149,0.0
96,150,96,150,0.0
96,151,96,151,0.0
96,152,96,152,0.0
96,153,96,153,0.0
96,154,96,154,0.0
96,155,96,155,0.0
96,156,96,156,0.0
96,157,96,157,0.0
96,158,96,158,0.0
96,159,96,159,0.0
96,160,96,160,0.0
96,161,96,161,0.0
96,162,96,162,0.0
96,163,96,163,0.0
96,164,96,164,0.0
96,165,96,165,0.0
96,166,96,166,0.0
96,167,96,167,0.0
96,168,96,168,0.0
96,169,96,169,0.0
96,170,96,170,0.0
96,171,96,171,0.0
96,172,96,172,0.0
96,173,96,173,0.0
96,174,96,174,0.0
96,175,96,175,0.0
96,176,96,176,0.0
96,177,96,177,0.0
96,178,96,178,0.0
96,179,96,179,0.0
96,180,96,180,0.0
96,181,96,181,0.0
96,182,96,182,0.0
96,183,96,183,0.0
96,184,96,184,0.0
96,185,96,185,0.0
96,186,96,186,0.0
96,187,96,187,0.0
96,188,96,188,0.0
96,189,96,189,0.0
96,190,96,190,0.0
96,191,96,191,0.0
96,192,96,192,0.0
96,193,96,193,0.0
96,194,96,194,0.0
96,195,96,195,0.0
96,196,96,196,0.0
96,197,96,197,0.0
96,198,96,198,0.0
96,199,96,199,0.0
96,200,96,200,0.0
96,201,96,201,0.0
96,202,96,202,0.0
96,203,96,203,0.0
96,204,96,204,0.0
96,205,96,205,0.0
96,206,96,206,0.0
96,207,96,207,0.0
96,208,96,208,0.0
96,209,96,209,0.0
96,210,96,210,0.0
96,211,96,211,0.0
96,212,96,212,0.0
96,213,96,213,0.0
96,214,96,214,0.0
96,215,96,215,0.0
96,216,96,216,0.0
96,217,96,217,0.0
96,218,96,218,0.0
96,219,96,219,0.0
96,220,96,220,0.0
96,221,96,221,0.0
96,222,96,222,0.0
96,223,96,223,0.0
96,224,96,224,0.0
96,225,96,225,0.0
96,226,96,226,0.0
96,227,96,227,0.0
96,228,96,228,0.0
96,229,96,229,0.0
96,230,96,230,0.0
96,231,96,231,0.0
96,232,96,232,0.0
96,233,96,233,0.0
96,234,96,234,0.0
96,235,96,235,0.0
96,236,96,236,0.0
96,237,96,237,0.0
96,238,96,238,0.0
96,239,96,239,0.0
96,240,96,240,0.0
96,241,96,241,0.0
96,242,96,242,0.0
96,243,96,243,0.0
96,244,96,244,0.0
96,245,96,245,0.0
96,246,96,246,0.0
96,247,96,247,0.0
96,248,96,248,0.0
96,249,96,249,0.0
96,250,96,250,0.0
96,251,96,251,0.0
96,252,96,252,0.0
96,253,96,253,0.0
96,254,96,254,0.0
96,255,96,255,0.0
96,256,96,256,0.0
96,257,96,257,0.0
96,258,96,258,0.0
96,259,96,259,0.0
96,260,96,260,0.0
96,261,96,261,0.0
96,262,96,262,0.0
96,263,96,263,0.0
96,264,96,264,0.0
96,265,96,265,0.0
96,266,96,266,0.0
96,267,96,267,0.0
96,268,96,268,0.0
96,269,96,269,0.0
96,270,96,270,0.0
96,271,96,271,0.0
96,272,96,272,0.0
96,273,96,273,0.0
96,274,96,274,0.0
96,275,96,275,0.0
96,276,96,276,0.0
96,277,96,277,0.0
96,278,96,278,0.0
96,279,96,279,0.0
96,280,96,280,0.0
96,281,96,281,0.0
96,282,96,282,0.0
96,283,96,283,0.0
96,284,96,284,0.0
96,285,96,285,0.0
96,286,96,286,0.0
96,287,96,287,0.0
96,288,96,288,0.0
96,289,96,289,0.0
96,290,96,290,0.0
96,291,96,291,0.0
96,292,96,292,0.0
96,293,96,293,0.0
96,294,96,294,0.0
96,295,96,295,0.0
96,296,96,296,0.0
96,297,96,297,0.0
96,298,96,298,0.0
97,98,97,98,0.0
97,99,97,99,0.0
97,100,97,100,0.0
97,101,97,101,0.0
97,102,97,102,0.0
97,103,97,103,0.0
97,104,97,104,0.0
97,105,97,105,0.0
97,106,97,106,0.0
97,107,97,107,0.0
97,108,97,108,0.0
97,109,97,109,0.0
97,110,97,110,0.0
97,111,97,111,0.0
97,112,97,112,0.0
97,113,97,113,0.0
97,114,97,114,0.0
97,115,97,115,0.0
97,116,97,116,0.0
97,117,97,117,0.0
97,118,97,118,0.0
97,119,97,119,0.0
97,120,97,120,0.0
97,121,97,121,0.0
97,122,97,122,0.0
97,123,97,123,0.0
97,124,97,124,0.0
97,125,97,125,0.0
97,126,97,126,0.0
97,127,97,127,0.0
97,128,97,128,0.0
97,129,97,129,0.0
97,130,97,130,0.0
97,131,97,131,0.0
97,132,97,132,0.0
97,133,97,133,0.0
97,134,97,134,0.0
97,135,97,135,0.0
97,136,97,136,0.0
97,137,97,137,0.0
97,138,97,138,0.0
97,139,97,139,0.0
97,140,97,140,0.0
97,141,97,141,0.0
97,142,97,142,0.0
97,143,97,143,0.0
97,144,97,144,0.0
97,145,97,145,0.0
97,146,97,146,0.0
97,147,97,147,0.0
97,148,97,148,0.0
97,149,97,149,0.0
97,150,97,150,0.0
97,151,97,151,0.0
97,152,97,152,0.0
97,153,97,153,0.0
97,154,97,154,0.0
97,155,97,155,0.0
97,156,97,156,0.0
97,157,97,157,0.0
97,158,97,158,0.0
97,159,97,159,0.0
97,160,97,160,0.0
97,161,97,161,0.0
97,162,97,162,0.0
97,163,97,163,0.0
97,164,97,164,0.0
97,165,97,165,0.0
97,166,97,166,0.0
97,167,97,167,0.0
97,168,97,168,0.0
97,169,97,169,0.0
97,170,97,170,0.0
97,171,97,171,0.0
97,172,97,172,0.0
97,173,97,173,0.0
97,174,97,174,0.0
97,175,97,175,0.0
97,176,97,176,0.0
97,177,97,177,0.0
97,178,97,178,0.0
97,179,97,179,0.0
97,180,97,180,0.0
97,181,97,181,0.0
97,182,97,182,0.0
97,183,97,183,0.0
97,184,97,184,0.0
97,185,97,185,0.0
97,186,97,186,0.0
97,187,97,187,0.0
97,188,97,188,0.0
97,189,97,189,0.0
97,190,97,190,0.0
97,191,97,191,0.0
97,192,97,192,0.0
97,193,97,193,0.0
97,194,97,194,0.0
97,195,97,195,0.0
97,196,97,196,0.0
97,197,97,197,0.0
97,198,97,198,0.0
97,199,97,199,0.0
97,200,97,200,0.0
97,201,97,201,0.0
97,202,97,202,0.0
97,203,97,203,0.0
97,204,97,204,0.0
97,205,97,205,0.0
97,206,97,206,0.0
97,207,97,207,0.0
97,208,97,208,0.0
97,209,97,209,0.0
97,210,97,210,0.0
97,211,97,211,0.0
97,212,97,212,0.0
97,213,97,213,0.0
97,214,97,214,0.0
97,215,97,215,0.0
97,216,97,216,0.0
97,217,97,217,0.0
97,218,97,218,0.0
97,219,97,219,0.0
97,220,97,220,0.0
97,221,97,221,0.0
97,222,97,222,0.0
97,223,97,223,0.0
97,224,97,224,0.0
97,225,97,225,0.0
97,226,97,226,0.0
97,227,97,227,0.0
97,228,97,228,0.0
97,229,97,229,0.0
97,230,97,230,0.0
97,231,97,231,0.0
97,232,97,232,0.0
97,233,97,233,0.0
97,234,97,234,0.0
97,235,97,235,0.0
97,236,97,236,0.0
97,237,97,237,0.0
97,238,97,238,0.0
97,239,97,239,0.0
97,240,97,240,0.0
97,241,97,241,0.0
97,242,97,242,0.0
97,243,97,243,0.0
97,244,97,244,0.0
97,245,97,245,0.0
97,246,97,246,0.0
97,247,97,247,0.0
97,248,97,248,0.0
97,249,97,249,0.0
97,250,97,250,0.0
97,251,97,251,0.0
97,252,97,252,0.0
97,253,97,253,0.0
97,254,97,254,0.0
97,255,97,255,0.0
97,256,97,256,0.0
97,257,97,257,0.0
97,258,97,258,0.0
97,259,97,259,0.0
97,260,97,260,0.0
97,261,97,261,0.0
97,262,97,262,0.0
97,263,97,263,0.0
97,264,97,264,0.0
97,265,97,265,0.0
97,266,97,266,0.0
97,267,97,267,0.0
97,268,97,268,0.0
97,269,97,269,0.0
97,270,97,270,0.0
97,271,97,271,0.0
97,272,97,272,0.0
97,273,97,273,0.0
97,274,97,274,0.0
97,275,97,275,0.0
97,276,97,276,0.0
97,277,97,277,0.0
97,278,97,278,0.0
97,279,97,279,0.0
97,280,97,280,0.0
97,281,97,281,0.0
97,282,97,282,0.0
97,283,97,283,0.0
97,284,97,284,0.0
97,285,97,285,0.0
97,286,97,286,0.0
97,287,97,287,0.0
97,288,97,288,0.0
97,289,97,289,0.0
97,290,97,290,0.0
97,291,97,291,0.0
97,292,97,292,0.0
97,293,97,293,0.0
97,294,97,294,0.0
97,295,97,295,0.0
97,296,97,296,0.0
97,297,97,297,0.0
97,298,97,298,0.0
98,99,98,99,0.0
98,100,98,100,0.0
98,101,98,101,0.0
98,102,98,102,0.0
98,103,98,103,0.0
98,104,98,104,0.0
98,105,98,105,0.0
98,106,98,106,0.0
98,107,98,107,0.0
98,108,98,108,0.0
98,109,98,109,0.0
98,110,98,110,0.0
98,111,98,111,0.0
98,112,98,112,0.0
98,113,98,113,0.0
98,114,98,114,0.0
98,115,98,115,0.0
98,116,98,116,0.0
98,117,98,117,0.0
98,118,98,118,0.0
98,119,98,119,0.0
98,120,98,120,0.0
98,121,98,121,0.0
98,122,98,122,0.0
98,123,98,123,0.0
98,124,98,124,0.0
98,125,98,125,0.0
98,126,98,126,0.0
98,127,98,127,0.0
98,128,98,128,0.0
98,129,98,129,0.0
98,130,98,130,0.0
98,131,98,131,0.0
98,132,98,132,0.0
98,133,98,133,0.0
98,134,98,134,0.0
98,135,98,135,0.0
98,136,98,136,0.0
98,137,98,137,0.0
98,138,98,138,0.0
98,139,98,139,0.0
98,140,98,140,0.0
98,141,98,141,0.0
98,142,98,142,0.0
98,143,98,143,0.0
98,144,98,144,0.0
98,145,98,145,0.0
98,146,98,146,0.0
98,147,98,147,0.0
98,148,98,148,0.0
98,149,98,149,0.0
98,150,98,150,0.0
98,151,98,151,0.0
98,152,98,152,0.0
98,153,98,153,0.0
98,154,98,154,0.0
98,155,98,155,0.0
98,156,98,156,0.0
98,157,98,157,0.0
98,158,98,158,0.0
98,159,98,159,0.0
98,160,98,160,0.0
98,161,98,161,0.0
98,162,98,162,0.0
98,163,98,163,0.0
98,164,98,164,0.0
98,165,98,165,0.0
98,166,98,166,0.0
98,167,98,167,0.0
98,168,98,168,0.0
98,169,98,169,0.0
98,170,98,170,0.0
98,171,98,171,0.0
98,172,98,172,0.0
98,173,98,173,0.0
98,174,98,174,0.0
98,175,98,175,0.0
98,176,98,176,0.0
98,177,98,177,0.0
98,178,98,178,0.0
98,179,98,179,0.0
98,180,98,180,0.0
98,181,98,181,0.0
98,182,98,182,0.0
98,183,98,183,0.0
98,184,98,184,0.0
98,185,98,185,0.0
98,186,98,186,0.0
98,187,98,187,0.0
98,188,98,188,0.0
98,189,98,189,0.0
98,190,98,190,0.0
98,191,98,191,0.0
98,192,98,192,0.0
98,193,98,193,0.0
98,194,98,194,0.0
98,195,98,195,0.0
98,196,98,196,0.0
98,197,98,197,0.0
98,198,98,198,0.0
98,199,98,199,0.0
98,200,98,200,0.0
98,201,98,201,0.0
98,202,98,202,0.0
98,203,98,203,0.0
98,204,98,204,0.0
98,205,98,205,0.0
98,206,98,206,0.0
98,207,98,207,0.0
98,208,98,208,0.0
98,209,98,209,0.0
98,210,98,210,0.0
98,211,98,211,0.0
98,212,98,212,0.0
98,213,98,213,0.0
98,214,98,214,0.0
98,215,98,215,0.0
98,216,98,216,0.0
98,217,98,217,0.0
98,218,98,218,0.0
98,219,98,219,0.0
98,220,98,220,0.0
98,221,98,221,0.0
98,222,98,222,0.0
98,223,98,223,0.0
98,224,98,224,0.0
98,225,98,225,0.0
98,226,98,226,0.0
98,227,98,227,0.0
98,228,98,228,0.0
98,229,98,229,0.0
98,230,98,230,0.0
98,231,98,231,0.0
98,232,98,232,0.0
98,233,98,233,0.0
98,234,98,234,0.0
98,235,98,235,0.0
98,236,98,236,0.0
98,237,98,237,0.0
98,238,98,238,0.0
98,239,98,239,0.0
98,240,98,240,0.0
98,241,98,241,0.0
98,242,98,242,0.0
98,243,98,243,0.0
98,244,98,244,0.0
98,245,98,245,0.0
98,246,98,246,0.0
98,247,98,247,0.0
98,248,98,248,0.0
98,249,98,249,0.0
98,250,98,250,0.0
98,251,98,251,0.0
98,252,98,252,0.0
98,253,98,253,0.0
98,254,98,254,0.0
98,255,98,255,0.0
98,256,98,256,0.0
98,257,98,257,0.0
98,258,98,258,0.0
98,259,98,259,0.0
98,260,98,260,0.0
98,261,98,261,0.0
98,262,98,262,0.0
98,263,98,263,0.0
98,264,98,264,0.0
98,265,98,265,0.0
98,266,98,266,0.0
98,267,98,267,0.0
98,268,98,268,0.0
98,269,98,269,0.0
98,270,98,270,0.0
98,271,98,271,0.0
98,272,98,272,0.0
98,273,98,273,0.0
98,274,98,274,0.0
98,275,98,275,0.0
98,276,98,276,0.0
98,277,98,277,0.0
98,278,98,278,0.0
98,279,98,279,0.0
98,280,98,280,0.0
98,281,98,281,0.0
98,282,98,282,0.0
98,283,98,283,0.0
98,284,98,284,0.0
98,285,98,285,0.0
98,286,98,286,0.0
98,287,98,287,0.0
98,288,98,288,0.0
98,289,98,289,0.0
98,290,98,290,0.0
98,291,98,291,0.0
98,292,98,292,0.0
98,293,98,293,0.0
98,294,98,294,0.0
98,295,98,295,0.0
98,296,98,296,0.0
98,297,98,297,0.0
98,298,98,298,0.0
99,100,99,100,0.0
99,101,99,101,0.0
99,102,99,102,0.0
99,103,99,103,0.0
99,104,99,104,0.0
99,105,99,105,0.0
99,106,99,106,0.0
99,107,99,107,0.0
99,108,99,108,0.0
99,109,99,109,0.0
99,110,99,110,0.0
99,111,99,111,0.0
99,112,99,112,0.0
99,113,99,113,0.0
99,114,99,114,0.0
99,115,99,115,0.0
99,116,99,116,0.0
99,117,99,117,0.0
99,118,99,118,0.0
99,119,99,119,0.0
99,120,99,120,0.0
99,121,99,121,0.0
99,122,99,122,0.0
99,123,99,123,0.0
99,124,99,124,0.0
99,125,99,125,0.0
99,126,99,126,0.0
99,127,99,127,0.0
99,128,99,128,0.0
99,129,99,129,0.0
99,130,99,130,0.0
99,131,99,131,0.0
99,132,99,132,0.0
99,133,99,133,0.0
99,134,99,134,0.0
99,135,99,135,0.0
99,136,99,136,0.0
99,137,99,137,0.0
99,138,99,138,0.0
99,139,99,139,0.0
99,140,99,140,0.0
99,141,99,141,0.0
99,142,99,142,0.0
99,143,99,143,0.0
99,144,99,144,0.0
99,145,99,145,0.0
99,146,99,146,0.0
99,147,99,147,0.0
99,148,99,148,0.0
99,149,99,149,0.0
99,150,99,150,0.0
99,151,99,151,0.0
99,152,99,152,0.0
99,153,99,153,0.0
99,154,99,154,0.0
99,155,99,155,0.0
99,156,99,156,0.0
99,157,99,157,0.0
99,158,99,158,0.0
99,159,99,159,0.0
99,160,99,160,0.0
99,161,99,161,0.0
99,162,99,162,0.0
99,163,99,163,0.0
99,164,99,164,0.0
99,165,99,165,0.0
99,166,99,166,0.0
99,167,99,167,0.0
99,168,99,168,0.0
99,169,99,169,0.0
99,170,99,170,0.0
99,171,99,171,0.0
99,172,99,172,0.0
99,173,99,173,0.0
99,174,99,174,0.0
99,175,99,175,0.0
99,176,99,176,0.0
99,177,99,177,0.0
99,178,99,178,0.0
99,179,99,179,0.0
99,180,99,180,0.0
99,181,99,181,0.0
99,182,99,182,0.0
99,183,99,183,0.0
99,184,99,184,0.0
99,185,99,185,0.0
99,186,99,186,0.0
99,187,99,187,0.0
99,188,99,188,0.0
99,189,99,189,0.0
99,190,99,190,0.0
99,191,99,191,0.0
99,192,99,192,0.0
99,193,99,193,0.0
99,194,99,194,0.0
99,195,99,195,0.0
99,196,99,196,0.0
99,197,99,197,0.0
99,198,99,198,0.0
99,199,99,199,0.0
99,200,99,200,0.0
99,201,99,201,0.0
99,202,99,202,0.0
99,203,99,203,0.0
99,204,99,204,0.0
99,205,99,205,0.0
99,206,99,206,0.0
99,207,99,207,0.0
99,208,99,208,0.0
99,209,99,209,0.0
99,210,99,210,0.0
99,211,99,211,0.0
99,212,99,212,0.0
99,213,99,213,0.0
99,214,99,214,0.0
99,215,99,215,0.0
99,216,99,216,0.0
99,217,99,217,0.0
99,218,99,218,0.0
99,219,99,219,0.0
99,220,99,220,0.0
99,221,99,221,0.0
99,222,99,222,0.0
99,223,99,223,0.0
99,224,99,224,0.0
99,225,99,225,0.0
99,226,99,226,0.0
99,227,99,227,0.0
99,228,99,228,0.0
99,229,99,229,0.0
99,230,99,230,0.0
99,231,99,231,0.0
99,232,99,232,0.0
99,233,99,233,0.0
99,234,99,234,0.0
99,235,99,235,0.0
99,236,99,236,0.0
99,237,99,237,0.0
99,238,99,238,0.0
99,239,99,239,0.0
99,240,99,240,0.0
99,241,99,241,0.0
99,242,99,242,0.0
99,243,99,243,0.0
99,244,99,244,0.0
99,245,99,245,0.0
99,246,99,246,0.0
99,247,99,247,0.0
99,248,99,248,0.0
99,249,99,249,0.0
99,250,99,250,0.0
99,251,99,251,0.0
99,252,99,252,0.0
99,253,99,253,0.0
99,254,99,254,0.0
99,255,99,255,0.0
99,256,99,256,0.0
99,257,99,257,0.0
99,258,99,258,0.0
99,259,99,259,0.0
99,260,99,260,0.0
99,261,99,261,0.0
99,262,99,262,0.0
99,263,99,263,0.0
99,264,99,264,0.0
99,265,99,265,0.0
99,266,99,266,0.0
99,267,99,267,0.0
99,268,99,268,0.0
99,269,99,269,0.0
99,270,99,270,0.0
99,271,99,271,0.0
99,272,99,272,0.0
99,273,99,273,0.0
99,274,99,274,0.0
99,275,99,275,0.0
99,276,99,276,0.0
99,277,99,277,0.0
99,278,99,278,0.0
99,279,99,279,0.0
99,280,99,280,0.0
99,281,99,281,0.0
99,282,99,282,0.0
99,283,99,283,0.0
99,284,99,284,0.0
99,285,99,285,0.0
99,286,99,286,0.0
99,287,99,287,0.0
99,288,99,288,0.0
99,289,99,289,0.0
99,290,99,290,0.0
99,291,99,291,0.0
99,292,99,292,0.0
99,293,99,293,0.0
99,294,99,294,0.0
99,295,99,295,0.0
99,296,99,296,0.0
99,297,99,297,0.0
99,298,99,298,0.0
100,101,100,101,0.0
100,102,100,102,0.0
100,103,100,103,0.0
100,104,100,104,0.0
100,105,100,105,0.0
100,106,100,106,0.0
100,107,100,107,0.0
100,108,100,108,0.0
100,109,100,109,0.0
100,110,100,110,0.0
100,111,100,111,0.0
100,112,100,112,0.0
100,113,100,113,0.0
100,114,100,114,0.0
100,115,100,115,0.0
100,116,100,116,0.0
100,117,100,117,0.0
100,118,100,118,0.0
100,119,100,119,0.0
100,120,100,120,0.0
100,121,100,121,0.0
100,122,100,122,0.0
100,123,100,123,0.0
100,124,100,124,0.0
100,125,100,125,0.0
100,126,100,126,0.0
100,127,100,127,0.0
100,128,100,128,0.0
100,129,100,129,0.0
100,130,100,130,0.0
100,131,100,131,0.0
100,132,100,132,0.0
100,133,100,133,0.0
100,134,100,134,0.0
100,135,100,135,0.0
100,136,100,136,0.0
100,137,100,137,0.0
100,138,100,138,0.0
100,139,100,139,0.0
100,140,100,140,0.0
100,141,100,141,0.0
100,142,100,142,0.0
100,143,100,143,0.0
100,144,100,144,0.0
100,145,100,145,0.0
100,146,100,146,0.0
100,147,100,147,0.0
100,148,100,148,0.0
100,149,100,149,0.0
100,150,100,150,0.0
100,151,100,151,0.0
100,152,100,152,0.0
100,153,100,153,0.0
100,154,100,154,0.0
100,155,100,155,0.0
100,156,100,156,0.0
100,157,100,157,0.0
100,158,100,158,0.0
100,159,100,159,0.0
100,160,100,160,0.0
100,161,100,161,0.0
100,162,100,162,0.0
100,163,100,163,0.0
100,164,100,164,0.0
100,165,100,165,0.0
100,166,100,166,0.0
100,167,100,167,0.0
100,168,100,168,0.0
100,169,100,169,0.0
100,170,100,170,0.0
100,171,100,171,0.0
100,172,100,172,0.0
100,173,100,173,0.0
100,174,100,174,0.0
100,175,100,175,0.0
100,176,100,176,0.0
100,177,100,177,0.0
100,178,100,178,0.0
100,179,100,179,0.0
100,180,100,180,0.0
100,181,100,181,0.0
100,182,100,182,0.0
100,183,100,183,0.0
100,184,100,184,0.0
100,185,100,185,0.0
100,186,100,186,0.0
100,187,100,187,0.0
100,188,100,188,0.0
100,189,100,189,0.0
100,190,100,190,0.0
100,191,100,191,0.0
100,192,100,192,0.0
100,193,100,193,0.0
100,194,100,194,0.0
100,195,100,195,0.0
100,196,100,196,0.0
100,197,100,197,0.0
100,198,100,198,0.0
100,199,100,199,0.0
100,200,100,200,0.0
100,201,100,201,0.0
100,202,100,202,0.0
100,203,100,203,0.0
100,204,100,204,0.0
100,205,100,205,0.0
100,206,100,206,0.0
100,207,100,207,0.0
100,208,100,208,0.0
100,209,100,209,0.0
100,210,100,210,0.0
100,211,100,211,0.0
100,212,100,212,0.0
100,213,100,213,0.0
100,214,100,214,0.0
100,215,100,215,0.0
100,216,100,216,0.0
100,217,100,217,0.0
100,218,100,218,0.0
100,219,100,219,0.0
100,220,100,220,0.0
100,221,100,221,0.0
100,222,100,222,0.0
100,223,100,223,0.0
100,224,100,224,0.0
100,225,100,225,0.0
100,226,100,226,0.0
100,227,100,227,0.0
100,228,100,228,0.0
100,229,100,229,0.0
100,230,100,230,0.0
100,231,100,231,0.0
100,232,100,232,0.0
100,233,100,233,0.0
100,234,100,234,0.0
100,235,100,235,0.0
100,236,100,236,0.0
100,237,100,237,0.0
100,238,100,238,0.0
100,239,100,239,0.0
100,240,100,240,0.0
100,241,100,241,0.0
100,242,100,242,0.0
100,243,100,243,0.0
100,244,100,244,0.0
100,245,100,245,0.0
100,246,100,246,0.0
100,247,100,247,0.0
100,248,100,248,0.0
100,249,100,249,0.0
100,250,100,250,0.0
100,251,100,251,0.0
100,252,100,252,0.0
100,253,100,253,0.0
100,254,100,254,0.0
100,255,100,255,0.0
100,256,100,256,0.0
100,257,100,257,0.0
100,258,100,258,0.0
100,259,100,259,0.0
100,260,100,260,0.0
100,261,100,261,0.0
100,262,100,262,0.0
100,263,100,263,0.0
100,264,100,264,0.0
100,265,100,265,0.0
100,266,100,266,0.0
100,267,100,267,0.0
100,268,100,268,0.0
100,269,100,269,0.0
100,270,100,270,0.0
100,271,100,271,0.0
100,272,100,272,0.0
100,273,100,273,0.0
100,274,100,274,0.0
100,275,100,275,0.0
100,276,100,276,0.0
100,277,100,277,0.0
100,278,100,278,0.0
100,279,100,279,0.0
100,280,100,280,0.0
100,281,100,281,0.0
100,282,100,282,0.0
100,283,100,283,0.0
100,284,100,284,0.0
100,285,100,285,0.0
100,286,100,286,0.0
100,287,100,287,0.0
100,288,100,288,0.0
100,289,100,289,0.0
100,290,100,290,0.0
100,291,100,291,0.0
100,292,100,292,0.0
100,293,100,293,0.0
100,294,100,294,0.0
100,295,100,295,0.0
100,296,100,296,0.0
100,297,100,297,0.0
100,298,100,298,0.0
101,102,101,102,0.0
101,103,101,103,0.0
101,104,101,104,0.0
101,105,101,105,0.0
101,106,101,106,0.0
101,107,101,107,0.0
101,108,101,108,0.0
101,109,101,109,0.0
101,110,101,110,0.0
101,111,101,111,0.0
101,112,101,112,0.0
101,113,101,113,0.0
101,114,101,114,0.0
101,115,101,115,0.0
101,116,101,116,0.0
101,117,101,117,0.0
101,118,101,118,0.0
101,119,101,119,0.0
101,120,101,120,0.0
101,121,101,121,0.0
101,122,101,122,0.0
101,123,101,123,0.0
101,124,101,124,0.0
101,125,101,125,0.0
101,126,101,126,0.0
101,127,101,127,0.0
101,128,101,128,0.0
101,129,101,129,0.0
101,130,101,130,0.0
101,131,101,131,0.0
101,132,101,132,0.0
101,133,101,133,0.0
101,134,101,134,0.0
101,135,101,135,0.0
101,136,101,136,0.0
101,137,101,137,0.0
101,138,101,138,0.0
101,139,101,139,0.0
101,140,101,140,0.0
101,141,101,141,0.0
101,142,101,142,0.0
101,143,101,143,0.0
101,144,101,144,0.0
101,145,101,145,0.0
101,146,101,146,0.0
101,147,101,147,0.0
101,148,101,148,0.0
101,149,101,149,0.0
101,150,101,150,0.0
101,151,101,151,0.0
101,152,101,152,0.0
101,153,101,153,0.0
101,154,101,154,0.0
101,155,101,155,0.0
101,156,101,156,0.0
101,157,101,157,0.0
101,158,101,158,0.0
101,159,101,159,0.0
101,160,101,160,0.0
101,161,101,161,0.0
101,162,101,162,0.0
101,163,101,163,0.0
101,164,101,164,0.0
101,165,101,165,0.0
101,166,101,166,0.0
101,167,101,167,0.0
101,168,101,168,0.0
101,169,101,169,0.0
101,170,101,170,0.0
101,171,101,171,0.0
101,172,101,172,0.0
101,173,101,173,0.0
101,174,101,174,0.0
101,175,101,175,0.0
101,176,101,176,0.0
101,177,101,177,0.0
101,178,101,178,0.0
101,179,101,179,0.0
101,180,101,180,0.0
101,181,101,181,0.0
101,182,101,182,0.0
101,183,101,183,0.0
101,184,101,184,0.0
101,185,101,185,0.0
101,186,101,186,0.0
101,187,101,187,0.0
101,188,101,188,0.0
101,189,101,189,0.0
101,190,101,190,0.0
101,191,101,191,0.0
101,192,101,192,0.0
101,193,101,193,0.0
101,194,101,194,0.0
101,195,101,195,0.0
101,196,101,196,0.0
101,197,101,197,0.0
101,198,101,198,0.0
101,199,101,199,0.0
101,200,101,200,0.0
101,201,101,201,0.0
101,202,101,202,0.0
101,203,101,203,0.0
101,204,101,204,0.0
101,205,101,205,0.0
101,206,101,206,0.0
101,207,101,207,0.0
101,208,101,208,0.0
101,209,101,209,0.0
101,210,101,210,0.0
101,211,101,211,0.0
101,212,101,212,0.0
101,213,101,213,0.0
101,214,101,214,0.0
101,215,101,215,0.0
101,216,101,216,0.0
101,217,101,217,0.0
101,218,101,218,0.0
101,219,101,219,0.0
101,220,101,220,0.0
101,221,101,221,0.0
101,222,101,222,0.0
101,223,101,223,0.0
101,224,101,224,0.0
101,225,101,225,0.0
101,226,101,226,0.0
101,227,101,227,0.0
101,228,101,228,0.0
101,229,101,229,0.0
101,230,101,230,0.0
101,231,101,231,0.0
101,232,101,232,0.0
101,233,101,233,0.0
101,234,101,234,0.0
101,235,101,235,0.0
101,236,101,236,0.0
101,237,101,237,0.0
101,238,101,238,0.0
101,239,101,239,0.0
101,240,101,240,0.0
101,241,101,241,0.0
101,242,101,242,0.0
101,243,101,243,0.0
101,244,101,244,0.0
101,245,101,245,0.0
101,246,101,246,0.0
101,247,101,247,0.0
101,248,101,248,0.0
101,249,101,249,0.0
101,250,101,250,0.0
101,251,101,251,0.0
101,252,101,252,0.0
101,253,101,253,0.0
101,254,101,254,0.0
101,255,101,255,0.0
101,256,101,256,0.0
101,257,101,257,0.0
101,258,101,258,0.0
101,259,101,259,0.0
101,260,101,260,0.0
101,261,101,261,0.0
101,262,101,262,0.0
101,263,101,263,0.0
101,264,101,264,0.0
101,265,101,265,0.0
101,266,101,266,0.0
101,267,101,267,0.0
101,268,101,268,0.0
101,269,101,269,0.0
101,270,101,270,0.0
101,271,101,271,0.0
101,272,101,272,0.0
101,273,101,273,0.0
101,274,101,274,0.0
101,275,101,275,0.0
101,276,101,276,0.0
101,277,101,277,0.0
101,278,101,278,0.0
101,279,101,279,0.0
101,280,101,280,0.0
101,281,101,281,0.0
101,282,101,282,0.0
101,283,101,283,0.0
101,284,101,284,0.0
101,285,101,285,0.0
101,286,101,286,0.0
101,287,101,287,0.0
101,288,101,288,0.0
101,289,101,289,0.0
101,290,101,290,0.0
101,291,101,291,0.0
101,292,101,292,0.0
101,293,101,293,0.0
101,294,101,294,0.0
101,295,101,295,0.0
101,296,101,296,0.0
101,297,101,297,0.0
101,298,101,298,0.0
102,103,102,103,0.0
102,104,102,104,0.0
102,105,102,105,0.0
102,106,102,106,0.0
102,107,102,107,0.0
102,108,102,108,0.0
102,109,102,109,0.0
102,110,102,110,0.0
102,111,102,111,0.0
102,112,102,112,0.0
102,113,102,113,0.0
102,114,102,114,0.0
102,115,102,115,0.0
102,116,102,116,0.0
102,117,102,117,0.0
102,118,102,118,0.0
102,119,102,119,0.0
102,120,102,120,0.0
102,121,102,121,0.0
102,122,102,122,0.0
102,123,102,123,0.0
102,124,102,124,0.0
102,125,102,125,0.0
102,126,102,126,0.0
102,127,102,127,0.0
102,128,102,128,0.0
102,129,102,129,0.0
102,130,102,130,0.0
102,131,102,131,0.0
102,132,102,132,0.0
102,133,102,133,0.0
102,134,102,134,0.0
102,135,102,135,0.0
102,136,102,136,0.0
102,137,102,137,0.0
102,138,102,138,0.0
102,139,102,139,0.0
102,140,102,140,0.0
102,141,102,141,0.0
102,142,102,142,0.0
102,143,102,143,0.0
102,144,102,144,0.0
102,145,102,145,0.0
102,146,102,146,0.0
102,147,102,147,0.0
102,148,102,148,0.0
102,149,102,149,0.0
102,150,102,150,0.0
102,151,102,151,0.0
102,152,102,152,0.0
102,153,102,153,0.0
102,154,102,154,0.0
102,155,102,155,0.0
102,156,102,156,0.0
102,157,102,157,0.0
102,158,102,158,0.0
102,159,102,159,0.0
102,160,102,160,0.0
102,161,102,161,0.0
102,162,102,162,0.0
102,163,102,163,0.0
102,164,102,164,0.0
102,165,102,165,0.0
102,166,102,166,0.0
102,167,102,167,0.0
102,168,102,168,0.0
102,169,102,169,0.0
102,170,102,170,0.0
102,171,102,171,0.0
102,172,102,172,0.0
102,173,102,173,0.0
102,174,102,174,0.0
102,175,102,175,0.0
102,176,102,176,0.0
102,177,102,177,0.0
102,178,102,178,0.0
102,179,102,179,0.0
102,180,102,180,0.0
102,181,102,181,0.0
102,182,102,182,0.0
102,183,102,183,0.0
102,184,102,184,0.0
102,185,102,185,0.0
102,186,102,186,0.0
102,187,102,187,0.0
102,188,102,188,0.0
102,189,102,189,0.0
102,190,102,190,0.0
102,191,102,191,0.0
102,192,102,192,0.0
102,193,102,193,0.0
102,194,102,194,0.0
102,195,102,195,0.0
102,196,102,196,0.0
102,197,102,197,0.0
102,198,102,198,0.0
102,199,102,199,0.0
102,200,102,200,0.0
102,201,102,201,0.0
102,202,102,202,0.0
102,203,102,203,0.0
102,204,102,204,0.0
102,205,102,205,0.0
102,206,102,206,0.0
102,207,102,207,0.0
102,208,102,208,0.0
102,209,102,209,0.0
102,210,102,210,0.0
102,211,102,211,0.0
102,212,102,212,0.0
102,213,102,213,0.0
102,214,102,214,0.0
102,215,102,215,0.0
102,216,102,216,0.0
102,217,102,217,0.0
102,218,102,218,0.0
102,219,102,219,0.0
102,220,102,220,0.0
102,221,102,221,0.0
102,222,102,222,0.0
102,223,102,223,0.0
102,224,102,224,0.0
102,225,102,225,0.0
102,226,102,226,0.0
102,227,102,227,0.0
102,228,102,228,0.0
102,229,102,229,0.0
102,230,102,230,0.0
102,231,102,231,0.0
102,232,102,232,0.0
102,233,102,233,0.0
102,234,102,234,0.0
102,235,102,235,0.0
102,236,102,236,0.0
102,237,102,237,0.0
102,238,102,238,0.0
102,239,102,239,0.0
102,240,102,240,0.0
102,241,102,241,0.0
102,242,102,242,0.0
102,243,102,243,0.0
102,244,102,244,0.0
102,245,102,245,0.0
102,246,102,246,0.0
102,247,102,247,0.0
102,248,102,248,0.0
102,249,102,249,0.0
102,250,102,250,0.0
102,251,102,251,0.0
102,252,102,252,0.0
102,253,102,253,0.0
102,254,102,254,0.0
102,255,102,255,0.0
102,256,102,256,0.0
102,257,102,257,0.0
102,258,102,258,0.0
102,259,102,259,0.0
102,260,102,260,0.0
102,261,102,261,0.0
102,262,102,262,0.0
102,263,102,263,0.0
102,264,102,264,0.0
102,265,102,265,0.0
102,266,102,266,0.0
102,267,102,267,0.0
102,268,102,268,0.0
102,269,102,269,0.0
102,270,102,270,0.0
102,271,102,271,0.0
102,272,102,272,0.0
102,273,102,273,0.0
102,274,102,274,0.0
102,275,102,275,0.0
102,276,102,276,0.0
102,277,102,277,0.0
102,278,102,278,0.0
102,279,102,279,0.0
102,280,102,280,0.0
102,281,102,281,0.0
102,282,102,282,0.0
102,283,102,283,0.0
102,284,102,284,0.0
102,285,102,285,0.0
102,286,102,286,0.0
102,287,102,287,0.0
102,288,102,288,0.0
102,289,102,289,0.0
102,290,102,290,0.0
102,291,102,291,0.0
102,292,102,292,0.0
102,293,102,293,0.0
102,294,102,294,0.0
102,295,102,295,0.0
102,296,102,296,0.0
102,297,102,297,0.0
102,298,102,298,0.0
103,104,103,104,0.0
103,105,103,105,0.0
103,106,103,106,0.0
103,107,103,107,0.0
103,108,103,108,0.0
103,109,103,109,0.0
103,110,103,110,0.0
103,111,103,111,0.0
103,112,103,112,0.0
103,113,103,113,0.0
103,114,103,114,0.0
103,115,103,115,0.0
103,116,103,116,0.0
103,117,103,117,0.0
103,118,103,118,0.0
103,119,103,119,0.0
103,120,103,120,0.0
103,121,103,121,0.0
103,122,103,122,0.0
103,123,103,123,0.0
103,124,103,124,0.0
103,125,103,125,0.0
103,126,103,126,0.0
103,127,103,127,0.0
103,128,103,128,0.0
103,129,103,129,0.0
103,130,103,130,0.0
103,131,103,131,0.0
103,132,103,132,0.0
103,133,103,133,0.0
103,134,103,134,0.0
103,135,103,135,0.0
103,136,103,136,0.0
103,137,103,137,0.0
103,138,103,138,0.0
103,139,103,139,0.0
103,140,103,140,0.0
103,141,103,141,0.0
103,142,103,142,0.0
103,143,103,143,0.0
103,144,103,144,0.0
103,145,103,145,0.0
103,146,103,146,0.0
103,147,103,147,0.0
103,148,103,148,0.0
103,149,103,149,0.0
103,150,103,150,0.0
103,151,103,151,0.0
103,152,103,152,0.0
103,153,103,153,0.0
103,154,103,154,0.0
103,155,103,155,0.0
103,156,103,156,0.0
103,157,103,157,0.0
103,158,103,158,0.0
103,159,103,159,0.0
103,160,103,160,0.0
103,161,103,161,0.0
103,162,103,162,0.0
103,163,103,163,0.0
103,164,103,164,0.0
103,165,103,165,0.0
103,166,103,166,0.0
103,167,103,167,0.0
103,168,103,168,0.0
103,169,103,169,0.0
103,170,103,170,0.0
103,171,103,171,0.0
103,172,103,172,0.0
103,173,103,173,0.0
103,174,103,174,0.0
103,175,103,175,0.0
103,176,103,176,0.0
103,177,103,177,0.0
103,178,103,178,0.0
103,179,103,179,0.0
103,180,103,180,0.0
103,181,103,181,0.0
103,182,103,182,0.0
103,183,103,183,0.0
103,184,103,184,0.0
103,185,103,185,0.0
103,186,103,186,0.0
103,187,103,187,0.0
103,188,103,188,0.0
103,189,103,189,0.0
103,190,103,190,0.0
103,191,103,191,0.0
103,192,103,192,0.0
103,193,103,193,0.0
103,194,103,194,0.0
103,195,103,195,0.0
103,196,103,196,0.0
103,197,103,197,0.0
103,198,103,198,0.0
103,199,103,199,0.0
103,200,103,200,0.0
103,201,103,201,0.0
103,202,103,202,0.0
103,203,103,203,0.0
103,204,103,204,0.0
103,205,103,205,0.0
103,206,103,206,0.0
103,207,103,207,0.0
103,208,103,208,0.0
103,209,103,209,0.0
103,210,103,210,0.0
103,211,103,211,0.0
103,212,103,212,0.0
103,213,103,213,0.0
103,214,103,214,0.0
103,215,103,215,0.0
103,216,103,216,0.0
103,217,103,217,0.0
103,218,103,218,0.0
103,219,103,219,0.0
103,220,103,220,0.0
103,221,103,221,0.0
103,222,103,222,0.0
103,223,103,223,0.0
103,224,103,224,0.0
103,225,103,225,0.0
103,226,103,226,0.0
103,227,103,227,0.0
103,228,103,228,0.0
103,229,103,229,0.0
103,230,103,230,0.0
103,231,103,231,0.0
103,232,103,232,0.0
103,233,103,233,0.0
103,234,103,234,0.0
103,235,103,235,0.0
103,236,103,236,0.0
103,237,103,237,0.0
103,238,103,238,0.0
103,239,103,239,0.0
103,240,103,240,0.0
103,241,103,241,0.0
103,242,103,242,0.0
103,243,103,243,0.0
103,244,103,244,0.0
103,245,103,245,0.0
103,246,103,246,0.0
103,247,103,247,0.0
103,248,103,248,0.0
103,249,103,249,0.0
103,250,103,250,0.0
103,251,103,251,0.0
103,252,103,252,0.0
103,253,103,253,0.0
103,254,103,254,0.0
103,255,103,255,0.0
103,256,103,256,0.0
103,257,103,257,0.0
103,258,103,258,0.0
103,259,103,259,0.0
103,260,103,260,0.0
103,261,103,261,0.0
103,262,103,262,0.0
103,263,103,263,0.0
103,264,103,264,0.0
103,265,103,265,0.0
103,266,103,266,0.0
103,267,103,267,0.0
103,268,103,268,0.0
103,269,103,269,0.0
103,270,103,270,0.0
103,271,103,271,0.0
103,272,103,272,0.0
103,273,103,273,0.0
103,274,103,274,0.0
103,275,103,275,0.0
103,276,103,276,0.0
103,277,103,277,0.0
103,278,103,278,0.0
103,279,103,279,0.0
103,280,103,280,0.0
103,281,103,281,0.0
103,282,103,282,0.0
103,283,103,283,0.0
103,284,103,284,0.0
103,285,103,285,0.0
103,286,103,286,0.0
103,287,103,287,0.0
103,288,103,288,0.0
103,289,103,289,0.0
103,290,103,290,0.0
103,291,103,291,0.0
103,292,103,292,0.0
103,293,103,293,0.0
103,294,103,294,0.0
103,295,103,295,0.0
103,296,103,296,0.0
103,297,103,297,0.0
103,298,103,298,0.0
104,105,104,105,0.0
104,106,104,106,0.0
104,107,104,107,0.0
104,108,104,108,0.0
104,109,104,109,0.0
104,110,104,110,0.0
104,111,104,111,0.0
104,112,104,112,0.0
104,113,104,113,0.0
104,114,104,114,0.0
104,115,104,115,0.0
104,116,104,116,0.0
104,117,104,117,0.0
104,118,104,118,0.0
104,119,104,119,0.0
104,120,104,120,0.0
104,121,104,121,0.0
104,122,104,122,0.0
104,123,104,123,0.0
104,124,104,124,0.0
104,125,104,125,0.0
104,126,104,126,0.0
104,127,104,127,0.0
104,128,104,128,0.0
104,129,104,129,0.0
104,130,104,130,0.0
104,131,104,131,0.0
104,132,104,132,0.0
104,133,104,133,0.0
104,134,104,134,0.0
104,135,104,135,0.0
104,136,104,136,0.0
104,137,104,137,0.0
104,138,104,138,0.0
104,139,104,139,0.0
104,140,104,140,0.0
104,141,104,141,0.0
104,142,104,142,0.0
104,143,104,143,0.0
104,144,104,144,0.0
104,145,104,145,0.0
104,146,104,146,0.0
104,147,104,147,0.0
104,148,104,148,0.0
104,149,104,149,0.0
104,150,104,150,0.0
104,151,104,151,0.0
104,152,104,152,0.0
104,153,104,153,0.0
104,154,104,154,0.0
104,155,104,155,0.0
104,156,104,156,0.0
104,157,104,157,0.0
104,158,104,158,0.0
104,159,104,159,0.0
104,160,104,160,0.0
104,161,104,161,0.0
104,162,104,162,0.0
104,163,104,163,0.0
104,164,104,164,0.0
104,165,104,165,0.0
104,166,104,166,0.0
104,167,104,167,0.0
104,168,104,168,0.0
104,169,104,169,0.0
104,170,104,170,0.0
104,171,104,171,0.0
104,172,104,172,0.0
104,173,104,173,0.0
104,174,104,174,0.0
104,175,104,175,0.0
104,176,104,176,0.0
104,177,104,177,0.0
104,178,104,178,0.0
104,179,104,179,0.0
104,180,104,180,0.0
104,181,104,181,0.0
104,182,104,182,0.0
104,183,104,183,0.0
104,184,104,184,0.0
104,185,104,185,0.0
104,186,104,186,0.0
104,187,104,187,0.0
104,188,104,188,0.0
104,189,104,189,0.0
104,190,104,190,0.0
104,191,104,191,0.0
104,192,104,192,0.0
104,193,104,193,0.0
104,194,104,194,0.0
104,195,104,195,0.0
104,196,104,196,0.0
104,197,104,197,0.0
104,198,104,198,0.0
104,199,104,199,0.0
104,200,104,200,0.0
104,201,104,201,0.0
104,202,104,202,0.0
104,203,104,203,0.0
104,204,104,204,0.0
104,205,104,205,0.0
104,206,104,206,0.0
104,207,104,207,0.0
104,208,104,208,0.0
104,209,104,209,0.0
104,210,104,210,0.0
104,211,104,211,0.0
104,212,104,212,0.0
104,213,104,213,0.0
104,214,104,214,0.0
104,215,104,215,0.0
104,216,104,216,0.0
104,217,104,217,0.0
104,218,104,218,0.0
104,219,104,219,0.0
104,220,104,220,0.0
104,221,104,221,0.0
104,222,104,222,0.0
104,223,104,223,0.0
104,224,104,224,0.0
104,225,104,225,0.0
104,226,104,226,0.0
104,227,104,227,0.0
104,228,104,228,0.0
104,229,104,229,0.0
104,230,104,230,0.0
104,231,104,231,0.0
104,232,104,232,0.0
104,233,104,233,0.0
104,234,104,234,0.0
104,235,104,235,0.0
104,236,104,236,0.0
104,237,104,237,0.0
104,238,104,238,0.0
104,239,104,239,0.0
104,240,104,240,0.0
104,241,104,241,0.0
104,242,104,242,0.0
104,243,104,243,0.0
104,244,104,244,0.0
104,245,104,245,0.0
104,246,104,246,0.0
104,247,104,247,0.0
104,248,104,248,0.0
104,249,104,249,0.0
104,250,104,250,0.0
104,251,104,251,0.0
104,252,104,252,0.0
104,253,104,253,0.0
104,254,104,254,0.0
104,255,104,255,0.0
104,256,104,256,0.0
104,257,104,257,0.0
104,258,104,258,0.0
104,259,104,259,0.0
104,260,104,260,0.0
104,261,104,261,0.0
104,262,104,262,0.0
104,263,104,263,0.0
104,264,104,264,0.0
104,265,104,265,0.0
104,266,104,266,0.0
104,267,104,267,0.0
104,268,104,268,0.0
104,269,104,269,0.0
104,270,104,270,0.0
104,271,104,271,0.0
104,272,104,272,0.0
104,273,104,273,0.0
104,274,104,274,0.0
104,275,104,275,0.0
104,276,104,276,0.0
104,277,104,277,0.0
104,278,104,278,0.0
104,279,104,279,0.0
104,280,104,280,0.0
104,281,104,281,0.0
104,282,104,282,0.0
104,283,104,283,0.0
104,284,104,284,0.0
104,285,104,285,0.0
104,286,104,286,0.0
104,287,104,287,0.0
104,288,104,288,0.0
104,289,104,289,0.0
104,290,104,290,0.0
104,291,104,291,0.0
104,292,104,292,0.0
104,293,104,293,0.0
104,294,104,294,0.0
104,295,104,295,0.0
104,296,104,296,0.0
104,297,104,297,0.0
104,298,104,298,0.0
105,106,105,106,0.0
105,107,105,107,0.0
105,108,105,108,0.0
105,109,105,109,0.0
105,110,105,110,0.0
105,111,105,111,0.0
105,112,105,112,0.0
105,113,105,113,0.0
105,114,105,114,0.0
105,115,105,115,0.0
105,116,105,116,0.0
105,117,105,117,0.0
105,118,105,118,0.0
105,119,105,119,0.0
105,120,105,120,0.0
105,121,105,121,0.0
105,122,105,122,0.0
105,123,105,123,0.0
105,124,105,124,0.0
105,125,105,125,0.0
105,126,105,126,0.0
105,127,105,127,0.0
105,128,105,128,0.0
105,129,105,129,0.0
105,130,105,130,0.0
105,131,105,131,0.0
105,132,105,132,0.0
105,133,105,133,0.0
105,134,105,134,0.0
105,135,105,135,0.0
105,136,105,136,0.0
105,137,105,137,0.0
105,138,105,138,0.0
105,139,105,139,0.0
105,140,105,140,0.0
105,141,105,141,0.0
105,142,105,142,0.0
105,143,105,143,0.0
105,144,105,144,0.0
105,145,105,145,0.0
105,146,105,146,0.0
105,147,105,147,0.0
105,148,105,148,0.0
105,149,105,149,0.0
105,150,105,150,0.0
105,151,105,151,0.0
105,152,105,152,0.0
105,153,105,153,0.0
105,154,105,154,0.0
105,155,105,155,0.0
105,156,105,156,0.0
105,157,105,157,0.0
105,158,105,158,0.0
105,159,105,159,0.0
105,160,105,160,0.0
105,161,105,161,0.0
105,162,105,162,0.0
105,163,105,163,0.0
105,164,105,164,0.0
105,165,105,165,0.0
105,166,105,166,0.0
105,167,105,167,0.0
105,168,105,168,0.0
105,169,105,169,0.0
105,170,105,170,0.0
105,171,105,171,0.0
105,172,105,172,0.0
105,173,105,173,0.0
105,174,105,174,0.0
105,175,105,175,0.0
105,176,105,176,0.0
105,177,105,177,0.0
105,178,105,178,0.0
105,179,105,179,0.0
105,180,105,180,0.0
105,181,105,181,0.0
105,182,105,182,0.0
105,183,105,183,0.0
105,184,105,184,0.0
105,185,105,185,0.0
105,186,105,186,0.0
105,187,105,187,0.0
105,188,105,188,0.0
105,189,105,189,0.0
105,190,105,190,0.0
105,191,105,191,0.0
105,192,105,192,0.0
105,193,105,193,0.0
105,194,105,194,0.0
105,195,105,195,0.0
105,196,105,196,0.0
105,197,105,197,0.0
105,198,105,198,0.0
105,199,105,199,0.0
105,200,105,200,0.0
105,201,105,201,0.0
105,202,105,202,0.0
105,203,105,203,0.0
105,204,105,204,0.0
105,205,105,205,0.0
105,206,105,206,0.0
105,207,105,207,0.0
105,208,105,208,0.0
105,209,105,209,0.0
105,210,105,210,0.0
105,211,105,211,0.0
105,212,105,212,0.0
105,213,105,213,0.0
105,214,105,214,0.0
105,215,105,215,0.0
105,216,105,216,0.0
105,217,105,217,0.0
105,218,105,218,0.0
105,219,105,219,0.0
105,220,105,220,0.0
105,221,105,221,0.0
105,222,105,222,0.0
105,223,105,223,0.0
105,224,105,224,0.0
105,225,105,225,0.0
105,226,105,226,0.0
105,227,105,227,0.0
105,228,105,228,0.0
105,229,105,229,0.0
105,230,105,230,0.0
105,231,105,231,0.0
105,232,105,232,0.0
105,233,105,233,0.0
105,234,105,234,0.0
105,235,105,235,0.0
105,236,105,236,0.0
105,237,105,237,0.0
105,238,105,238,0.0
105,239,105,239,0.0
105,240,105,240,0.0
105,241,105,241,0.0
105,242,105,242,0.0
105,243,105,243,0.0
105,244,105,244,0.0
105,245,105,245,0.0
105,246,105,246,0.0
105,247,105,247,0.0
105,248,105,248,0.0
105,249,105,249,0.0
105,250,105,250,0.0
105,251,105,251,0.0
105,252,105,252,0.0
105,253,105,253,0.0
105,254,105,254,0.0
105,255,105,255,0.0
105,256,105,256,0.0
105,257,105,257,0.0
105,258,105,258,0.0
105,259,105,259,0.0
105,260,105,260,0.0
105,261,105,261,0.0
105,262,105,262,0.0
105,263,105,263,0.0
105,264,105,264,0.0
105,265,105,265,0.0
105,266,105,266,0.0
105,267,105,267,0.0
105,268,105,268,0.0
105,269,105,269,0.0
105,270,105,270,0.0
105,271,105,271,0.0
105,272,105,272,0.0
105,273,105,273,0.0
105,274,105,274,0.0
105,275,105,275,0.0
105,276,105,276,0.0
105,277,105,277,0.0
105,278,105,278,0.0
105,279,105,279,0.0
105,280,105,280,0.0
105,281,105,281,0.0
105,282,105,282,0.0
105,283,105,283,0.0
105,284,105,284,0.0
105,285,105,285,0.0
105,286,105,286,0.0
105,287,105,287,0.0
105,288,105,288,0.0
105,289,105,289,0.0
105,290,105,290,0.0
105,291,105,291,0.0
105,292,105,292,0.0
105,293,105,293,0.0
105,294,105,294,0.0
105,295,105,295,0.0
105,296,105,296,0.0
105,297,105,297,0.0
105,298,105,298,0.0
106,107,106,107,0.0
106,108,106,108,0.0
106,109,106,109,0.0
106,110,106,110,0.0
106,111,106,111,0.0
106,112,106,112,0.0
106,113,106,113,0.0
106,114,106,114,0.0
106,115,106,115,0.0
106,116,106,116,0.0
106,117,106,117,0.0
106,118,106,118,0.0
106,119,106,119,0.0
106,120,106,120,0.0
106,121,106,121,0.0
106,122,106,122,0.0
106,123,106,123,0.0
106,124,106,124,0.0
106,125,106,125,0.0
106,126,106,126,0.0
106,127,106,127,0.0
106,128,106,128,0.0
106,129,106,129,0.0
106,130,106,130,0.0
106,131,106,131,0.0
106,132,106,132,0.0
106,133,106,133,0.0
106,134,106,134,0.0
106,135,106,135,0.0
106,136,106,136,0.0
106,137,106,137,0.0
106,138,106,138,0.0
106,139,106,139,0.0
106,140,106,140,0.0
106,141,106,141,0.0
106,142,106,142,0.0
106,143,106,143,0.0
106,144,106,144,0.0
106,145,106,145,0.0
106,146,106,146,0.0
106,147,106,147,0.0
106,148,106,148,0.0
106,149,106,149,0.0
106,150,106,150,0.0
106,151,106,151,0.0
106,152,106,152,0.0
106,153,106,153,0.0
106,154,106,154,0.0
106,155,106,155,0.0
106,156,106,156,0.0
106,157,106,157,0.0
106,158,106,158,0.0
106,159,106,159,0.0
106,160,106,160,0.0
106,161,106,161,0.0
106,162,106,162,0.0
106,163,106,163,0.0
106,164,106,164,0.0
106,165,106,165,0.0
106,166,106,166,0.0
106,167,106,167,0.0
106,168,106,168,0.0
106,169,106,169,0.0
106,170,106,170,0.0
106,171,106,171,0.0
106,172,106,172,0.0
106,173,106,173,0.0
106,174,106,174,0.0
106,175,106,175,0.0
106,176,106,176,0.0
106,177,106,177,0.0
106,178,106,178,0.0
106,179,106,179,0.0
106,180,106,180,0.0
106,181,106,181,0.0
106,182,106,182,0.0
106,183,106,183,0.0
106,184,106,184,0.0
106,185,106,185,0.0
106,186,106,186,0.0
106,187,106,187,0.0
106,188,106,188,0.0
106,189,106,189,0.0
106,190,106,190,0.0
106,191,106,191,0.0
106,192,106,192,0.0
106,193,106,193,0.0
106,194,106,194,0.0
106,195,106,195,0.0
106,196,106,196,0.0
106,197,106,197,0.0
106,198,106,198,0.0
106,199,106,199,0.0
106,200,106,200,0.0
106,201,106,201,0.0
106,202,106,202,0.0
106,203,106,203,0.0
106,204,106,204,0.0
106,205,106,205,0.0
106,206,106,206,0.0
106,207,106,207,0.0
106,208,106,208,0.0
106,209,106,209,0.0
106,210,106,210,0.0
106,211,106,211,0.0
106,212,106,212,0.0
106,213,106,213,0.0
106,214,106,214,0.0
106,215,106,215,0.0
106,216,106,216,0.0
106,217,106,217,0.0
106,218,106,218,0.0
106,219,106,219,0.0
106,220,106,220,0.0
106,221,106,221,0.0
106,222,106,222,0.0
106,223,106,223,0.0
106,224,106,224,0.0
106,225,106,225,0.0
106,226,106,226,0.0
106,227,106,227,0.0
106,228,106,228,0.0
106,229,106,229,0.0
106,230,106,230,0.0
106,231,106,231,0.0
106,232,106,232,0.0
106,233,106,233,0.0
106,234,106,234,0.0
106,235,106,235,0.0
106,236,106,236,0.0
106,237,106,237,0.0
106,238,106,238,0.0
106,239,106,239,0.0
106,240,106,240,0.0
106,241,106,241,0.0
106,242,106,242,0.0
106,243,106,243,0.0
106,244,106,244,0.0
106,245,106,245,0.0
106,246,106,246,0.0
106,247,106,247,0.0
106,248,106,248,0.0
106,249,106,249,0.0
106,250,106,250,0.0
106,251,106,251,0.0
106,252,106,252,0.0
106,253,106,253,0.0
106,254,106,254,0.0
106,255,106,255,0.0
106,256,106,256,0.0
106,257,106,257,0.0
106,258,106,258,0.0
106,259,106,259,0.0
106,260,106,260,0.0
106,261,106,261,0.0
106,262,106,262,0.0
106,263,106,263,0.0
106,264,106,264,0.0
106,265,106,265,0.0
106,266,106,266,0.0
106,267,106,267,0.0
106,268,106,268,0.0
106,269,106,269,0.0
106,270,106,270,0.0
106,271,106,271,0.0
106,272,106,272,0.0
106,273,106,273,0.0
106,274,106,274,0.0
106,275,106,275,0.0
106,276,106,276,0.0
106,277,106,277,0.0
106,278,106,278,0.0
106,279,106,279,0.0
106,280,106,280,0.0
106,281,106,281,0.0
106,282,106,282,0.0
106,283,106,283,0.0
106,284,106,284,0.0
106,285,106,285,0.0
106,286,106,286,0.0
106,287,106,287,0.0
106,288,106,288,0.0
106,289,106,289,0.0
106,290,106,290,0.0
106,291,106,291,0.0
106,292,106,292,0.0
106,293,106,293,0.0
106,294,106,294,0.0
106,295,106,295,0.0
106,296,106,296,0.0
106,297,106,297,0.0
106,298,106,298,0.0
107,108,107,108,0.0
107,109,107,109,0.0
107,110,107,110,0.0
107,111,107,111,0.0
107,112,107,112,0.0
107,113,107,113,0.0
107,114,107,114,0.0
107,115,107,115,0.0
107,116,107,116,0.0
107,117,107,117,0.0
107,118,107,118,0.0
107,119,107,119,0.0
107,120,107,120,0.0
107,121,107,121,0.0
107,122,107,122,0.0
107,123,107,123,0.0
107,124,107,124,0.0
107,125,107,125,0.0
107,126,107,126,0.0
107,127,107,127,0.0
107,128,107,128,0.0
107,129,107,129,0.0
107,130,107,130,0.0
107,131,107,131,0.0
107,132,107,132,0.0
107,133,107,133,0.0
107,134,107,134,0.0
107,135,107,135,0.0
107,136,107,136,0.0
107,137,107,137,0.0
107,138,107,138,0.0
107,139,107,139,0.0
107,140,107,140,0.0
107,141,107,141,0.0
107,142,107,142,0.0
107,143,107,143,0.0
107,144,107,144,0.0
107,145,107,145,0.0
107,146,107,146,0.0
107,147,107,147,0.0
107,148,107,148,0.0
107,149,107,149,0.0
107,150,107,150,0.0
107,151,107,151,0.0
107,152,107,152,0.0
107,153,107,153,0.0
107,154,107,154,0.0
107,155,107,155,0.0
107,156,107,156,0.0
107,157,107,157,0.0
107,158,107,158,0.0
107,159,107,159,0.0
107,160,107,160,0.0
107,161,107,161,0.0
107,162,107,162,0.0
107,163,107,163,0.0
107,164,107,164,0.0
107,165,107,165,0.0
107,166,107,166,0.0
107,167,107,167,0.0
107,168,107,168,0.0
107,169,107,169,0.0
107,170,107,170,0.0
107,171,107,171,0.0
107,172,107,172,0.0
107,173,107,173,0.0
107,174,107,174,0.0
107,175,107,175,0.0
107,176,107,176,0.0
107,177,107,177,0.0
107,178,107,178,0.0
107,179,107,179,0.0
107,180,107,180,0.0
107,181,107,181,0.0
107,182,107,182,0.0
107,183,107,183,0.0
107,184,107,184,0.0
107,185,107,185,0.0
107,186,107,186,0.0
107,187,107,187,0.0
107,188,107,188,0.0
107,189,107,189,0.0
107,190,107,190,0.0
107,191,107,191,0.0
107,192,107,192,0.0
107,193,107,193,0.0
107,194,107,194,0.0
107,195,107,195,0.0
107,196,107,196,0.0
107,197,107,197,0.0
107,198,107,198,0.0
107,199,107,199,0.0
107,200,107,200,0.0
107,201,107,201,0.0
107,202,107,202,0.0
107,203,107,203,0.0
107,204,107,204,0.0
107,205,107,205,0.0
107,206,107,206,0.0
107,207,107,207,0.0
107,208,107,208,0.0
107,209,107,209,0.0
107,210,107,210,0.0
107,211,107,211,0.0
107,212,107,212,0.0
107,213,107,213,0.0
107,214,107,214,0.0
107,215,107,215,0.0
107,216,107,216,0.0
107,217,107,217,0.0
107,218,107,218,0.0
107,219,107,219,0.0
107,220,107,220,0.0
107,221,107,221,0.0
107,222,107,222,0.0
107,223,107,223,0.0
107,224,107,224,0.0
107,225,107,225,0.0
107,226,107,226,0.0
107,227,107,227,0.0
107,228,107,228,0.0
107,229,107,229,0.0
107,230,107,230,0.0
107,231,107,231,0.0
107,232,107,232,0.0
107,233,107,233,0.0
107,234,107,234,0.0
107,235,107,235,0.0
107,236,107,236,0.0
107,237,107,237,0.0
107,238,107,238,0.0
107,239,107,239,0.0
107,240,107,240,0.0
107,241,107,241,0.0
107,242,107,242,0.0
107,243,107,243,0.0
107,244,107,244,0.0
107,245,107,245,0.0
107,246,107,246,0.0
107,247,107,247,0.0
107,248,107,248,0.0
107,249,107,249,0.0
107,250,107,250,0.0
107,251,107,251,0.0
107,252,107,252,0.0
107,253,107,253,0.0
107,254,107,254,0.0
107,255,107,255,0.0
107,256,107,256,0.0
107,257,107,257,0.0
107,258,107,258,0.0
107,259,107,259,0.0
107,260,107,260,0.0
107,261,107,261,0.0
107,262,107,262,0.0
107,263,107,263,0.0
107,264,107,264,0.0
107,265,107,265,0.0
107,266,107,266,0.0
107,267,107,267,0.0
107,268,107,268,0.0
107,269,107,269,0.0
107,270,107,270,0.0
107,271,107,271,0.0
107,272,107,272,0.0
107,273,107,273,0.0
107,274,107,274,0.0
107,275,107,275,0.0
107,276,107,276,0.0
107,277,107,277,0.0
107,278,107,278,0.0
107,279,107,279,0.0
107,280,107,280,0.0
107,281,107,281,0.0
107,282,107,282,0.0
107,283,107,283,0.0
107,284,107,284,0.0
107,285,107,285,0.0
107,286,107,286,0.0
107,287,107,287,0.0
107,288,107,288,0.0
107,289,107,289,0.0
107,290,107,290,0.0
107,291,107,291,0.0
107,292,107,292,0.0
107,293,107,293,0.0
107,294,107,294,0.0
107,295,107,295,0.0
107,296,107,296,0.0
107,297,107,297,0.0
107,298,107,298,0.0
108,109,108,109,0.0
108,110,108,110,0.0
108,111,108,111,0.0
108,112,108,112,0.0
108,113,108,113,0.0
108,114,108,114,0.0
108,115,108,115,0.0
108,116,108,116,0.0
108,117,108,117,0.0
108,118,108,118,0.0
108,119,108,119,0.0
108,120,108,120,0.0
108,121,108,121,0.0
108,122,108,122,0.0
108,123,108,123,0.0
108,124,108,124,0.0
108,125,108,125,0.0
108,126,108,126,0.0
108,127,108,127,0.0
108,128,108,128,0.0
108,129,108,129,0.0
108,130,108,130,0.0
108,131,108,131,0.0
108,132,108,132,0.0
108,133,108,133,0.0
108,134,108,134,0.0
108,135,108,135,0.0
108,136,108,136,0.0
108,137,108,137,0.0
108,138,108,138,0.0
108,139,108,139,0.0
108,140,108,140,0.0
108,141,108,141,0.0
108,142,108,142,0.0
108,143,108,143,0.0
108,144,108,144,0.0
108,145,108,145,0.0
108,146,108,146,0.0
108,147,108,147,0.0
108,148,108,148,0.0
108,149,108,149,0.0
108,150,108,150,0.0
108,151,108,151,0.0
108,152,108,152,0.0
108,153,108,153,0.0
108,154,108,154,0.0
108,155,108,155,0.0
108,156,108,156,0.0
108,157,108,157,0.0
108,158,108,158,0.0
108,159,108,159,0.0
108,160,108,160,0.0
108,161,108,161,0.0
108,162,108,162,0.0
108,163,108,163,0.0
108,164,108,164,0.0
108,165,108,165,0.0
108,166,108,166,0.0
108,167,108,167,0.0
108,168,108,168,0.0
108,169,108,169,0.0
108,170,108,170,0.0
108,171,108,171,0.0
108,172,108,172,0.0
108,173,108,173,0.0
108,174,108,174,0.0
108,175,108,175,0.0
108,176,108,176,0.0
108,177,108,177,0.0
108,178,108,178,0.0
108,179,108,179,0.0
108,180,108,180,0.0
108,181,108,181,0.0
108,182,108,182,0.0
108,183,108,183,0.0
108,184,108,184,0.0
108,185,108,185,0.0
108,186,108,186,0.0
108,187,108,187,0.0
108,188,108,188,0.0
108,189,108,189,0.0
108,190,108,190,0.0
108,191,108,191,0.0
108,192,108,192,0.0
108,193,108,193,0.0
108,194,108,194,0.0
108,195,108,195,0.0
108,196,108,196,0.0
108,197,108,197,0.0
108,198,108,198,0.0
108,199,108,199,0.0
108,200,108,200,0.0
108,201,108,201,0.0
108,202,108,202,0.0
108,203,108,203,0.0
108,204,108,204,0.0
108,205,108,205,0.0
108,206,108,206,0.0
108,207,108,207,0.0
108,208,108,208,0.0
108,209,108,209,0.0
108,210,108,210,0.0
108,211,108,211,0.0
108,212,108,212,0.0
108,213,108,213,0.0
108,214,108,214,0.0
108,215,108,215,0.0
108,216,108,216,0.0
108,217,108,217,0.0
108,218,108,218,0.0
108,219,108,219,0.0
108,220,108,220,0.0
108,221,108,221,0.0
108,222,108,222,0.0
108,223,108,223,0.0
108,224,108,224,0.0
108,225,108,225,0.0
108,226,108,226,0.0
108,227,108,227,0.0
108,228,108,228,0.0
108,229,108,229,0.0
108,230,108,230,0.0
108,231,108,231,0.0
108,232,108,232,0.0
108,233,108,233,0.0
108,234,108,234,0.0
108,235,108,235,0.0
108,236,108,236,0.0
108,237,108,237,0.0
108,238,108,238,0.0
108,239,108,239,0.0
108,240,108,240,0.0
108,241,108,241,0.0
108,242,108,242,0.0
108,243,108,243,0.0
108,244,108,244,0.0
108,245,108,245,0.0
108,246,108,246,0.0
108,247,108,247,0.0
108,248,108,248,0.0
108,249,108,249,0.0
108,250,108,250,0.0
108,251,108,251,0.0
108,252,108,252,0.0
108,253,108,253,0.0
108,254,108,254,0.0
108,255,108,255,0.0
108,256,108,256,0.0
108,257,108,257,0.0
108,258,108,258,0.0
108,259,108,259,0.0
108,260,108,260,0.0
108,261,108,261,0.0
108,262,108,262,0.0
108,263,108,263,0.0
108,264,108,264,0.0
108,265,108,265,0.0
108,266,108,266,0.0
108,267,108,267,0.0
108,268,108,268,0.0
108,269,108,269,0.0
108,270,108,270,0.0
108,271,108,271,0.0
108,272,108,272,0.0
108,273,108,273,0.0
108,274,108,274,0.0
108,275,108,275,0.0
108,276,108,276,0.0
108,277,108,277,0.0
108,278,108,278,0.0
108,279,108,279,0.0
108,280,108,280,0.0
108,281,108,281,0.0
108,282,108,282,0.0
108,283,108,283,0.0
108,284,108,284,0.0
108,285,108,285,0.0
108,286,108,286,0.0
108,287,108,287,0.0
108,288,108,288,0.0
108,289,108,289,0.0
108,290,108,290,0.0
108,291,108,291,0.0
108,292,108,292,0.0
108,293,108,293,0.0
108,294,108,294,0.0
108,295,108,295,0.0
108,296,108,296,0.0
108,297,108,297,0.0
108,298,108,298,0.0
109,110,109,110,0.0
109,111,109,111,0.0
109,112,109,112,0.0
109,113,109,113,0.0
109,114,109,114,0.0
109,115,109,115,0.0
109,116,109,116,0.0
109,117,109,117,0.0
109,118,109,118,0.0
109,119,109,119,0.0
109,120,109,120,0.0
109,121,109,121,0.0
109,122,109,122,0.0
109,123,109,123,0.0
109,124,109,124,0.0
109,125,109,125,0.0
109,126,109,126,0.0
109,127,109,127,0.0
109,128,109,128,0.0
109,129,109,129,0.0
109,130,109,130,0.0
109,131,109,131,0.0
109,132,109,132,0.0
109,133,109,133,0.0
109,134,109,134,0.0
109,135,109,135,0.0
109,136,109,136,0.0
109,137,109,137,0.0
109,138,109,138,0.0
109,139,109,139,0.0
109,140,109,140,0.0
109,141,109,141,0.0
109,142,109,142,0.0
109,143,109,143,0.0
109,144,109,144,0.0
109,145,109,145,0.0
109,146,109,146,0.0
109,147,109,147,0.0
109,148,109,148,0.0
109,149,109,149,0.0
109,150,109,150,0.0
109,151,109,151,0.0
109,152,109,152,0.0
109,153,109,153,0.0
109,154,109,154,0.0
109,155,109,155,0.0
109,156,109,156,0.0
109,157,109,157,0.0
109,158,109,158,0.0
109,159,109,159,0.0
109,160,109,160,0.0
109,161,109,161,0.0
109,162,109,162,0.0
109,163,109,163,0.0
109,164,109,164,0.0
109,165,109,165,0.0
109,166,109,166,0.0
109,167,109,167,0.0
109,168,109,168,0.0
109,169,109,169,0.0
109,170,109,170,0.0
109,171,109,171,0.0
109,172,109,172,0.0
109,173,109,173,0.0
109,174,109,174,0.0
109,175,109,175,0.0
109,176,109,176,0.0
109,177,109,177,0.0
109,178,109,178,0.0
109,179,109,179,0.0
109,180,109,180,0.0
109,181,109,181,0.0
109,182,109,182,0.0
109,183,109,183,0.0
109,184,109,184,0.0
109,185,109,185,0.0
109,186,109,186,0.0
109,187,109,187,0.0
109,188,109,188,0.0
109,189,109,189,0.0
109,190,109,190,0.0
109,191,109,191,0.0
109,192,109,192,0.0
109,193,109,193,0.0
109,194,109,194,0.0
109,195,109,195,0.0
109,196,109,196,0.0
109,197,109,197,0.0
109,198,109,198,0.0
109,199,109,199,0.0
109,200,109,200,0.0
109,201,109,201,0.0
109,202,109,202,0.0
109,203,109,203,0.0
109,204,109,204,0.0
109,205,109,205,0.0
109,206,109,206,0.0
109,207,109,207,0.0
109,208,109,208,0.0
109,209,109,209,0.0
109,210,109,210,0.0
109,211,109,211,0.0
109,212,109,212,0.0
109,213,109,213,0.0
109,214,109,214,0.0
109,215,109,215,0.0
109,216,109,216,0.0
109,217,109,217,0.0
109,218,109,218,0.0
109,219,109,219,0.0
109,220,109,220,0.0
109,221,109,221,0.0
109,222,109,222,0.0
109,223,109,223,0.0
109,224,109,224,0.0
109,225,109,225,0.0
109,226,109,226,0.0
109,227,109,227,0.0
109,228,109,228,0.0
109,229,109,229,0.0
109,230,109,230,0.0
109,231,109,231,0.0
109,232,109,232,0.0
109,233,109,233,0.0
109,234,109,234,0.0
109,235,109,235,0.0
109,236,109,236,0.0
109,237,109,237,0.0
109,238,109,238,0.0
109,239,109,239,0.0
109,240,109,240,0.0
109,241,109,241,0.0
109,242,109,242,0.0
109,243,109,243,0.0
109,244,109,244,0.0
109,245,109,245,0.0
109,246,109,246,0.0
109,247,109,247,0.0
109,248,109,248,0.0
109,249,109,249,0.0
109,250,109,250,0.0
109,251,109,251,0.0
109,252,109,252,0.0
109,253,109,253,0.0
109,254,109,254,0.0
109,255,109,255,0.0
109,256,109,256,0.0
109,257,109,257,0.0
109,258,109,258,0.0
109,259,109,259,0.0
109,260,109,260,0.0
109,261,109,261,0.0
109,262,109,262,0.0
109,263,109,263,0.0
109,264,109,264,0.0
109,265,109,265,0.0
109,266,109,266,0.0
109,267,109,267,0.0
109,268,109,268,0.0
109,269,109,269,0.0
109,270,109,270,0.0
109,271,109,271,0.0
109,272,109,272,0.0
109,273,109,273,0.0
109,274,109,274,0.0
109,275,109,275,0.0
109,276,109,276,0.0
109,277,109,277,0.0
109,278,109,278,0.0
109,279,109,279,0.0
109,280,109,280,0.0
109,281,109,281,0.0
109,282,109,282,0.0
109,283,109,283,0.0
109,284,109,284,0.0
109,285,109,285,0.0
109,286,109,286,0.0
109,287,109,287,0.0
109,288,109,288,0.0
109,289,109,289,0.0
109,290,109,290,0.0
109,291,109,291,0.0
109,292,109,292,0.0
109,293,109,293,0.0
109,294,109,294,0.0
109,295,109,295,0.0
109,296,109,296,0.0
109,297,109,297,0.0
109,298,109,298,0.0
110,111,110,111,0.0
110,112,110,112,0.0
110,113,110,113,0.0
110,114,110,114,0.0
110,115,110,115,0.0
110,116,110,116,0.0
110,117,110,117,0.0
110,118,110,118,0.0
110,119,110,119,0.0
110,120,110,120,0.0
110,121,110,121,0.0
110,122,110,122,0.0
110,123,110,123,0.0
110,124,110,124,0.0
110,125,110,125,0.0
110,126,110,126,0.0
110,127,110,127,0.0
110,128,110,128,0.0
110,129,110,129,0.0
110,130,110,130,0.0
110,131,110,131,0.0
110,132,110,132,0.0
110,133,110,133,0.0
110,134,110,134,0.0
110,135,110,135,0.0
110,136,110,136,0.0
110,137,110,137,0.0
110,138,110,138,0.0
110,139,110,139,0.0
110,140,110,140,0.0
110,141,110,141,0.0
110,142,110,142,0.0
110,143,110,143,0.0
110,144,110,144,0.0
110,145,110,145,0.0
110,146,110,146,0.0
110,147,110,147,0.0
110,148,110,148,0.0
110,149,110,149,0.0
110,150,110,150,0.0
110,151,110,151,0.0
110,152,110,152,0.0
110,153,110,153,0.0
110,154,110,154,0.0
110,155,110,155,0.0
110,156,110,156,0.0
110,157,110,157,0.0
110,158,110,158,0.0
110,159,110,159,0.0
110,160,110,160,0.0
110,161,110,161,0.0
110,162,110,162,0.0
110,163,110,163,0.0
110,164,110,164,0.0
110,165,110,165,0.0
110,166,110,166,0.0
110,167,110,167,0.0
110,168,110,168,0.0
110,169,110,169,0.0
110,170,110,170,0.0
110,171,110,171,0.0
110,172,110,172,0.0
110,173,110,173,0.0
110,174,110,174,0.0
110,175,110,175,0.0
110,176,110,176,0.0
110,177,110,177,0.0
110,178,110,178,0.0
110,179,110,179,0.0
110,180,110,180,0.0
110,181,110,181,0.0
110,182,110,182,0.0
110,183,110,183,0.0
110,184,110,184,0.0
110,185,110,185,0.0
110,186,110,186,0.0
110,187,110,187,0.0
110,188,110,188,0.0
110,189,110,189,0.0
110,190,110,190,0.0
110,191,110,191,0.0
110,192,110,192,0.0
110,193,110,193,0.0
110,194,110,194,0.0
110,195,110,195,0.0
110,196,110,196,0.0
110,197,110,197,0.0
110,198,110,198,0.0
110,199,110,199,0.0
110,200,110,200,0.0
110,201,110,201,0.0
110,202,110,202,0.0
110,203,110,203,0.0
110,204,110,204,0.0
110,205,110,205,0.0
110,206,110,206,0.0
110,207,110,207,0.0
110,208,110,208,0.0
110,209,110,209,0.0
110,210,110,210,0.0
110,211,110,211,0.0
110,212,110,212,0.0
110,213,110,213,0.0
110,214,110,214,0.0
110,215,110,215,0.0
110,216,110,216,0.0
110,217,110,217,0.0
110,218,110,218,0.0
110,219,110,219,0.0
110,220,110,220,0.0
110,221,110,221,0.0
110,222,110,222,0.0
110,223,110,223,0.0
110,224,110,224,0.0
110,225,110,225,0.0
110,226,110,226,0.0
110,227,110,227,0.0
110,228,110,228,0.0
110,229,110,229,0.0
110,230,110,230,0.0
110,231,110,231,0.0
110,232,110,232,0.0
110,233,110,233,0.0
110,234,110,234,0.0
110,235,110,235,0.0
110,236,110,236,0.0
110,237,110,237,0.0
110,238,110,238,0.0
110,239,110,239,0.0
110,240,110,240,0.0
110,241,110,241,0.0
110,242,110,242,0.0
110,243,110,243,0.0
110,244,110,244,0.0
110,245,110,245,0.0
110,246,110,246,0.0
110,247,110,247,0.0
110,248,110,248,0.0
110,249,110,249,0.0
110,250,110,250,0.0
110,251,110,251,0.0
110,252,110,252,0.0
110,253,110,253,0.0
110,254,110,254,0.0
110,255,110,255,0.0
110,256,110,256,0.0
110,257,110,257,0.0
110,258,110,258,0.0
110,259,110,259,0.0
110,260,110,260,0.0
110,261,110,261,0.0
110,262,110,262,0.0
110,263,110,263,0.0
110,264,110,264,0.0
110,265,110,265,0.0
110,266,110,266,0.0
110,267,110,267,0.0
110,268,110,268,0.0
110,269,110,269,0.0
110,270,110,270,0.0
110,271,110,271,0.0
110,272,110,272,0.0
110,273,110,273,0.0
110,274,110,274,0.0
110,275,110,275,0.0
110,276,110,276,0.0
110,277,110,277,0.0
110,278,110,278,0.0
110,279,110,279,0.0
110,280,110,280,0.0
110,281,110,281,0.0
110,282,110,282,0.0
110,283,110,283,0.0
110,284,110,284,0.0
110,285,110,285,0.0
110,286,110,286,0.0
110,287,110,287,0.0
110,288,110,288,0.0
110,289,110,289,0.0
110,290,110,290,0.0
110,291,110,291,0.0
110,292,110,292,0.0
110,293,110,293,0.0
110,294,110,294,0.0
110,295,110,295,0.0
110,296,110,296,0.0
110,297,110,297,0.0
110,298,110,298,0.0
111,112,111,112,0.0
111,113,111,113,0.0
111,114,111,114,0.0
111,115,111,115,0.0
111,116,111,116,0.0
111,117,111,117,0.0
111,118,111,118,0.0
111,119,111,119,0.0
111,120,111,120,0.0
111,121,111,121,0.0
111,122,111,122,0.0
111,123,111,123,0.0
111,124,111,124,0.0
111,125,111,125,0.0
111,126,111,126,0.0
111,127,111,127,0.0
111,128,111,128,0.0
111,129,111,129,0.0
111,130,111,130,0.0
111,131,111,131,0.0
111,132,111,132,0.0
111,133,111,133,0.0
111,134,111,134,0.0
111,135,111,135,0.0
111,136,111,136,0.0
111,137,111,137,0.0
111,138,111,138,0.0
111,139,111,139,0.0
111,140,111,140,0.0
111,141,111,141,0.0
111,142,111,142,0.0
111,143,111,143,0.0
111,144,111,144,0.0
111,145,111,145,0.0
111,146,111,146,0.0
111,147,111,147,0.0
111,148,111,148,0.0
111,149,111,149,0.0
111,150,111,150,0.0
111,151,111,151,0.0
111,152,111,152,0.0
111,153,111,153,0.0
111,154,111,154,0.0
111,155,111,155,0.0
111,156,111,156,0.0
111,157,111,157,0.0
111,158,111,158,0.0
111,159,111,159,0.0
111,160,111,160,0.0
111,161,111,161,0.0
111,162,111,162,0.0
111,163,111,163,0.0
111,164,111,164,0.0
111,165,111,165,0.0
111,166,111,166,0.0
111,167,111,167,0.0
111,168,111,168,0.0
111,169,111,169,0.0
111,170,111,170,0.0
111,171,111,171,0.0
111,172,111,172,0.0
111,173,111,173,0.0
111,174,111,174,0.0
111,175,111,175,0.0
111,176,111,176,0.0
111,177,111,177,0.0
111,178,111,178,0.0
111,179,111,179,0.0
111,180,111,180,0.0
111,181,111,181,0.0
111,182,111,182,0.0
111,183,111,183,0.0
111,184,111,184,0.0
111,185,111,185,0.0
111,186,111,186,0.0
111,187,111,187,0.0
111,188,111,188,0.0
111,189,111,189,0.0
111,190,111,190,0.0
111,191,111,191,0.0
111,192,111,192,0.0
111,193,111,193,0.0
111,194,111,194,0.0
111,195,111,195,0.0
111,196,111,196,0.0
111,197,111,197,0.0
111,198,111,198,0.0
111,199,111,199,0.0
111,200,111,200,0.0
111,201,111,201,0.0
111,202,111,202,0.0
111,203,111,203,0.0
111,204,111,204,0.0
111,205,111,205,0.0
111,206,111,206,0.0
111,207,111,207,0.0
111,208,111,208,0.0
111,209,111,209,0.0
111,210,111,210,0.0
111,211,111,211,0.0
111,212,111,212,0.0
111,213,111,213,0.0
111,214,111,214,0.0
111,215,111,215,0.0
111,216,111,216,0.0
111,217,111,217,0.0
111,218,111,218,0.0
111,219,111,219,0.0
111,220,111,220,0.0
111,221,111,221,0.0
111,222,111,222,0.0
111,223,111,223,0.0
111,224,111,224,0.0
111,225,111,225,0.0
111,226,111,226,0.0
111,227,111,227,0.0
111,228,111,228,0.0
111,229,111,229,0.0
111,230,111,230,0.0
111,231,111,231,0.0
111,232,111,232,0.0
111,233,111,233,0.0
111,234,111,234,0.0
111,235,111,235,0.0
111,236,111,236,0.0
111,237,111,237,0.0
111,238,111,238,0.0
111,239,111,239,0.0
111,240,111,240,0.0
111,241,111,241,0.0
111,242,111,242,0.0
111,243,111,243,0.0
111,244,111,244,0.0
111,245,111,245,0.0
111,246,111,246,0.0
111,247,111,247,0.0
111,248,111,248,0.0
111,249,111,249,0.0
111,250,111,250,0.0
111,251,111,251,0.0
111,252,111,252,0.0
111,253,111,253,0.0
111,254,111,254,0.0
111,255,111,255,0.0
111,256,111,256,0.0
111,257,111,257,0.0
111,258,111,258,0.0
111,259,111,259,0.0
111,260,111,260,0.0
111,261,111,261,0.0
111,262,111,262,0.0
111,263,111,263,0.0
111,264,111,264,0.0
111,265,111,265,0.0
111,266,111,266,0.0
111,267,111,267,0.0
111,268,111,268,0.0
111,269,111,269,0.0
111,270,111,270,0.0
111,271,111,271,0.0
111,272,111,272,0.0
111,273,111,273,0.0
111,274,111,274,0.0
111,275,111,275,0.0
111,276,111,276,0.0
111,277,111,277,0.0
111,278,111,278,0.0
111,279,111,279,0.0
111,280,111,280,0.0
111,281,111,281,0.0
111,282,111,282,0.0
111,283,111,283,0.0
111,284,111,284,0.0
111,285,111,285,0.0
111,286,111,286,0.0
111,287,111,287,0.0
111,288,111,288,0.0
111,289,111,289,0.0
111,290,111,290,0.0
111,291,111,291,0.0
111,292,111,292,0.0
111,293,111,293,0.0
111,294,111,294,0.0
111,295,111,295,0.0
111,296,111,296,0.0
111,297,111,297,0.0
111,298,111,298,0.0
112,113,112,113,0.0
112,114,112,114,0.0
112,115,112,115,0.0
112,116,112,116,0.0
112,117,112,117,0.0
112,118,112,118,0.0
112,119,112,119,0.0
112,120,112,120,0.0
112,121,112,121,0.0
112,122,112,122,0.0
112,123,112,123,0.0
112,124,112,124,0.0
112,125,112,125,0.0
112,126,112,126,0.0
112,127,112,127,0.0
112,128,112,128,0.0
112,129,112,129,0.0
112,130,112,130,0.0
112,131,112,131,0.0
112,132,112,132,0.0
112,133,112,133,0.0
112,134,112,134,0.0
112,135,112,135,0.0
112,136,112,136,0.0
112,137,112,137,0.0
112,138,112,138,0.0
112,139,112,139,0.0
112,140,112,140,0.0
112,141,112,141,0.0
112,142,112,142,0.0
112,143,112,143,0.0
112,144,112,144,0.0
112,145,112,145,0.0
112,146,112,146,0.0
112,147,112,147,0.0
112,148,112,148,0.0
112,149,112,149,0.0
112,150,112,150,0.0
112,151,112,151,0.0
112,152,112,152,0.0
112,153,112,153,0.0
112,154,112,154,0.0
112,155,112,155,0.0
112,156,112,156,0.0
112,157,112,157,0.0
112,158,112,158,0.0
112,159,112,159,0.0
112,160,112,160,0.0
112,161,112,161,0.0
112,162,112,162,0.0
112,163,112,163,0.0
112,164,112,164,0.0
112,165,112,165,0.0
112,166,112,166,0.0
112,167,112,167,0.0
112,168,112,168,0.0
112,169,112,169,0.0
112,170,112,170,0.0
112,171,112,171,0.0
112,172,112,172,0.0
112,173,112,173,0.0
112,174,112,174,0.0
112,175,112,175,0.0
112,176,112,176,0.0
112,177,112,177,0.0
112,178,112,178,0.0
112,179,112,179,0.0
112,180,112,180,0.0
112,181,112,181,0.0
112,182,112,182,0.0
112,183,112,183,0.0
112,184,112,184,0.0
112,185,112,185,0.0
112,186,112,186,0.0
112,187,112,187,0.0
112,188,112,188,0.0
112,189,112,189,0.0
112,190,112,190,0.0
112,191,112,191,0.0
112,192,112,192,0.0
112,193,112,193,0.0
112,194,112,194,0.0
112,195,112,195,0.0
112,196,112,196,0.0
112,197,112,197,0.0
112,198,112,198,0.0
112,199,112,199,0.0
112,200,112,200,0.0
112,201,112,201,0.0
112,202,112,202,0.0
112,203,112,203,0.0
112,204,112,204,0.0
112,205,112,205,0.0
112,206,112,206,0.0
112,207,112,207,0.0
112,208,112,208,0.0
112,209,112,209,0.0
112,210,112,210,0.0
112,211,112,211,0.0
112,212,112,212,0.0
112,213,112,213,0.0
112,214,112,214,0.0
112,215,112,215,0.0
112,216,112,216,0.0
112,217,112,217,0.0
112,218,112,218,0.0
112,219,112,219,0.0
112,220,112,220,0.0
112,221,112,221,0.0
112,222,112,222,0.0
112,223,112,223,0.0
112,224,112,224,0.0
112,225,112,225,0.0
112,226,112,226,0.0
112,227,112,227,0.0
112,228,112,228,0.0
112,229,112,229,0.0
112,230,112,230,0.0
112,231,112,231,0.0
112,232,112,232,0.0
112,233,112,233,0.0
112,234,112,234,0.0
112,235,112,235,0.0
112,236,112,236,0.0
112,237,112,237,0.0
112,238,112,238,0.0
112,239,112,239,0.0
112,240,112,240,0.0
112,241,112,241,0.0
112,242,112,242,0.0
112,243,112,243,0.0
112,244,112,244,0.0
112,245,112,245,0.0
112,246,112,246,0.0
112,247,112,247,0.0
112,248,112,248,0.0
112,249,112,249,0.0
112,250,112,250,0.0
112,251,112,251,0.0
112,252,112,252,0.0
112,253,112,253,0.0
112,254,112,254,0.0
112,255,112,255,0.0
112,256,112,256,0.0
112,257,112,257,0.0
112,258,112,258,0.0
112,259,112,259,0.0
112,260,112,260,0.0
112,261,112,261,0.0
112,262,112,262,0.0
112,263,112,263,0.0
112,264,112,264,0.0
112,265,112,265,0.0
112,266,112,266,0.0
112,267,112,267,0.0
112,268,112,268,0.0
112,269,112,269,0.0
112,270,112,270,0.0
112,271,112,271,0.0
112,272,112,272,0.0
112,273,112,273,0.0
112,274,112,274,0.0
112,275,112,275,0.0
112,276,112,276,0.0
112,277,112,277,0.0
112,278,112,278,0.0
112,279,112,279,0.0
112,280,112,280,0.0
112,281,112,281,0.0
112,282,112,282,0.0
112,283,112,283,0.0
112,284,112,284,0.0
112,285,112,285,0.0
112,286,112,286,0.0
112,287,112,287,0.0
112,288,112,288,0.0
112,289,112,289,0.0
112,290,112,290,0.0
112,291,112,291,0.0
112,292,112,292,0.0
112,293,112,293,0.0
112,294,112,294,0.0
112,295,112,295,0.0
112,296,112,296,0.0
112,297,112,297,0.0
112,298,112,298,0.0
113,114,113,114,0.0
113,115,113,115,0.0
113,116,113,116,0.0
113,117,113,117,0.0
113,118,113,118,0.0
113,119,113,119,0.0
113,120,113,120,0.0
113,121,113,121,0.0
113,122,113,122,0.0
113,123,113,123,0.0
113,124,113,124,0.0
113,125,113,125,0.0
113,126,113,126,0.0
113,127,113,127,0.0
113,128,113,128,0.0
113,129,113,129,0.0
113,130,113,130,0.0
113,131,113,131,0.0
113,132,113,132,0.0
113,133,113,133,0.0
113,134,113,134,0.0
113,135,113,135,0.0
113,136,113,136,0.0
113,137,113,137,0.0
113,138,113,138,0.0
113,139,113,139,0.0
113,140,113,140,0.0
113,141,113,141,0.0
113,142,113,142,0.0
113,143,113,143,0.0
113,144,113,144,0.0
113,145,113,145,0.0
113,146,113,146,0.0
113,147,113,147,0.0
113,148,113,148,0.0
113,149,113,149,0.0
113,150,113,150,0.0
113,151,113,151,0.0
113,152,113,152,0.0
113,153,113,153,0.0
113,154,113,154,0.0
113,155,113,155,0.0
113,156,113,156,0.0
113,157,113,157,0.0
113,158,113,158,0.0
113,159,113,159,0.0
113,160,113,160,0.0
113,161,113,161,0.0
113,162,113,162,0.0
113,163,113,163,0.0
113,164,113,164,0.0
113,165,113,165,0.0
113,166,113,166,0.0
113,167,113,167,0.0
113,168,113,168,0.0
113,169,113,169,0.0
113,170,113,170,0.0
113,171,113,171,0.0
113,172,113,172,0.0
113,173,113,173,0.0
113,174,113,174,0.0
113,175,113,175,0.0
113,176,113,176,0.0
113,177,113,177,0.0
113,178,113,178,0.0
113,179,113,179,0.0
113,180,113,180,0.0
113,181,113,181,0.0
113,182,113,182,0.0
113,183,113,183,0.0
113,184,113,184,0.0
113,185,113,185,0.0
113,186,113,186,0.0
113,187,113,187,0.0
113,188,113,188,0.0
113,189,113,189,0.0
113,190,113,190,0.0
113,191,113,191,0.0
113,192,113,192,0.0
113,193,113,193,0.0
113,194,113,194,0.0
113,195,113,195,0.0
113,196,113,196,0.0
113,197,113,197,0.0
113,198,113,198,0.0
113,199,113,199,0.0
113,200,113,200,0.0
113,201,113,201,0.0
113,202,113,202,0.0
113,203,113,203,0.0
113,204,113,204,0.0
113,205,113,205,0.0
113,206,113,206,0.0
113,207,113,207,0.0
113,208,113,208,0.0
113,209,113,209,0.0
113,210,113,210,0.0
113,211,113,211,0.0
113,212,113,212,0.0
113,213,113,213,0.0
113,214,113,214,0.0
113,215,113,215,0.0
113,216,113,216,0.0
113,217,113,217,0.0
113,218,113,218,0.0
113,219,113,219,0.0
113,220,113,220,0.0
113,221,113,221,0.0
113,222,113,222,0.0
113,223,113,223,0.0
113,224,113,224,0.0
113,225,113,225,0.0
113,226,113,226,0.0
113,227,113,227,0.0
113,228,113,228,0.0
113,229,113,229,0.0
113,230,113,230,0.0
113,231,113,231,0.0
113,232,113,232,0.0
113,233,113,233,0.0
113,234,113,234,0.0
113,235,113,235,0.0
113,236,113,236,0.0
113,237,113,237,0.0
113,238,113,238,0.0
113,239,113,239,0.0
113,240,113,240,0.0
113,241,113,241,0.0
113,242,113,242,0.0
113,243,113,243,0.0
113,244,113,244,0.0
113,245,113,245,0.0
113,246,113,246,0.0
113,247,113,247,0.0
113,248,113,248,0.0
113,249,113,249,0.0
113,250,113,250,0.0
113,251,113,251,0.0
113,252,113,252,0.0
113,253,113,253,0.0
113,254,113,254,0.0
113,255,113,255,0.0
113,256,113,256,0.0
113,257,113,257,0.0
113,258,113,258,0.0
113,259,113,259,0.0
113,260,113,260,0.0
113,261,113,261,0.0
113,262,113,262,0.0
113,263,113,263,0.0
113,264,113,264,0.0
113,265,113,265,0.0
113,266,113,266,0.0
113,267,113,267,0.0
113,268,113,268,0.0
113,269,113,269,0.0
113,270,113,270,0.0
113,271,113,271,0.0
113,272,113,272,0.0
113,273,113,273,0.0
113,274,113,274,0.0
113,275,113,275,0.0
113,276,113,276,0.0
113,277,113,277,0.0
113,278,113,278,0.0
113,279,113,279,0.0
113,280,113,280,0.0
113,281,113,281,0.0
113,282,113,282,0.0
113,283,113,283,0.0
113,284,113,284,0.0
113,285,113,285,0.0
113,286,113,286,0.0
113,287,113,287,0.0
113,288,113,288,0.0
113,289,113,289,0.0
113,290,113,290,0.0
113,291,113,291,0.0
113,292,113,292,0.0
113,293,113,293,0.0
113,294,113,294,0.0
113,295,113,295,0.0
113,296,113,296,0.0
113,297,113,297,0.0
113,298,113,298,0.0
114,115,114,115,0.0
114,116,114,116,0.0
114,117,114,117,0.0
114,118,114,118,0.0
114,119,114,119,0.0
114,120,114,120,0.0
114,121,114,121,0.0
114,122,114,122,0.0
114,123,114,123,0.0
114,124,114,124,0.0
114,125,114,125,0.0
114,126,114,126,0.0
114,127,114,127,0.0
114,128,114,128,0.0
114,129,114,129,0.0
114,130,114,130,0.0
114,131,114,131,0.0
114,132,114,132,0.0
114,133,114,133,0.0
114,134,114,134,0.0
114,135,114,135,0.0
114,136,114,136,0.0
114,137,114,137,0.0
114,138,114,138,0.0
114,139,114,139,0.0
114,140,114,140,0.0
114,141,114,141,0.0
114,142,114,142,0.0
114,143,114,143,0.0
114,144,114,144,0.0
114,145,114,145,0.0
114,146,114,146,0.0
114,147,114,147,0.0
114,148,114,148,0.0
114,149,114,149,0.0
114,150,114,150,0.0
114,151,114,151,0.0
114,152,114,152,0.0
114,153,114,153,0.0
114,154,114,154,0.0
114,155,114,155,0.0
114,156,114,156,0.0
114,157,114,157,0.0
114,158,114,158,0.0
114,159,114,159,0.0
114,160,114,160,0.0
114,161,114,161,0.0
114,162,114,162,0.0
114,163,114,163,0.0
114,164,114,164,0.0
114,165,114,165,0.0
114,166,114,166,0.0
114,167,114,167,0.0
114,168,114,168,0.0
114,169,114,169,0.0
114,170,114,170,0.0
114,171,114,171,0.0
114,172,114,172,0.0
114,173,114,173,0.0
114,174,114,174,0.0
114,175,114,175,0.0
114,176,114,176,0.0
114,177,114,177,0.0
114,178,114,178,0.0
114,179,114,179,0.0
114,180,114,180,0.0
114,181,114,181,0.0
114,182,114,182,0.0
114,183,114,183,0.0
114,184,114,184,0.0
114,185,114,185,0.0
114,186,114,186,0.0
114,187,114,187,0.0
114,188,114,188,0.0
114,189,114,189,0.0
114,190,114,190,0.0
114,191,114,191,0.0
114,192,114,192,0.0
114,193,114,193,0.0
114,194,114,194,0.0
114,195,114,195,0.0
114,196,114,196,0.0
114,197,114,197,0.0
114,198,114,198,0.0
114,199,114,199,0.0
114,200,114,200,0.0
114,201,114,201,0.0
114,202,114,202,0.0
114,203,114,203,0.0
114,204,114,204,0.0
114,205,114,205,0.0
114,206,114,206,0.0
114,207,114,207,0.0
114,208,114,208,0.0
114,209,114,209,0.0
114,210,114,210,0.0
114,211,114,211,0.0
114,212,114,212,0.0
114,213,114,213,0.0
114,214,114,214,0.0
114,215,114,215,0.0
114,216,114,216,0.0
114,217,114,217,0.0
114,218,114,218,0.0
114,219,114,219,0.0
114,220,114,220,0.0
114,221,114,221,0.0
114,222,114,222,0.0
114,223,114,223,0.0
114,224,114,224,0.0
114,225,114,225,0.0
114,226,114,226,0.0
114,227,114,227,0.0
114,228,114,228,0.0
114,229,114,229,0.0
114,230,114,230,0.0
114,231,114,231,0.0
114,232,114,232,0.0
114,233,114,233,0.0
114,234,114,234,0.0
114,235,114,235,0.0
114,236,114,236,0.0
114,237,114,237,0.0
114,238,114,238,0.0
114,239,114,239,0.0
114,240,114,240,0.0
114,241,114,241,0.0
114,242,114,242,0.0
114,243,114,243,0.0
114,244,114,244,0.0
114,245,114,245,0.0
114,246,114,246,0.0
114,247,114,247,0.0
114,248,114,248,0.0
114,249,114,249,0.0
114,250,114,250,0.0
114,251,114,251,0.0
114,252,114,252,0.0
114,253,114,253,0.0
114,254,114,254,0.0
114,255,114,255,0.0
114,256,114,256,0.0
114,257,114,257,0.0
114,258,114,258,0.0
114,259,114,259,0.0
114,260,114,260,0.0
114,261,114,261,0.0
114,262,114,262,0.0
114,263,114,263,0.0
114,264,114,264,0.0
114,265,114,265,0.0
114,266,114,266,0.0
114,267,114,267,0.0
114,268,114,268,0.0
114,269,114,269,0.0
114,270,114,270,0.0
114,271,114,271,0.0
114,272,114,272,0.0
114,273,114,273,0.0
114,274,114,274,0.0
114,275,114,275,0.0
114,276,114,276,0.0
114,277,114,277,0.0
114,278,114,278,0.0
114,279,114,279,0.0
114,280,114,280,0.0
114,281,114,281,0.0
114,282,114,282,0.0
114,283,114,283,0.0
114,284,114,284,0.0
114,285,114,285,0.0
114,286,114,286,0.0
114,287,114,287,0.0
114,288,114,288,0.0
114,289,114,289,0.0
114,290,114,290,0.0
114,291,114,291,0.0
114,292,114,292,0.0
114,293,114,293,0.0
114,294,114,294,0.0
114,295,114,295,0.0
114,296,114,296,0.0
114,297,114,297,0.0
114,298,114,298,0.0
115,116,115,116,0.0
115,117,115,117,0.0
115,118,115,118,0.0
115,119,115,119,0.0
115,120,115,120,0.0
115,121,115,121,0.0
115,122,115,122,0.0
115,123,115,123,0.0
115,124,115,124,0.0
115,125,115,125,0.0
115,126,115,126,0.0
115,127,115,127,0.0
115,128,115,128,0.0
115,129,115,129,0.0
115,130,115,130,0.0
115,131,115,131,0.0
115,132,115,132,0.0
115,133,115,133,0.0
115,134,115,134,0.0
115,135,115,135,0.0
115,136,115,136,0.0
115,137,115,137,0.0
115,138,115,138,0.0
115,139,115,139,0.0
115,140,115,140,0.0
115,141,115,141,0.0
115,142,115,142,0.0
115,143,115,143,0.0
115,144,115,144,0.0
115,145,115,145,0.0
115,146,115,146,0.0
115,147,115,147,0.0
115,148,115,148,0.0
115,149,115,149,0.0
115,150,115,150,0.0
115,151,115,151,0.0
115,152,115,152,0.0
115,153,115,153,0.0
115,154,115,154,0.0
115,155,115,155,0.0
115,156,115,156,0.0
115,157,115,157,0.0
115,158,115,158,0.0
115,159,115,159,0.0
115,160,115,160,0.0
115,161,115,161,0.0
115,162,115,162,0.0
115,163,115,163,0.0
115,164,115,164,0.0
115,165,115,165,0.0
115,166,115,166,0.0
115,167,115,167,0.0
115,168,115,168,0.0
115,169,115,169,0.0
115,170,115,170,0.0
115,171,115,171,0.0
115,172,115,172,0.0
115,173,115,173,0.0
115,174,115,174,0.0
115,175,115,175,0.0
115,176,115,176,0.0
115,177,115,177,0.0
115,178,115,178,0.0
115,179,115,179,0.0
115,180,115,180,0.0
115,181,115,181,0.0
115,182,115,182,0.0
115,183,115,183,0.0
115,184,115,184,0.0
115,185,115,185,0.0
115,186,115,186,0.0
115,187,115,187,0.0
115,188,115,188,0.0
115,189,115,189,0.0
115,190,115,190,0.0
115,191,115,191,0.0
115,192,115,192,0.0
115,193,115,193,0.0
115,194,115,194,0.0
115,195,115,195,0.0
115,196,115,196,0.0
115,197,115,197,0.0
115,198,115,198,0.0
115,199,115,199,0.0
115,200,115,200,0.0
115,201,115,201,0.0
115,202,115,202,0.0
115,203,115,203,0.0
115,204,115,204,0.0
115,205,115,205,0.0
115,206,115,206,0.0
115,207,115,207,0.0
115,208,115,208,0.0
115,209,115,209,0.0
115,210,115,210,0.0
115,211,115,211,0.0
115,212,115,212,0.0
115,213,115,213,0.0
115,214,115,214,0.0
115,215,115,215,0.0
115,216,115,216,0.0
115,217,115,217,0.0
115,218,115,218,0.0
115,219,115,219,0.0
115,220,115,220,0.0
115,221,115,221,0.0
115,222,115,222,0.0
115,223,115,223,0.0
115,224,115,224,0.0
115,225,115,225,0.0
115,226,115,226,0.0
115,227,115,227,0.0
115,228,115,228,0.0
115,229,115,229,0.0
115,230,115,230,0.0
115,231,115,231,0.0
115,232,115,232,0.0
115,233,115,233,0.0
115,234,115,234,0.0
115,235,115,235,0.0
115,236,115,236,0.0
115,237,115,237,0.0
115,238,115,238,0.0
115,239,115,239,0.0
115,240,115,240,0.0
115,241,115,241,0.0
115,242,115,242,0.0
115,243,115,243,0.0
115,244,115,244,0.0
115,245,115,245,0.0
115,246,115,246,0.0
115,247,115,247,0.0
115,248,115,248,0.0
115,249,115,249,0.0
115,250,115,250,0.0
115,251,115,251,0.0
115,252,115,252,0.0
115,253,115,253,0.0
115,254,115,254,0.0
115,255,115,255,0.0
115,256,115,256,0.0
115,257,115,257,0.0
115,258,115,258,0.0
115,259,115,259,0.0
115,260,115,260,0.0
115,261,115,261,0.0
115,262,115,262,0.0
115,263,115,263,0.0
115,264,115,264,0.0
115,265,115,265,0.0
115,266,115,266,0.0
115,267,115,267,0.0
115,268,115,268,0.0
115,269,115,269,0.0
115,270,115,270,0.0
115,271,115,271,0.0
115,272,115,272,0.0
115,273,115,273,0.0
115,274,115,274,0.0
115,275,115,275,0.0
115,276,115,276,0.0
115,277,115,277,0.0
115,278,115,278,0.0
115,279,115,279,0.0
115,280,115,280,0.0
115,281,115,281,0.0
115,282,115,282,0.0
115,283,115,283,0.0
115,284,115,284,0.0
115,285,115,285,0.0
115,286,115,286,0.0
115,287,115,287,0.0
115,288,115,288,0.0
115,289,115,289,0.0
115,290,115,290,0.0
115,291,115,291,0.0
115,292,115,292,0.0
115,293,115,293,0.0
115,294,115,294,0.0
115,295,115,295,0.0
115,296,115,296,0.0
115,297,115,297,0.0
115,298,115,298,0.0
116,117,116,117,0.0
116,118,116,118,0.0
116,119,116,119,0.0
116,120,116,120,0.0
116,121,116,121,0.0
116,122,116,122,0.0
116,123,116,123,0.0
116,124,116,124,0.0
116,125,116,125,0.0
116,126,116,126,0.0
116,127,116,127,0.0
116,128,116,128,0.0
116,129,116,129,0.0
116,130,116,130,0.0
116,131,116,131,0.0
116,132,116,132,0.0
116,133,116,133,0.0
116,134,116,134,0.0
116,135,116,135,0.0
116,136,116,136,0.0
116,137,116,137,0.0
116,138,116,138,0.0
116,139,116,139,0.0
116,140,116,140,0.0
116,141,116,141,0.0
116,142,116,142,0.0
116,143,116,143,0.0
116,144,116,144,0.0
116,145,116,145,0.0
116,146,116,146,0.0
116,147,116,147,0.0
116,148,116,148,0.0
116,149,116,149,0.0
116,150,116,150,0.0
116,151,116,151,0.0
116,152,116,152,0.0
116,153,116,153,0.0
116,154,116,154,0.0
116,155,116,155,0.0
116,156,116,156,0.0
116,157,116,157,0.0
116,158,116,158,0.0
116,159,116,159,0.0
116,160,116,160,0.0
116,161,116,161,0.0
116,162,116,162,0.0
116,163,116,163,0.0
116,164,116,164,0.0
116,165,116,165,0.0
116,166,116,166,0.0
116,167,116,167,0.0
116,168,116,168,0.0
116,169,116,169,0.0
116,170,116,170,0.0
116,171,116,171,0.0
116,172,116,172,0.0
116,173,116,173,0.0
116,174,116,174,0.0
116,175,116,175,0.0
116,176,116,176,0.0
116,177,116,177,0.0
116,178,116,178,0.0
116,179,116,179,0.0
116,180,116,180,0.0
116,181,116,181,0.0
116,182,116,182,0.0
116,183,116,183,0.0
116,184,116,184,0.0
116,185,116,185,0.0
116,186,116,186,0.0
116,187,116,187,0.0
116,188,116,188,0.0
116,189,116,189,0.0
116,190,116,190,0.0
116,191,116,191,0.0
116,192,116,192,0.0
116,193,116,193,0.0
116,194,116,194,0.0
116,195,116,195,0.0
116,196,116,196,0.0
116,197,116,197,0.0
116,198,116,198,0.0
116,199,116,199,0.0
116,200,116,200,0.0
116,201,116,201,0.0
116,202,116,202,0.0
116,203,116,203,0.0
116,204,116,204,0.0
116,205,116,205,0.0
116,206,116,206,0.0
116,207,116,207,0.0
116,208,116,208,0.0
116,209,116,209,0.0
116,210,116,210,0.0
116,211,116,211,0.0
116,212,116,212,0.0
116,213,116,213,0.0
116,214,116,214,0.0
116,215,116,215,0.0
116,216,116,216,0.0
116,217,116,217,0.0
116,218,116,218,0.0
116,219,116,219,0.0
116,220,116,220,0.0
116,221,116,221,0.0
116,222,116,222,0.0
116,223,116,223,0.0
116,224,116,224,0.0
116,225,116,225,0.0
116,226,116,226,0.0
116,227,116,227,0.0
116,228,116,228,0.0
116,229,116,229,0.0
116,230,116,230,0.0
116,231,116,231,0.0
116,232,116,232,0.0
116,233,116,233,0.0
116,234,116,234,0.0
116,235,116,235,0.0
116,236,116,236,0.0
116,237,116,237,0.0
116,238,116,238,0.0
116,239,116,239,0.0
116,240,116,240,0.0
116,241,116,241,0.0
116,242,116,242,0.0
116,243,116,243,0.0
116,244,116,244,0.0
116,245,116,245,0.0
116,246,116,246,0.0
116,247,116,247,0.0
116,248,116,248,0.0
116,249,116,249,0.0
116,250,116,250,0.0
116,251,116,251,0.0
116,252,116,252,0.0
116,253,116,253,0.0
116,254,116,254,0.0
116,255,116,255,0.0
116,256,116,256,0.0
116,257,116,257,0.0
116,258,116,258,0.0
116,259,116,259,0.0
116,260,116,260,0.0
116,261,116,261,0.0
116,262,116,262,0.0
116,263,116,263,0.0
116,264,116,264,0.0
116,265,116,265,0.0
116,266,116,266,0.0
116,267,116,267,0.0
116,268,116,268,0.0
116,269,116,269,0.0
116,270,116,270,0.0
116,271,116,271,0.0
116,272,116,272,0.0
116,273,116,273,0.0
116,274,116,274,0.0
116,275,116,275,0.0
116,276,116,276,0.0
116,277,116,277,0.0
116,278,116,278,0.0
116,279,116,279,0.0
116,280,116,280,0.0
116,281,116,281,0.0
116,282,116,282,0.0
116,283,116,283,0.0
116,284,116,284,0.0
116,285,116,285,0.0
116,286,116,286,0.0
116,287,116,287,0.0
116,288,116,288,0.0
116,289,116,289,0.0
116,290,116,290,0.0
116,291,116,291,0.0
116,292,116,292,0.0
116,293,116,293,0.0
116,294,116,294,0.0
116,295,116,295,0.0
116,296,116,296,0.0
116,297,116,297,0.0
116,298,116,298,0.0
117,118,117,118,0.0
117,119,117,119,0.0
117,120,117,120,0.0
117,121,117,121,0.0
117,122,117,122,0.0
117,123,117,123,0.0
117,124,117,124,0.0
117,125,117,125,0.0
117,126,117,126,0.0
117,127,117,127,0.0
117,128,117,128,0.0
117,129,117,129,0.0
117,130,117,130,0.0
117,131,117,131,0.0
117,132,117,132,0.0
117,133,117,133,0.0
117,134,117,134,0.0
117,135,117,135,0.0
117,136,117,136,0.0
117,137,117,137,0.0
117,138,117,138,0.0
117,139,117,139,0.0
117,140,117,140,0.0
117,141,117,141,0.0
117,142,117,142,0.0
117,143,117,143,0.0
117,144,117,144,0.0
117,145,117,145,0.0
117,146,117,146,0.0
117,147,117,147,0.0
117,148,117,148,0.0
117,149,117,149,0.0
117,150,117,150,0.0
117,151,117,151,0.0
117,152,117,152,0.0
117,153,117,153,0.0
117,154,117,154,0.0
117,155,117,155,0.0
117,156,117,156,0.0
117,157,117,157,0.0
117,158,117,158,0.0
117,159,117,159,0.0
117,160,117,160,0.0
117,161,117,161,0.0
117,162,117,162,0.0
117,163,117,163,0.0
117,164,117,164,0.0
117,165,117,165,0.0
117,166,117,166,0.0
117,167,117,167,0.0
117,168,117,168,0.0
117,169,117,169,0.0
117,170,117,170,0.0
117,171,117,171,0.0
117,172,117,172,0.0
117,173,117,173,0.0
117,174,117,174,0.0
117,175,117,175,0.0
117,176,117,176,0.0
117,177,117,177,0.0
117,178,117,178,0.0
117,179,117,179,0.0
117,180,117,180,0.0
117,181,117,181,0.0
117,182,117,182,0.0
117,183,117,183,0.0
117,184,117,184,0.0
117,185,117,185,0.0
117,186,117,186,0.0
117,187,117,187,0.0
117,188,117,188,0.0
117,189,117,189,0.0
117,190,117,190,0.0
117,191,117,191,0.0
117,192,117,192,0.0
117,193,117,193,0.0
117,194,117,194,0.0
117,195,117,195,0.0
117,196,117,196,0.0
117,197,117,197,0.0
117,198,117,198,0.0
117,199,117,199,0.0
117,200,117,200,0.0
117,201,117,201,0.0
117,202,117,202,0.0
117,203,117,203,0.0
117,204,117,204,0.0
117,205,117,205,0.0
117,206,117,206,0.0
117,207,117,207,0.0
117,208,117,208,0.0
117,209,117,209,0.0
117,210,117,210,0.0
117,211,117,211,0.0
117,212,117,212,0.0
117,213,117,213,0.0
117,214,117,214,0.0
117,215,117,215,0.0
117,216,117,216,0.0
117,217,117,217,0.0
117,218,117,218,0.0
117,219,117,219,0.0
117,220,117,220,0.0
117,221,117,221,0.0
117,222,117,222,0.0
117,223,117,223,0.0
117,224,117,224,0.0
117,225,117,225,0.0
117,226,117,226,0.0
117,227,117,227,0.0
117,228,117,228,0.0
117,229,117,229,0.0
117,230,117,230,0.0
117,231,117,231,0.0
117,232,117,232,0.0
117,233,117,233,0.0
117,234,117,234,0.0
117,235,117,235,0.0
117,236,117,236,0.0
117,237,117,237,0.0
117,238,117,238,0.0
117,239,117,239,0.0
117,240,117,240,0.0
117,241,117,241,0.0
117,242,117,242,0.0
117,243,117,243,0.0
117,244,117,244,0.0
117,245,117,245,0.0
117,246,117,246,0.0
117,247,117,247,0.0
117,248,117,248,0.0
117,249,117,249,0.0
117,250,117,250,0.0
117,251,117,251,0.0
117,252,117,252,0.0
117,253,117,253,0.0
117,254,117,254,0.0
117,255,117,255,0.0
117,256,117,256,0.0
117,257,117,257,0.0
117,258,117,258,0.0
117,259,117,259,0.0
117,260,117,260,0.0
117,261,117,261,0.0
117,262,117,262,0.0
117,263,117,263,0.0
117,264,117,264,0.0
117,265,117,265,0.0
117,266,117,266,0.0
117,267,117,267,0.0
117,268,117,268,0.0
117,269,117,269,0.0
117,270,117,270,0.0
117,271,117,271,0.0
117,272,117,272,0.0
117,273,117,273,0.0
117,274,117,274,0.0
117,275,117,275,0.0
117,276,117,276,0.0
117,277,117,277,0.0
117,278,117,278,0.0
117,279,117,279,0.0
117,280,117,280,0.0
117,281,117,281,0.0
117,282,117,282,0.0
117,283,117,283,0.0
117,284,117,284,0.0
117,285,117,285,0.0
117,286,117,286,0.0
117,287,117,287,0.0
117,288,117,288,0.0
117,289,117,289,0.0
117,290,117,290,0.0
117,291,117,291,0.0
117,292,117,292,0.0
117,293,117,293,0.0
117,294,117,294,0.0
117,295,117,295,0.0
117,296,117,296,0.0
117,297,117,297,0.0
117,298,117,298,0.0
118,119,118,119,0.0
118,120,118,120,0.0
118,121,118,121,0.0
118,122,118,122,0.0
118,123,118,123,0.0
118,124,118,124,0.0
118,125,118,125,0.0
118,126,118,126,0.0
118,127,118,127,0.0
118,128,118,128,0.0
118,129,118,129,0.0
118,130,118,130,0.0
118,131,118,131,0.0
118,132,118,132,0.0
118,133,118,133,0.0
118,134,118,134,0.0
118,135,118,135,0.0
118,136,118,136,0.0
118,137,118,137,0.0
118,138,118,138,0.0
118,139,118,139,0.0
118,140,118,140,0.0
118,141,118,141,0.0
118,142,118,142,0.0
118,143,118,143,0.0
118,144,118,144,0.0
118,145,118,145,0.0
118,146,118,146,0.0
118,147,118,147,0.0
118,148,118,148,0.0
118,149,118,149,0.0
118,150,118,150,0.0
118,151,118,151,0.0
118,152,118,152,0.0
118,153,118,153,0.0
118,154,118,154,0.0
118,155,118,155,0.0
118,156,118,156,0.0
118,157,118,157,0.0
118,158,118,158,0.0
118,159,118,159,0.0
118,160,118,160,0.0
118,161,118,161,0.0
118,162,118,162,0.0
118,163,118,163,0.0
118,164,118,164,0.0
118,165,118,165,0.0
118,166,118,166,0.0
118,167,118,167,0.0
118,168,118,168,0.0
118,169,118,169,0.0
118,170,118,170,0.0
118,171,118,171,0.0
118,172,118,172,0.0
118,173,118,173,0.0
118,174,118,174,0.0
118,175,118,175,0.0
118,176,118,176,0.0
118,177,118,177,0.0
118,178,118,178,0.0
118,179,118,179,0.0
118,180,118,180,0.0
118,181,118,181,0.0
118,182,118,182,0.0
118,183,118,183,0.0
118,184,118,184,0.0
118,185,118,185,0.0
118,186,118,186,0.0
118,187,118,187,0.0
118,188,118,188,0.0
118,189,118,189,0.0
118,190,118,190,0.0
118,191,118,191,0.0
118,192,118,192,0.0
118,193,118,193,0.0
118,194,118,194,0.0
118,195,118,195,0.0
118,196,118,196,0.0
118,197,118,197,0.0
118,198,118,198,0.0
118,199,118,199,0.0
118,200,118,200,0.0
118,201,118,201,0.0
118,202,118,202,0.0
118,203,118,203,0.0
118,204,118,204,0.0
118,205,118,205,0.0
118,206,118,206,0.0
118,207,118,207,0.0
118,208,118,208,0.0
118,209,118,209,0.0
118,210,118,210,0.0
118,211,118,211,0.0
118,212,118,212,0.0
118,213,118,213,0.0
118,214,118,214,0.0
118,215,118,215,0.0
118,216,118,216,0.0
118,217,118,217,0.0
118,218,118,218,0.0
118,219,118,219,0.0
118,220,118,220,0.0
118,221,118,221,0.0
118,222,118,222,0.0
118,223,118,223,0.0
118,224,118,224,0.0
118,225,118,225,0.0
118,226,118,226,0.0
118,227,118,227,0.0
118,228,118,228,0.0
118,229,118,229,0.0
118,230,118,230,0.0
118,231,118,231,0.0
118,232,118,232,0.0
118,233,118,233,0.0
118,234,118,234,0.0
118,235,118,235,0.0
118,236,118,236,0.0
118,237,118,237,0.0
118,238,118,238,0.0
118,239,118,239,0.0
118,240,118,240,0.0
118,241,118,241,0.0
118,242,118,242,0.0
118,243,118,243,0.0
118,244,118,244,0.0
118,245,118,245,0.0
118,246,118,246,0.0
118,247,118,247,0.0
118,248,118,248,0.0
118,249,118,249,0.0
118,250,118,250,0.0
118,251,118,251,0.0
118,252,118,252,0.0
118,253,118,253,0.0
118,254,118,254,0.0
118,255,118,255,0.0
118,256,118,256,0.0
118,257,118,257,0.0
118,258,118,258,0.0
118,259,118,259,0.0
118,260,118,260,0.0
118,261,118,261,0.0
118,262,118,262,0.0
118,263,118,263,0.0
118,264,118,264,0.0
118,265,118,265,0.0
118,266,118,266,0.0
118,267,118,267,0.0
118,268,118,268,0.0
118,269,118,269,0.0
118,270,118,270,0.0
118,271,118,271,0.0
118,272,118,272,0.0
118,273,118,273,0.0
118,274,118,274,0.0
118,275,118,275,0.0
118,276,118,276,0.0
118,277,118,277,0.0
118,278,118,278,0.0
118,279,118,279,0.0
118,280,118,280,0.0
118,281,118,281,0.0
118,282,118,282,0.0
118,283,118,283,0.0
118,284,118,284,0.0
118,285,118,285,0.0
118,286,118,286,0.0
118,287,118,287,0.0
118,288,118,288,0.0
118,289,118,289,0.0
118,290,118,290,0.0
118,291,118,291,0.0
118,292,118,292,0.0
118,293,118,293,0.0
118,294,118,294,0.0
118,295,118,295,0.0
118,296,118,296,0.0
118,297,118,297,0.0
118,298,118,298,0.0
119,120,119,120,0.0
119,121,119,121,0.0
119,122,119,122,0.0
119,123,119,123,0.0
119,124,119,124,0.0
119,125,119,125,0.0
119,126,119,126,0.0
119,127,119,127,0.0
119,128,119,128,0.0
119,129,119,129,0.0
119,130,119,130,0.0
119,131,119,131,0.0
119,132,119,132,0.0
119,133,119,133,0.0
119,134,119,134,0.0
119,135,119,135,0.0
119,136,119,136,0.0
119,137,119,137,0.0
119,138,119,138,0.0
119,139,119,139,0.0
119,140,119,140,0.0
119,141,119,141,0.0
119,142,119,142,0.0
119,143,119,143,0.0
119,144,119,144,0.0
119,145,119,145,0.0
119,146,119,146,0.0
119,147,119,147,0.0
119,148,119,148,0.0
119,149,119,149,0.0
119,150,119,150,0.0
119,151,119,151,0.0
119,152,119,152,0.0
119,153,119,153,0.0
119,154,119,154,0.0
119,155,119,155,0.0
119,156,119,156,0.0
119,157,119,157,0.0
119,158,119,158,0.0
119,159,119,159,0.0
119,160,119,160,0.0
119,161,119,161,0.0
119,162,119,162,0.0
119,163,119,163,0.0
119,164,119,164,0.0
119,165,119,165,0.0
119,166,119,166,0.0
119,167,119,167,0.0
119,168,119,168,0.0
119,169,119,169,0.0
119,170,119,170,0.0
119,171,119,171,0.0
119,172,119,172,0.0
119,173,119,173,0.0
119,174,119,174,0.0
119,175,119,175,0.0
119,176,119,176,0.0
119,177,119,177,0.0
119,178,119,178,0.0
119,179,119,179,0.0
119,180,119,180,0.0
119,181,119,181,0.0
119,182,119,182,0.0
119,183,119,183,0.0
119,184,119,184,0.0
119,185,119,185,0.0
119,186,119,186,0.0
119,187,119,187,0.0
119,188,119,188,0.0
119,189,119,189,0.0
119,190,119,190,0.0
119,191,119,191,0.0
119,192,119,192,0.0
119,193,119,193,0.0
119,194,119,194,0.0
119,195,119,195,0.0
119,196,119,196,0.0
119,197,119,197,0.0
119,198,119,198,0.0
119,199,119,199,0.0
119,200,119,200,0.0
119,201,119,201,0.0
119,202,119,202,0.0
119,203,119,203,0.0
119,204,119,204,0.0
119,205,119,205,0.0
119,206,119,206,0.0
119,207,119,207,0.0
119,208,119,208,0.0
119,209,119,209,0.0
119,210,119,210,0.0
119,211,119,211,0.0
119,212,119,212,0.0
119,213,119,213,0.0
119,214,119,214,0.0
119,215,119,215,0.0
119,216,119,216,0.0
119,217,119,217,0.0
119,218,119,218,0.0
119,219,119,219,0.0
119,220,119,220,0.0
119,221,119,221,0.0
119,222,119,222,0.0
119,223,119,223,0.0
119,224,119,224,0.0
119,225,119,225,0.0
119,226,119,226,0.0
119,227,119,227,0.0
119,228,119,228,0.0
119,229,119,229,0.0
119,230,119,230,0.0
119,231,119,231,0.0
119,232,119,232,0.0
119,233,119,233,0.0
119,234,119,234,0.0
119,235,119,235,0.0
119,236,119,236,0.0
119,237,119,237,0.0
119,238,119,238,0.0
119,239,119,239,0.0
119,240,119,240,0.0
119,241,119,241,0.0
119,242,119,242,0.0
119,243,119,243,0.0
119,244,119,244,0.0
119,245,119,245,0.0
119,246,119,246,0.0
119,247,119,247,0.0
119,248,119,248,0.0
119,249,119,249,0.0
119,250,119,250,0.0
119,251,119,251,0.0
119,252,119,252,0.0
119,253,119,253,0.0
119,254,119,254,0.0
119,255,119,255,0.0
119,256,119,256,0.0
119,257,119,257,0.0
119,258,119,258,0.0
119,259,119,259,0.0
119,260,119,260,0.0
119,261,119,261,0.0
119,262,119,262,0.0
119,263,119,263,0.0
119,264,119,264,0.0
119,265,119,265,0.0
119,266,119,266,0.0
119,267,119,267,0.0
119,268,119,268,0.0
119,269,119,269,0.0
119,270,119,270,0.0
119,271,119,271,0.0
119,272,119,272,0.0
119,273,119,273,0.0
119,274,119,274,0.0
119,275,119,275,0.0
119,276,119,276,0.0
119,277,119,277,0.0
119,278,119,278,0.0
119,279,119,279,0.0
119,280,119,280,0.0
119,281,119,281,0.0
119,282,119,282,0.0
119,283,119,283,0.0
119,284,119,284,0.0
119,285,119,285,0.0
119,286,119,286,0.0
119,287,119,287,0.0
119,288,119,288,0.0
119,289,119,289,0.0
119,290,119,290,0.0
119,291,119,291,0.0
119,292,119,292,0.0
119,293,119,293,0.0
119,294,119,294,0.0
119,295,119,295,0.0
119,296,119,296,0.0
119,297,119,297,0.0
119,298,119,298,0.0
120,121,120,121,0.0
120,122,120,122,0.0
120,123,120,123,0.0
120,124,120,124,0.0
120,125,120,125,0.0
120,126,120,126,0.0
120,127,120,127,0.0
120,128,120,128,0.0
120,129,120,129,0.0
120,130,120,130,0.0
120,131,120,131,0.0
120,132,120,132,0.0
120,133,120,133,0.0
120,134,120,134,0.0
120,135,120,135,0.0
120,136,120,136,0.0
120,137,120,137,0.0
120,138,120,138,0.0
120,139,120,139,0.0
120,140,120,140,0.0
120,141,120,141,0.0
120,142,120,142,0.0
120,143,120,143,0.0
120,144,120,144,0.0
120,145,120,145,0.0
120,146,120,146,0.0
120,147,120,147,0.0
120,148,120,148,0.0
120,149,120,149,0.0
120,150,120,150,0.0
120,151,120,151,0.0
120,152,120,152,0.0
120,153,120,153,0.0
120,154,120,154,0.0
120,155,120,155,0.0
120,156,120,156,0.0
120,157,120,157,0.0
120,158,120,158,0.0
120,159,120,159,0.0
120,160,120,160,0.0
120,161,120,161,0.0
120,162,120,162,0.0
120,163,120,163,0.0
120,164,120,164,0.0
120,165,120,165,0.0
120,166,120,166,0.0
120,167,120,167,0.0
120,168,120,168,0.0
120,169,120,169,0.0
120,170,120,170,0.0
120,171,120,171,0.0
120,172,120,172,0.0
120,173,120,173,0.0
120,174,120,174,0.0
120,175,120,175,0.0
120,176,120,176,0.0
120,177,120,177,0.0
120,178,120,178,0.0
120,179,120,179,0.0
120,180,120,180,0.0
120,181,120,181,0.0
120,182,120,182,0.0
120,183,120,183,0.0
120,184,120,184,0.0
120,185,120,185,0.0
120,186,120,186,0.0
120,187,120,187,0.0
120,188,120,188,0.0
120,189,120,189,0.0
120,190,120,190,0.0
120,191,120,191,0.0
120,192,120,192,0.0
120,193,120,193,0.0
120,194,120,194,0.0
120,195,120,195,0.0
120,196,120,196,0.0
120,197,120,197,0.0
120,198,120,198,0.0
120,199,120,199,0.0
120,200,120,200,0.0
120,201,120,201,0.0
120,202,120,202,0.0
120,203,120,203,0.0
120,204,120,204,0.0
120,205,120,205,0.0
120,206,120,206,0.0
120,207,120,207,0.0
120,208,120,208,0.0
120,209,120,209,0.0
120,210,120,210,0.0
120,211,120,211,0.0
120,212,120,212,0.0
120,213,120,213,0.0
120,214,120,214,0.0
120,215,120,215,0.0
120,216,120,216,0.0
120,217,120,217,0.0
120,218,120,218,0.0
120,219,120,219,0.0
120,220,120,220,0.0
120,221,120,221,0.0
120,222,120,222,0.0
120,223,120,223,0.0
120,224,120,224,0.0
120,225,120,225,0.0
120,226,120,226,0.0
120,227,120,227,0.0
120,228,120,228,0.0
120,229,120,229,0.0
120,230,120,230,0.0
120,231,120,231,0.0
120,232,120,232,0.0
120,233,120,233,0.0
120,234,120,234,0.0
120,235,120,235,0.0
120,236,120,236,0.0
120,237,120,237,0.0
120,238,120,238,0.0
120,239,120,239,0.0
120,240,120,240,0.0
120,241,120,241,0.0
120,242,120,242,0.0
120,243,120,243,0.0
120,244,120,244,0.0
120,245,120,245,0.0
120,246,120,246,0.0
120,247,120,247,0.0
120,248,120,248,0.0
120,249,120,249,0.0
120,250,120,250,0.0
120,251,120,251,0.0
120,252,120,252,0.0
120,253,120,253,0.0
120,254,120,254,0.0
120,255,120,255,0.0
120,256,120,256,0.0
120,257,120,257,0.0
120,258,120,258,0.0
120,259,120,259,0.0
120,260,120,260,0.0
120,261,120,261,0.0
120,262,120,262,0.0
120,263,120,263,0.0
120,264,120,264,0.0
120,265,120,265,0.0
120,266,120,266,0.0
120,267,120,267,0.0
120,268,120,268,0.0
120,269,120,269,0.0
120,270,120,270,0.0
120,271,120,271,0.0
120,272,120,272,0.0
120,273,120,273,0.0
120,274,120,274,0.0
120,275,120,275,0.0
120,276,120,276,0.0
120,277,120,277,0.0
120,278,120,278,0.0
120,279,120,279,0.0
120,280,120,280,0.0
120,281,120,281,0.0
120,282,120,282,0.0
120,283,120,283,0.0
120,284,120,284,0.0
120,285,120,285,0.0
120,286,120,286,0.0
120,287,120,287,0.0
120,288,120,288,0.0
120,289,120,289,0.0
120,290,120,290,0.0
120,291,120,291,0.0
120,292,120,292,0.0
120,293,120,293,0.0
120,294,120,294,0.0
120,295,120,295,0.0
120,296,120,296,0.0
120,297,120,297,0.0
120,298,120,298,0.0
121,122,121,122,0.0
121,123,121,123,0.0
121,124,121,124,0.0
121,125,121,125,0.0
121,126,121,126,0.0
121,127,121,127,0.0
121,128,121,128,0.0
121,129,121,129,0.0
121,130,121,130,0.0
121,131,121,131,0.0
121,132,121,132,0.0
121,133,121,133,0.0
121,134,121,134,0.0
121,135,121,135,0.0
121,136,121,136,0.0
121,137,121,137,0.0
121,138,121,138,0.0
121,139,121,139,0.0
121,140,121,140,0.0
121,141,121,141,0.0
121,142,121,142,0.0
121,143,121,143,0.0
121,144,121,144,0.0
121,145,121,145,0.0
121,146,121,146,0.0
121,147,121,147,0.0
121,148,121,148,0.0
121,149,121,149,0.0
121,150,121,150,0.0
121,151,121,151,0.0
121,152,121,152,0.0
121,153,121,153,0.0
121,154,121,154,0.0
121,155,121,155,0.0
121,156,121,156,0.0
121,157,121,157,0.0
121,158,121,158,0.0
121,159,121,159,0.0
121,160,121,160,0.0
121,161,121,161,0.0
121,162,121,162,0.0
121,163,121,163,0.0
121,164,121,164,0.0
121,165,121,165,0.0
121,166,121,166,0.0
121,167,121,167,0.0
121,168,121,168,0.0
121,169,121,169,0.0
121,170,121,170,0.0
121,171,121,171,0.0
121,172,121,172,0.0
121,173,121,173,0.0
121,174,121,174,0.0
121,175,121,175,0.0
121,176,121,176,0.0
121,177,121,177,0.0
121,178,121,178,0.0
121,179,121,179,0.0
121,180,121,180,0.0
121,181,121,181,0.0
121,182,121,182,0.0
121,183,121,183,0.0
121,184,121,184,0.0
121,185,121,185,0.0
121,186,121,186,0.0
121,187,121,187,0.0
121,188,121,188,0.0
121,189,121,189,0.0
121,190,121,190,0.0
121,191,121,191,0.0
121,192,121,192,0.0
121,193,121,193,0.0
121,194,121,194,0.0
121,195,121,195,0.0
121,196,121,196,0.0
121,197,121,197,0.0
121,198,121,198,0.0
121,199,121,199,0.0
121,200,121,200,0.0
121,201,121,201,0.0
121,202,121,202,0.0
121,203,121,203,0.0
121,204,121,204,0.0
121,205,121,205,0.0
121,206,121,206,0.0
121,207,121,207,0.0
121,208,121,208,0.0
121,209,121,209,0.0
121,210,121,210,0.0
121,211,121,211,0.0
121,212,121,212,0.0
121,213,121,213,0.0
121,214,121,214,0.0
121,215,121,215,0.0
121,216,121,216,0.0
121,217,121,217,0.0
121,218,121,218,0.0
121,219,121,219,0.0
121,220,121,220,0.0
121,221,121,221,0.0
121,222,121,222,0.0
121,223,121,223,0.0
121,224,121,224,0.0
121,225,121,225,0.0
121,226,121,226,0.0
121,227,121,227,0.0
121,228,121,228,0.0
121,229,121,229,0.0
121,230,121,230,0.0
121,231,121,231,0.0
121,232,121,232,0.0
121,233,121,233,0.0
121,234,121,234,0.0
121,235,121,235,0.0
121,236,121,236,0.0
121,237,121,237,0.0
121,238,121,238,0.0
121,239,121,239,0.0
121,240,121,240,0.0
121,241,121,241,0.0
121,242,121,242,0.0
121,243,121,243,0.0
121,244,121,244,0.0
121,245,121,245,0.0
121,246,121,246,0.0
121,247,121,247,0.0
121,248,121,248,0.0
121,249,121,249,0.0
121,250,121,250,0.0
121,251,121,251,0.0
121,252,121,252,0.0
121,253,121,253,0.0
121,254,121,254,0.0
121,255,121,255,0.0
121,256,121,256,0.0
121,257,121,257,0.0
121,258,121,258,0.0
121,259,121,259,0.0
121,260,121,260,0.0
121,261,121,261,0.0
121,262,121,262,0.0
121,263,121,263,0.0
121,264,121,264,0.0
121,265,121,265,0.0
121,266,121,266,0.0
121,267,121,267,0.0
121,268,121,268,0.0
121,269,121,269,0.0
121,270,121,270,0.0
121,271,121,271,0.0
121,272,121,272,0.0
121,273,121,273,0.0
121,274,121,274,0.0
121,275,121,275,0.0
121,276,121,276,0.0
121,277,121,277,0.0
121,278,121,278,0.0
121,279,121,279,0.0
121,280,121,280,0.0
121,281,121,281,0.0
121,282,121,282,0.0
121,283,121,283,0.0
121,284,121,284,0.0
121,285,121,285,0.0
121,286,121,286,0.0
121,287,121,287,0.0
121,288,121,288,0.0
121,289,121,289,0.0
121,290,121,290,0.0
121,291,121,291,0.0
121,292,121,292,0.0
121,293,121,293,0.0
121,294,121,294,0.0
121,295,121,295,0.0
121,296,121,296,0.0
121,297,121,297,0.0
121,298,121,298,0.0
122,123,122,123,0.0
122,124,122,124,0.0
122,125,122,125,0.0
122,126,122,126,0.0
122,127,122,127,0.0
122,128,122,128,0.0
122,129,122,129,0.0
122,130,122,130,0.0
122,131,122,131,0.0
122,132,122,132,0.0
122,133,122,133,0.0
122,134,122,134,0.0
122,135,122,135,0.0
122,136,122,136,0.0
122,137,122,137,0.0
122,138,122,138,0.0
122,139,122,139,0.0
122,140,122,140,0.0
122,141,122,141,0.0
122,142,122,142,0.0
122,143,122,143,0.0
122,144,122,144,0.0
122,145,122,145,0.0
122,146,122,146,0.0
122,147,122,147,0.0
122,148,122,148,0.0
122,149,122,149,0.0
122,150,122,150,0.0
122,151,122,151,0.0
122,152,122,152,0.0
122,153,122,153,0.0
122,154,122,154,0.0
122,155,122,155,0.0
122,156,122,156,0.0
122,157,122,157,0.0
122,158,122,158,0.0
122,159,122,159,0.0
122,160,122,160,0.0
122,161,122,161,0.0
122,162,122,162,0.0
122,163,122,163,0.0
122,164,122,164,0.0
122,165,122,165,0.0
122,166,122,166,0.0
122,167,122,167,0.0
122,168,122,168,0.0
122,169,122,169,0.0
122,170,122,170,0.0
122,171,122,171,0.0
122,172,122,172,0.0
122,173,122,173,0.0
122,174,122,174,0.0
122,175,122,175,0.0
122,176,122,176,0.0
122,177,122,177,0.0
122,178,122,178,0.0
122,179,122,179,0.0
122,180,122,180,0.0
122,181,122,181,0.0
122,182,122,182,0.0
122,183,122,183,0.0
122,184,122,184,0.0
122,185,122,185,0.0
122,186,122,186,0.0
122,187,122,187,0.0
122,188,122,188,0.0
122,189,122,189,0.0
122,190,122,190,0.0
122,191,122,191,0.0
122,192,122,192,0.0
122,193,122,193,0.0
122,194,122,194,0.0
122,195,122,195,0.0
122,196,122,196,0.0
122,197,122,197,0.0
122,198,122,198,0.0
122,199,122,199,0.0
122,200,122,200,0.0
122,201,122,201,0.0
122,202,122,202,0.0
122,203,122,203,0.0
122,204,122,204,0.0
122,205,122,205,0.0
122,206,122,206,0.0
122,207,122,207,0.0
122,208,122,208,0.0
122,209,122,209,0.0
122,210,122,210,0.0
122,211,122,211,0.0
122,212,122,212,0.0
122,213,122,213,0.0
122,214,122,214,0.0
122,215,122,215,0.0
122,216,122,216,0.0
122,217,122,217,0.0
122,218,122,218,0.0
122,219,122,219,0.0
122,220,122,220,0.0
122,221,122,221,0.0
122,222,122,222,0.0
122,223,122,223,0.0
122,224,122,224,0.0
122,225,122,225,0.0
122,226,122,226,0.0
122,227,122,227,0.0
122,228,122,228,0.0
122,229,122,229,0.0
122,230,122,230,0.0
122,231,122,231,0.0
122,232,122,232,0.0
122,233,122,233,0.0
122,234,122,234,0.0
122,235,122,235,0.0
122,236,122,236,0.0
122,237,122,237,0.0
122,238,122,238,0.0
122,239,122,239,0.0
122,240,122,240,0.0
122,241,122,241,0.0
122,242,122,242,0.0
122,243,122,243,0.0
122,244,122,244,0.0
122,245,122,245,0.0
122,246,122,246,0.0
122,247,122,247,0.0
122,248,122,248,0.0
122,249,122,249,0.0
122,250,122,250,0.0
122,251,122,251,0.0
122,252,122,252,0.0
122,253,122,253,0.0
122,254,122,254,0.0
122,255,122,255,0.0
122,256,122,256,0.0
122,257,122,257,0.0
122,258,122,258,0.0
122,259,122,259,0.0
122,260,122,260,0.0
122,261,122,261,0.0
122,262,122,262,0.0
122,263,122,263,0.0
122,264,122,264,0.0
122,265,122,265,0.0
122,266,122,266,0.0
122,267,122,267,0.0
122,268,122,268,0.0
122,269,122,269,0.0
122,270,122,270,0.0
122,271,122,271,0.0
122,272,122,272,0.0
122,273,122,273,0.0
122,274,122,274,0.0
122,275,122,275,0.0
122,276,122,276,0.0
122,277,122,277,0.0
122,278,122,278,0.0
122,279,122,279,0.0
122,280,122,280,0.0
122,281,122,281,0.0
122,282,122,282,0.0
122,283,122,283,0.0
122,284,122,284,0.0
122,285,122,285,0.0
122,286,122,286,0.0
122,287,122,287,0.0
122,288,122,288,0.0
122,289,122,289,0.0
122,290,122,290,0.0
122,291,122,291,0.0
122,292,122,292,0.0
122,293,122,293,0.0
122,294,122,294,0.0
122,295,122,295,0.0
122,296,122,296,0.0
122,297,122,297,0.0
122,298,122,298,0.0
123,124,123,124,0.0
123,125,123,125,0.0
123,126,123,126,0.0
123,127,123,127,0.0
123,128,123,128,0.0
123,129,123,129,0.0
123,130,123,130,0.0
123,131,123,131,0.0
123,132,123,132,0.0
123,133,123,133,0.0
123,134,123,134,0.0
123,135,123,135,0.0
123,136,123,136,0.0
123,137,123,137,0.0
123,138,123,138,0.0
123,139,123,139,0.0
123,140,123,140,0.0
123,141,123,141,0.0
123,142,123,142,0.0
123,143,123,143,0.0
123,144,123,144,0.0
123,145,123,145,0.0
123,146,123,146,0.0
123,147,123,147,0.0
123,148,123,148,0.0
123,149,123,149,0.0
123,150,123,150,0.0
123,151,123,151,0.0
123,152,123,152,0.0
123,153,123,153,0.0
123,154,123,154,0.0
123,155,123,155,0.0
123,156,123,156,0.0
123,157,123,157,0.0
123,158,123,158,0.0
123,159,123,159,0.0
123,160,123,160,0.0
123,161,123,161,0.0
123,162,123,162,0.0
123,163,123,163,0.0
123,164,123,164,0.0
123,165,123,165,0.0
123,166,123,166,0.0
123,167,123,167,0.0
123,168,123,168,0.0
123,169,123,169,0.0
123,170,123,170,0.0
123,171,123,171,0.0
123,172,123,172,0.0
123,173,123,173,0.0
123,174,123,174,0.0
123,175,123,175,0.0
123,176,123,176,0.0
123,177,123,177,0.0
123,178,123,178,0.0
123,179,123,179,0.0
123,180,123,180,0.0
123,181,123,181,0.0
123,182,123,182,0.0
123,183,123,183,0.0
123,184,123,184,0.0
123,185,123,185,0.0
123,186,123,186,0.0
123,187,123,187,0.0
123,188,123,188,0.0
123,189,123,189,0.0
123,190,123,190,0.0
123,191,123,191,0.0
123,192,123,192,0.0
123,193,123,193,0.0
123,194,123,194,0.0
123,195,123,195,0.0
123,196,123,196,0.0
123,197,123,197,0.0
123,198,123,198,0.0
123,199,123,199,0.0
123,200,123,200,0.0
123,201,123,201,0.0
123,202,123,202,0.0
123,203,123,203,0.0
123,204,123,204,0.0
123,205,123,205,0.0
123,206,123,206,0.0
123,207,123,207,0.0
123,208,123,208,0.0
123,209,123,209,0.0
123,210,123,210,0.0
123,211,123,211,0.0
123,212,123,212,0.0
123,213,123,213,0.0
123,214,123,214,0.0
123,215,123,215,0.0
123,216,123,216,0.0
123,217,123,217,0.0
123,218,123,218,0.0
123,219,123,219,0.0
123,220,123,220,0.0
123,221,123,221,0.0
123,222,123,222,0.0
123,223,123,223,0.0
123,224,123,224,0.0
123,225,123,225,0.0
123,226,123,226,0.0
123,227,123,227,0.0
123,228,123,228,0.0
123,229,123,229,0.0
123,230,123,230,0.0
123,231,123,231,0.0
123,232,123,232,0.0
123,233,123,233,0.0
123,234,123,234,0.0
123,235,123,235,0.0
123,236,123,236,0.0
123,237,123,237,0.0
123,238,123,238,0.0
123,239,123,239,0.0
123,240,123,240,0.0
123,241,123,241,0.0
123,242,123,242,0.0
123,243,123,243,0.0
123,244,123,244,0.0
123,245,123,245,0.0
123,246,123,246,0.0
123,247,123,247,0.0
123,248,123,248,0.0
123,249,123,249,0.0
123,250,123,250,0.0
123,251,123,251,0.0
123,252,123,252,0.0
123,253,123,253,0.0
123,254,123,254,0.0
123,255,123,255,0.0
123,256,123,256,0.0
123,257,123,257,0.0
123,258,123,258,0.0
123,259,123,259,0.0
123,260,123,260,0.0
123,261,123,261,0.0
123,262,123,262,0.0
123,263,123,263,0.0
123,264,123,264,0.0
123,265,123,265,0.0
123,266,123,266,0.0
123,267,123,267,0.0
123,268,123,268,0.0
123,269,123,269,0.0
123,270,123,270,0.0
123,271,123,271,0.0
123,272,123,272,0.0
123,273,123,273,0.0
123,274,123,274,0.0
123,275,123,275,0.0
123,276,123,276,0.0
123,277,123,277,0.0
123,278,123,278,0.0
123,279,123,279,0.0
123,280,123,280,0.0
123,281,123,281,0.0
123,282,123,282,0.0
123,283,123,283,0.0
123,284,123,284,0.0
123,285,123,285,0.0
123,286,123,286,0.0
123,287,123,287,0.0
123,288,123,288,0.0
123,289,123,289,0.0
123,290,123,290,0.0
123,291,123,291,0.0
123,292,123,292,0.0
123,293,123,293,0.0
123,294,123,294,0.0
123,295,123,295,0.0
123,296,123,296,0.0
123,297,123,297,0.0
123,298,123,298,0.0
124,125,124,125,0.0
124,126,124,126,0.0
124,127,124,127,0.0
124,128,124,128,0.0
124,129,124,129,0.0
124,130,124,130,0.0
124,131,124,131,0.0
124,132,124,132,0.0
124,133,124,133,0.0
124,134,124,134,0.0
124,135,124,135,0.0
124,136,124,136,0.0
124,137,124,137,0.0
124,138,124,138,0.0
124,139,124,139,0.0
124,140,124,140,0.0
124,141,124,141,0.0
124,142,124,142,0.0
124,143,124,143,0.0
124,144,124,144,0.0
124,145,124,145,0.0
124,146,124,146,0.0
124,147,124,147,0.0
124,148,124,148,0.0
124,149,124,149,0.0
124,150,124,150,0.0
124,151,124,151,0.0
124,152,124,152,0.0
124,153,124,153,0.0
124,154,124,154,0.0
124,155,124,155,0.0
124,156,124,156,0.0
124,157,124,157,0.0
124,158,124,158,0.0
124,159,124,159,0.0
124,160,124,160,0.0
124,161,124,161,0.0
124,162,124,162,0.0
124,163,124,163,0.0
124,164,124,164,0.0
124,165,124,165,0.0
124,166,124,166,0.0
124,167,124,167,0.0
124,168,124,168,0.0
124,169,124,169,0.0
124,170,124,170,0.0
124,171,124,171,0.0
124,172,124,172,0.0
124,173,124,173,0.0
124,174,124,174,0.0
124,175,124,175,0.0
124,176,124,176,0.0
124,177,124,177,0.0
124,178,124,178,0.0
124,179,124,179,0.0
124,180,124,180,0.0
124,181,124,181,0.0
124,182,124,182,0.0
124,183,124,183,0.0
124,184,124,184,0.0
124,185,124,185,0.0
124,186,124,186,0.0
124,187,124,187,0.0
124,188,124,188,0.0
124,189,124,189,0.0
124,190,124,190,0.0
124,191,124,191,0.0
124,192,124,192,0.0
124,193,124,193,0.0
124,194,124,194,0.0
124,195,124,195,0.0
124,196,124,196,0.0
124,197,124,197,0.0
124,198,124,198,0.0
124,199,124,199,0.0
124,200,124,200,0.0
124,201,124,201,0.0
124,202,124,202,0.0
124,203,124,203,0.0
124,204,124,204,0.0
124,205,124,205,0.0
124,206,124,206,0.0
124,207,124,207,0.0
124,208,124,208,0.0
124,209,124,209,0.0
124,210,124,210,0.0
124,211,124,211,0.0
124,212,124,212,0.0
124,213,124,213,0.0
124,214,124,214,0.0
124,215,124,215,0.0
124,216,124,216,0.0
124,217,124,217,0.0
124,218,124,218,0.0
124,219,124,219,0.0
124,220,124,220,0.0
124,221,124,221,0.0
124,222,124,222,0.0
124,223,124,223,0.0
124,224,124,224,0.0
124,225,124,225,0.0
124,226,124,226,0.0
124,227,124,227,0.0
124,228,124,228,0.0
124,229,124,229,0.0
124,230,124,230,0.0
124,231,124,231,0.0
124,232,124,232,0.0
124,233,124,233,0.0
124,234,124,234,0.0
124,235,124,235,0.0
124,236,124,236,0.0
124,237,124,237,0.0
124,238,124,238,0.0
124,239,124,239,0.0
124,240,124,240,0.0
124,241,124,241,0.0
124,242,124,242,0.0
124,243,124,243,0.0
124,244,124,244,0.0
124,245,124,245,0.0
124,246,124,246,0.0
124,247,124,247,0.0
124,248,124,248,0.0
124,249,124,249,0.0
124,250,124,250,0.0
124,251,124,251,0.0
124,252,124,252,0.0
124,253,124,253,0.0
124,254,124,254,0.0
124,255,124,255,0.0
124,256,124,256,0.0
124,257,124,257,0.0
124,258,124,258,0.0
124,259,124,259,0.0
124,260,124,260,0.0
124,261,124,261,0.0
124,262,124,262,0.0
124,263,124,263,0.0
124,264,124,264,0.0
124,265,124,265,0.0
124,266,124,266,0.0
124,267,124,267,0.0
124,268,124,268,0.0
124,269,124,269,0.0
124,270,124,270,0.0
124,271,124,271,0.0
124,272,124,272,0.0
124,273,124,273,0.0
124,274,124,274,0.0
124,275,124,275,0.0
124,276,124,276,0.0
124,277,124,277,0.0
124,278,124,278,0.0
124,279,124,279,0.0
124,280,124,280,0.0
124,281,124,281,0.0
124,282,124,282,0.0
124,283,124,283,0.0
124,284,124,284,0.0
124,285,124,285,0.0
124,286,124,286,0.0
124,287,124,287,0.0
124,288,124,288,0.0
124,289,124,289,0.0
124,290,124,290,0.0
124,291,124,291,0.0
124,292,124,292,0.0
124,293,124,293,0.0
124,294,124,294,0.0
124,295,124,295,0.0
124,296,124,296,0.0
124,297,124,297,0.0
124,298,124,298,0.0
125,126,125,126,0.0
125,127,125,127,0.0
125,128,125,128,0.0
125,129,125,129,0.0
125,130,125,130,0.0
125,131,125,131,0.0
125,132,125,132,0.0
125,133,125,133,0.0
125,134,125,134,0.0
125,135,125,135,0.0
125,136,125,136,0.0
125,137,125,137,0.0
125,138,125,138,0.0
125,139,125,139,0.0
125,140,125,140,0.0
125,141,125,141,0.0
125,142,125,142,0.0
125,143,125,143,0.0
125,144,125,144,0.0
125,145,125,145,0.0
125,146,125,146,0.0
125,147,125,147,0.0
125,148,125,148,0.0
125,149,125,149,0.0
125,150,125,150,0.0
125,151,125,151,0.0
125,152,125,152,0.0
125,153,125,153,0.0
125,154,125,154,0.0
125,155,125,155,0.0
125,156,125,156,0.0
125,157,125,157,0.0
125,158,125,158,0.0
125,159,125,159,0.0
125,160,125,160,0.0
125,161,125,161,0.0
125,162,125,162,0.0
125,163,125,163,0.0
125,164,125,164,0.0
125,165,125,165,0.0
125,166,125,166,0.0
125,167,125,167,0.0
125,168,125,168,0.0
125,169,125,169,0.0
125,170,125,170,0.0
125,171,125,171,0.0
125,172,125,172,0.0
125,173,125,173,0.0
125,174,125,174,0.0
125,175,125,175,0.0
125,176,125,176,0.0
125,177,125,177,0.0
125,178,125,178,0.0
125,179,125,179,0.0
125,180,125,180,0.0
125,181,125,181,0.0
125,182,125,182,0.0
125,183,125,183,0.0
125,184,125,184,0.0
125,185,125,185,0.0
125,186,125,186,0.0
125,187,125,187,0.0
125,188,125,188,0.0
125,189,125,189,0.0
125,190,125,190,0.0
125,191,125,191,0.0
125,192,125,192,0.0
125,193,125,193,0.0
125,194,125,194,0.0
125,195,125,195,0.0
125,196,125,196,0.0
125,197,125,197,0.0
125,198,125,198,0.0
125,199,125,199,0.0
125,200,125,200,0.0
125,201,125,201,0.0
125,202,125,202,0.0
125,203,125,203,0.0
125,204,125,204,0.0
125,205,125,205,0.0
125,206,125,206,0.0
125,207,125,207,0.0
125,208,125,208,0.0
125,209,125,209,0.0
125,210,125,210,0.0
125,211,125,211,0.0
125,212,125,212,0.0
125,213,125,213,0.0
125,214,125,214,0.0
125,215,125,215,0.0
125,216,125,216,0.0
125,217,125,217,0.0
125,218,125,218,0.0
125,219,125,219,0.0
125,220,125,220,0.0
125,221,125,221,0.0
125,222,125,222,0.0
125,223,125,223,0.0
125,224,125,224,0.0
125,225,125,225,0.0
125,226,125,226,0.0
125,227,125,227,0.0
125,228,125,228,0.0
125,229,125,229,0.0
125,230,125,230,0.0
125,231,125,231,0.0
125,232,125,232,0.0
125,233,125,233,0.0
125,234,125,234,0.0
125,235,125,235,0.0
125,236,125,236,0.0
125,237,125,237,0.0
125,238,125,238,0.0
125,239,125,239,0.0
125,240,125,240,0.0
125,241,125,241,0.0
125,242,125,242,0.0
125,243,125,243,0.0
125,244,125,244,0.0
125,245,125,245,0.0
125,246,125,246,0.0
125,247,125,247,0.0
125,248,125,248,0.0
125,249,125,249,0.0
125,250,125,250,0.0
125,251,125,251,0.0
125,252,125,252,0.0
125,253,125,253,0.0
125,254,125,254,0.0
125,255,125,255,0.0
125,256,125,256,0.0
125,257,125,257,0.0
125,258,125,258,0.0
125,259,125,259,0.0
125,260,125,260,0.0
125,261,125,261,0.0
125,262,125,262,0.0
125,263,125,263,0.0
125,264,125,264,0.0
125,265,125,265,0.0
125,266,125,266,0.0
125,267,125,267,0.0
125,268,125,268,0.0
125,269,125,269,0.0
125,270,125,270,0.0
125,271,125,271,0.0
125,272,125,272,0.0
125,273,125,273,0.0
125,274,125,274,0.0
125,275,125,275,0.0
125,276,125,276,0.0
125,277,125,277,0.0
125,278,125,278,0.0
125,279,125,279,0.0
125,280,125,280,0.0
125,281,125,281,0.0
125,282,125,282,0.0
125,283,125,283,0.0
125,284,125,284,0.0
125,285,125,285,0.0
125,286,125,286,0.0
125,287,125,287,0.0
125,288,125,288,0.0
125,289,125,289,0.0
125,290,125,290,0.0
125,291,125,291,0.0
125,292,125,292,0.0
125,293,125,293,0.0
125,294,125,294,0.0
125,295,125,295,0.0
125,296,125,296,0.0
125,297,125,297,0.0
125,298,125,298,0.0
126,127,126,127,0.0
126,128,126,128,0.0
126,129,126,129,0.0
126,130,126,130,0.0
126,131,126,131,0.0
126,132,126,132,0.0
126,133,126,133,0.0
126,134,126,134,0.0
126,135,126,135,0.0
126,136,126,136,0.0
126,137,126,137,0.0
126,138,126,138,0.0
126,139,126,139,0.0
126,140,126,140,0.0
126,141,126,141,0.0
126,142,126,142,0.0
126,143,126,143,0.0
126,144,126,144,0.0
126,145,126,145,0.0
126,146,126,146,0.0
126,147,126,147,0.0
126,148,126,148,0.0
126,149,126,149,0.0
126,150,126,150,0.0
126,151,126,151,0.0
126,152,126,152,0.0
126,153,126,153,0.0
126,154,126,154,0.0
126,155,126,155,0.0
126,156,126,156,0.0
126,157,126,157,0.0
126,158,126,158,0.0
126,159,126,159,0.0
126,160,126,160,0.0
126,161,126,161,0.0
126,162,126,162,0.0
126,163,126,163,0.0
126,164,126,164,0.0
126,165,126,165,0.0
126,166,126,166,0.0
126,167,126,167,0.0
126,168,126,168,0.0
126,169,126,169,0.0
126,170,126,170,0.0
126,171,126,171,0.0
126,172,126,172,0.0
126,173,126,173,0.0
126,174,126,174,0.0
126,175,126,175,0.0
126,176,126,176,0.0
126,177,126,177,0.0
126,178,126,178,0.0
126,179,126,179,0.0
126,180,126,180,0.0
126,181,126,181,0.0
126,182,126,182,0.0
126,183,126,183,0.0
126,184,126,184,0.0
126,185,126,185,0.0
126,186,126,186,0.0
126,187,126,187,0.0
126,188,126,188,0.0
126,189,126,189,0.0
126,190,126,190,0.0
126,191,126,191,0.0
126,192,126,192,0.0
126,193,126,193,0.0
126,194,126,194,0.0
126,195,126,195,0.0
126,196,126,196,0.0
126,197,126,197,0.0
126,198,126,198,0.0
126,199,126,199,0.0
126,200,126,200,0.0
126,201,126,201,0.0
126,202,126,202,0.0
126,203,126,203,0.0
126,204,126,204,0.0
126,205,126,205,0.0
126,206,126,206,0.0
126,207,126,207,0.0
126,208,126,208,0.0
126,209,126,209,0.0
126,210,126,210,0.0
126,211,126,211,0.0
126,212,126,212,0.0
126,213,126,213,0.0
126,214,126,214,0.0
126,215,126,215,0.0
126,216,126,216,0.0
126,217,126,217,0.0
126,218,126,218,0.0
126,219,126,219,0.0
126,220,126,220,0.0
126,221,126,221,0.0
126,222,126,222,0.0
126,223,126,223,0.0
126,224,126,224,0.0
126,225,126,225,0.0
126,226,126,226,0.0
126,227,126,227,0.0
126,228,126,228,0.0
126,229,126,229,0.0
126,230,126,230,0.0
126,231,126,231,0.0
126,232,126,232,0.0
126,233,126,233,0.0
126,234,126,234,0.0
126,235,126,235,0.0
126,236,126,236,0.0
126,237,126,237,0.0
126,238,126,238,0.0
126,239,126,239,0.0
126,240,126,240,0.0
126,241,126,241,0.0
126,242,126,242,0.0
126,243,126,243,0.0
126,244,126,244,0.0
126,245,126,245,0.0
126,246,126,246,0.0
126,247,126,247,0.0
126,248,126,248,0.0
126,249,126,249,0.0
126,250,126,250,0.0
126,251,126,251,0.0
126,252,126,252,0.0
126,253,126,253,0.0
126,254,126,254,0.0
126,255,126,255,0.0
126,256,126,256,0.0
126,257,126,257,0.0
126,258,126,258,0.0
126,259,126,259,0.0
126,260,126,260,0.0
126,261,126,261,0.0
126,262,126,262,0.0
126,263,126,263,0.0
126,264,126,264,0.0
126,265,126,265,0.0
126,266,126,266,0.0
126,267,126,267,0.0
126,268,126,268,0.0
126,269,126,269,0.0
126,270,126,270,0.0
126,271,126,271,0.0
126,272,126,272,0.0
126,273,126,273,0.0
126,274,126,274,0.0
126,275,126,275,0.0
126,276,126,276,0.0
126,277,126,277,0.0
126,278,126,278,0.0
126,279,126,279,0.0
126,280,126,280,0.0
126,281,126,281,0.0
126,282,126,282,0.0
126,283,126,283,0.0
126,284,126,284,0.0
126,285,126,285,0.0
126,286,126,286,0.0
126,287,126,287,0.0
126,288,126,288,0.0
126,289,126,289,0.0
126,290,126,290,0.0
126,291,126,291,0.0
126,292,126,292,0.0
126,293,126,293,0.0
126,294,126,294,0.0
126,295,126,295,0.0
126,296,126,296,0.0
126,297,126,297,0.0
126,298,126,298,0.0
127,128,127,128,0.0
127,129,127,129,0.0
127,130,127,130,0.0
127,131,127,131,0.0
127,132,127,132,0.0
127,133,127,133,0.0
127,134,127,134,0.0
127,135,127,135,0.0
127,136,127,136,0.0
127,137,127,137,0.0
127,138,127,138,0.0
127,139,127,139,0.0
127,140,127,140,0.0
127,141,127,141,0.0
127,142,127,142,0.0
127,143,127,143,0.0
127,144,127,144,0.0
127,145,127,145,0.0
127,146,127,146,0.0
127,147,127,147,0.0
127,148,127,148,0.0
127,149,127,149,0.0
127,150,127,150,0.0
127,151,127,151,0.0
127,152,127,152,0.0
127,153,127,153,0.0
127,154,127,154,0.0
127,155,127,155,0.0
127,156,127,156,0.0
127,157,127,157,0.0
127,158,127,158,0.0
127,159,127,159,0.0
127,160,127,160,0.0
127,161,127,161,0.0
127,162,127,162,0.0
127,163,127,163,0.0
127,164,127,164,0.0
127,165,127,165,0.0
127,166,127,166,0.0
127,167,127,167,0.0
127,168,127,168,0.0
127,169,127,169,0.0
127,170,127,170,0.0
127,171,127,171,0.0
127,172,127,172,0.0
127,173,127,173,0.0
127,174,127,174,0.0
127,175,127,175,0.0
127,176,127,176,0.0
127,177,127,177,0.0
127,178,127,178,0.0
127,179,127,179,0.0
127,180,127,180,0.0
127,181,127,181,0.0
127,182,127,182,0.0
127,183,127,183,0.0
127,184,127,184,0.0
127,185,127,185,0.0
127,186,127,186,0.0
127,187,127,187,0.0
127,188,127,188,0.0
127,189,127,189,0.0
127,190,127,190,0.0
127,191,127,191,0.0
127,192,127,192,0.0
127,193,127,193,0.0
127,194,127,194,0.0
127,195,127,195,0.0
127,196,127,196,0.0
127,197,127,197,0.0
127,198,127,198,0.0
127,199,127,199,0.0
127,200,127,200,0.0
127,201,127,201,0.0
127,202,127,202,0.0
127,203,127,203,0.0
127,204,127,204,0.0
127,205,127,205,0.0
127,206,127,206,0.0
127,207,127,207,0.0
127,208,127,208,0.0
127,209,127,209,0.0
127,210,127,210,0.0
127,211,127,211,0.0
127,212,127,212,0.0
127,213,127,213,0.0
127,214,127,214,0.0
127,215,127,215,0.0
127,216,127,216,0.0
127,217,127,217,0.0
127,218,127,218,0.0
127,219,127,219,0.0
127,220,127,220,0.0
127,221,127,221,0.0
127,222,127,222,0.0
127,223,127,223,0.0
127,224,127,224,0.0
127,225,127,225,0.0
127,226,127,226,0.0
127,227,127,227,0.0
127,228,127,228,0.0
127,229,127,229,0.0
127,230,127,230,0.0
127,231,127,231,0.0
127,232,127,232,0.0
127,233,127,233,0.0
127,234,127,234,0.0
127,235,127,235,0.0
127,236,127,236,0.0
127,237,127,237,0.0
127,238,127,238,0.0
127,239,127,239,0.0
127,240,127,240,0.0
127,241,127,241,0.0
127,242,127,242,0.0
127,243,127,243,0.0
127,244,127,244,0.0
127,245,127,245,0.0
127,246,127,246,0.0
127,247,127,247,0.0
127,248,127,248,0.0
127,249,127,249,0.0
127,250,127,250,0.0
127,251,127,251,0.0
127,252,127,252,0.0
127,253,127,253,0.0
127,254,127,254,0.0
127,255,127,255,0.0
127,256,127,256,0.0
127,257,127,257,0.0
127,258,127,258,0.0
127,259,127,259,0.0
127,260,127,260,0.0
127,261,127,261,0.0
127,262,127,262,0.0
127,263,127,263,0.0
127,264,127,264,0.0
127,265,127,265,0.0
127,266,127,266,0.0
127,267,127,267,0.0
127,268,127,268,0.0
127,269,127,269,0.0
127,270,127,270,0.0
127,271,127,271,0.0
127,272,127,272,0.0
127,273,127,273,0.0
127,274,127,274,0.0
127,275,127,275,0.0
127,276,127,276,0.0
127,277,127,277,0.0
127,278,127,278,0.0
127,279,127,279,0.0
127,280,127,280,0.0
127,281,127,281,0.0
127,282,127,282,0.0
127,283,127,283,0.0
127,284,127,284,0.0
127,285,127,285,0.0
127,286,127,286,0.0
127,287,127,287,0.0
127,288,127,288,0.0
127,289,127,289,0.0
127,290,127,290,0.0
127,291,127,291,0.0
127,292,127,292,0.0
127,293,127,293,0.0
127,294,127,294,0.0
127,295,127,295,0.0
127,296,127,296,0.0
127,297,127,297,0.0
127,298,127,298,0.0
128,129,128,129,0.0
128,130,128,130,0.0
128,131,128,131,0.0
128,132,128,132,0.0
128,133,128,133,0.0
128,134,128,134,0.0
128,135,128,135,0.0
128,136,128,136,0.0
128,137,128,137,0.0
128,138,128,138,0.0
128,139,128,139,0.0
128,140,128,140,0.0
128,141,128,141,0.0
128,142,128,142,0.0
128,143,128,143,0.0
128,144,128,144,0.0
128,145,128,145,0.0
128,146,128,146,0.0
128,147,128,147,0.0
128,148,128,148,0.0
128,149,128,149,0.0
128,150,128,150,0.0
128,151,128,151,0.0
128,152,128,152,0.0
128,153,128,153,0.0
128,154,128,154,0.0
128,155,128,155,0.0
128,156,128,156,0.0
128,157,128,157,0.0
128,158,128,158,0.0
128,159,128,159,0.0
128,160,128,160,0.0
128,161,128,161,0.0
128,162,128,162,0.0
128,163,128,163,0.0
128,164,128,164,0.0
128,165,128,165,0.0
128,166,128,166,0.0
128,167,128,167,0.0
128,168,128,168,0.0
128,169,128,169,0.0
128,170,128,170,0.0
128,171,128,171,0.0
128,172,128,172,0.0
128,173,128,173,0.0
128,174,128,174,0.0
128,175,128,175,0.0
128,176,128,176,0.0
128,177,128,177,0.0
128,178,128,178,0.0
128,179,128,179,0.0
128,180,128,180,0.0
128,181,128,181,0.0
128,182,128,182,0.0
128,183,128,183,0.0
128,184,128,184,0.0
128,185,128,185,0.0
128,186,128,186,0.0
128,187,128,187,0.0
128,188,128,188,0.0
128,189,128,189,0.0
128,190,128,190,0.0
128,191,128,191,0.0
128,192,128,192,0.0
128,193,128,193,0.0
128,194,128,194,0.0
128,195,128,195,0.0
128,196,128,196,0.0
128,197,128,197,0.0
128,198,128,198,0.0
128,199,128,199,0.0
128,200,128,200,0.0
128,201,128,201,0.0
128,202,128,202,0.0
128,203,128,203,0.0
128,204,128,204,0.0
128,205,128,205,0.0
128,206,128,206,0.0
128,207,128,207,0.0
128,208,128,208,0.0
128,209,128,209,0.0
128,210,128,210,0.0
128,211,128,211,0.0
128,212,128,212,0.0
128,213,128,213,0.0
128,214,128,214,0.0
128,215,128,215,0.0
128,216,128,216,0.0
128,217,128,217,0.0
128,218,128,218,0.0
128,219,128,219,0.0
128,220,128,220,0.0
128,221,128,221,0.0
128,222,128,222,0.0
128,223,128,223,0.0
128,224,128,224,0.0
128,225,128,225,0.0
128,226,128,226,0.0
128,227,128,227,0.0
128,228,128,228,0.0
128,229,128,229,0.0
128,230,128,230,0.0
128,231,128,231,0.0
128,232,128,232,0.0
128,233,128,233,0.0
128,234,128,234,0.0
128,235,128,235,0.0
128,236,128,236,0.0
128,237,128,237,0.0
128,238,128,238,0.0
128,239,128,239,0.0
128,240,128,240,0.0
128,241,128,241,0.0
128,242,128,242,0.0
128,243,128,243,0.0
128,244,128,244,0.0
128,245,128,245,0.0
128,246,128,246,0.0
128,247,128,247,0.0
128,248,128,248,0.0
128,249,128,249,0.0
128,250,128,250,0.0
128,251,128,251,0.0
128,252,128,252,0.0
128,253,128,253,0.0
128,254,128,254,0.0
128,255,128,255,0.0
128,256,128,256,0.0
128,257,128,257,0.0
128,258,128,258,0.0
128,259,128,259,0.0
128,260,128,260,0.0
128,261,128,261,0.0
128,262,128,262,0.0
128,263,128,263,0.0
128,264,128,264,0.0
128,265,128,265,0.0
128,266,128,266,0.0
128,267,128,267,0.0
128,268,128,268,0.0
128,269,128,269,0.0
128,270,128,270,0.0
128,271,128,271,0.0
128,272,128,272,0.0
128,273,128,273,0.0
128,274,128,274,0.0
128,275,128,275,0.0
128,276,128,276,0.0
128,277,128,277,0.0
128,278,128,278,0.0
128,279,128,279,0.0
128,280,128,280,0.0
128,281,128,281,0.0
128,282,128,282,0.0
128,283,128,283,0.0
128,284,128,284,0.0
128,285,128,285,0.0
128,286,128,286,0.0
128,287,128,287,0.0
128,288,128,288,0.0
128,289,128,289,0.0
128,290,128,290,0.0
128,291,128,291,0.0
128,292,128,292,0.0
128,293,128,293,0.0
128,294,128,294,0.0
128,295,128,295,0.0
128,296,128,296,0.0
128,297,128,297,0.0
128,298,128,298,0.0
129,130,129,130,0.0
129,131,129,131,0.0
129,132,129,132,0.0
129,133,129,133,0.0
129,134,129,134,0.0
129,135,129,135,0.0
129,136,129,136,0.0
129,137,129,137,0.0
129,138,129,138,0.0
129,139,129,139,0.0
129,140,129,140,0.0
129,141,129,141,0.0
129,142,129,142,0.0
129,143,129,143,0.0
129,144,129,144,0.0
129,145,129,145,0.0
129,146,129,146,0.0
129,147,129,147,0.0
129,148,129,148,0.0
129,149,129,149,0.0
129,150,129,150,0.0
129,151,129,151,0.0
129,152,129,152,0.0
129,153,129,153,0.0
129,154,129,154,0.0
129,155,129,155,0.0
129,156,129,156,0.0
129,157,129,157,0.0
129,158,129,158,0.0
129,159,129,159,0.0
129,160,129,160,0.0
129,161,129,161,0.0
129,162,129,162,0.0
129,163,129,163,0.0
129,164,129,164,0.0
129,165,129,165,0.0
129,166,129,166,0.0
129,167,129,167,0.0
129,168,129,168,0.0
129,169,129,169,0.0
129,170,129,170,0.0
129,171,129,171,0.0
129,172,129,172,0.0
129,173,129,173,0.0
129,174,129,174,0.0
129,175,129,175,0.0
129,176,129,176,0.0
129,177,129,177,0.0
129,178,129,178,0.0
129,179,129,179,0.0
129,180,129,180,0.0
129,181,129,181,0.0
129,182,129,182,0.0
129,183,129,183,0.0
129,184,129,184,0.0
129,185,129,185,0.0
129,186,129,186,0.0
129,187,129,187,0.0
129,188,129,188,0.0
129,189,129,189,0.0
129,190,129,190,0.0
129,191,129,191,0.0
129,192,129,192,0.0
129,193,129,193,0.0
129,194,129,194,0.0
129,195,129,195,0.0
129,196,129,196,0.0
129,197,129,197,0.0
129,198,129,198,0.0
129,199,129,199,0.0
129,200,129,200,0.0
129,201,129,201,0.0
129,202,129,202,0.0
129,203,129,203,0.0
129,204,129,204,0.0
129,205,129,205,0.0
129,206,129,206,0.0
129,207,129,207,0.0
129,208,129,208,0.0
129,209,129,209,0.0
129,210,129,210,0.0
129,211,129,211,0.0
129,212,129,212,0.0
129,213,129,213,0.0
129,214,129,214,0.0
129,215,129,215,0.0
129,216,129,216,0.0
129,217,129,217,0.0
129,218,129,218,0.0
129,219,129,219,0.0
129,220,129,220,0.0
129,221,129,221,0.0
129,222,129,222,0.0
129,223,129,223,0.0
129,224,129,224,0.0
129,225,129,225,0.0
129,226,129,226,0.0
129,227,129,227,0.0
129,228,129,228,0.0
129,229,129,229,0.0
129,230,129,230,0.0
129,231,129,231,0.0
129,232,129,232,0.0
129,233,129,233,0.0
129,234,129,234,0.0
129,235,129,235,0.0
129,236,129,236,0.0
129,237,129,237,0.0
129,238,129,238,0.0
129,239,129,239,0.0
129,240,129,240,0.0
129,241,129,241,0.0
129,242,129,242,0.0
129,243,129,243,0.0
129,244,129,244,0.0
129,245,129,245,0.0
129,246,129,246,0.0
129,247,129,247,0.0
129,248,129,248,0.0
129,249,129,249,0.0
129,250,129,250,0.0
129,251,129,251,0.0
129,252,129,252,0.0
129,253,129,253,0.0
129,254,129,254,0.0
129,255,129,255,0.0
129,256,129,256,0.0
129,257,129,257,0.0
129,258,129,258,0.0
129,259,129,259,0.0
129,260,129,260,0.0
129,261,129,261,0.0
129,262,129,262,0.0
129,263,129,263,0.0
129,264,129,264,0.0
129,265,129,265,0.0
129,266,129,266,0.0
129,267,129,267,0.0
129,268,129,268,0.0
129,269,129,269,0.0
129,270,129,270,0.0
129,271,129,271,0.0
129,272,129,272,0.0
129,273,129,273,0.0
129,274,129,274,0.0
129,275,129,275,0.0
129,276,129,276,0.0
129,277,129,277,0.0
129,278,129,278,0.0
129,279,129,279,0.0
129,280,129,280,0.0
129,281,129,281,0.0
129,282,129,282,0.0
129,283,129,283,0.0
129,284,129,284,0.0
129,285,129,285,0.0
129,286,129,286,0.0
129,287,129,287,0.0
129,288,129,288,0.0
129,289,129,289,0.0
129,290,129,290,0.0
129,291,129,291,0.0
129,292,129,292,0.0
129,293,129,293,0.0
129,294,129,294,0.0
129,295,129,295,0.0
129,296,129,296,0.0
129,297,129,297,0.0
129,298,129,298,0.0
130,131,130,131,0.0
130,132,130,132,0.0
130,133,130,133,0.0
130,134,130,134,0.0
130,135,130,135,0.0
130,136,130,136,0.0
130,137,130,137,0.0
130,138,130,138,0.0
130,139,130,139,0.0
130,140,130,140,0.0
130,141,130,141,0.0
130,142,130,142,0.0
130,143,130,143,0.0
130,144,130,144,0.0
130,145,130,145,0.0
130,146,130,146,0.0
130,147,130,147,0.0
130,148,130,148,0.0
130,149,130,149,0.0
130,150,130,150,0.0
130,151,130,151,0.0
130,152,130,152,0.0
130,153,130,153,0.0
130,154,130,154,0.0
130,155,130,155,0.0
130,156,130,156,0.0
130,157,130,157,0.0
130,158,130,158,0.0
130,159,130,159,0.0
130,160,130,160,0.0
130,161,130,161,0.0
130,162,130,162,0.0
130,163,130,163,0.0
130,164,130,164,0.0
130,165,130,165,0.0
130,166,130,166,0.0
130,167,130,167,0.0
130,168,130,168,0.0
130,169,130,169,0.0
130,170,130,170,0.0
130,171,130,171,0.0
130,172,130,172,0.0
130,173,130,173,0.0
130,174,130,174,0.0
130,175,130,175,0.0
130,176,130,176,0.0
130,177,130,177,0.0
130,178,130,178,0.0
130,179,130,179,0.0
130,180,130,180,0.0
130,181,130,181,0.0
130,182,130,182,0.0
130,183,130,183,0.0
130,184,130,184,0.0
130,185,130,185,0.0
130,186,130,186,0.0
130,187,130,187,0.0
130,188,130,188,0.0
130,189,130,189,0.0
130,190,130,190,0.0
130,191,130,191,0.0
130,192,130,192,0.0
130,193,130,193,0.0
130,194,130,194,0.0
130,195,130,195,0.0
130,196,130,196,0.0
130,197,130,197,0.0
130,198,130,198,0.0
130,199,130,199,0.0
130,200,130,200,0.0
130,201,130,201,0.0
130,202,130,202,0.0
130,203,130,203,0.0
130,204,130,204,0.0
130,205,130,205,0.0
130,206,130,206,0.0
130,207,130,207,0.0
130,208,130,208,0.0
130,209,130,209,0.0
130,210,130,210,0.0
130,211,130,211,0.0
130,212,130,212,0.0
130,213,130,213,0.0
130,214,130,214,0.0
130,215,130,215,0.0
130,216,130,216,0.0
130,217,130,217,0.0
130,218,130,218,0.0
130,219,130,219,0.0
130,220,130,220,0.0
130,221,130,221,0.0
130,222,130,222,0.0
130,223,130,223,0.0
130,224,130,224,0.0
130,225,130,225,0.0
130,226,130,226,0.0
130,227,130,227,0.0
130,228,130,228,0.0
130,229,130,229,0.0
130,230,130,230,0.0
130,231,130,231,0.0
130,232,130,232,0.0
130,233,130,233,0.0
130,234,130,234,0.0
130,235,130,235,0.0
130,236,130,236,0.0
130,237,130,237,0.0
130,238,130,238,0.0
130,239,130,239,0.0
130,240,130,240,0.0
130,241,130,241,0.0
130,242,130,242,0.0
130,243,130,243,0.0
130,244,130,244,0.0
130,245,130,245,0.0
130,246,130,246,0.0
130,247,130,247,0.0
130,248,130,248,0.0
130,249,130,249,0.0
130,250,130,250,0.0
130,251,130,251,0.0
130,252,130,252,0.0
130,253,130,253,0.0
130,254,130,254,0.0
130,255,130,255,0.0
130,256,130,256,0.0
130,257,130,257,0.0
130,258,130,258,0.0
130,259,130,259,0.0
130,260,130,260,0.0
130,261,130,261,0.0
130,262,130,262,0.0
130,263,130,263,0.0
130,264,130,264,0.0
130,265,130,265,0.0
130,266,130,266,0.0
130,267,130,267,0.0
130,268,130,268,0.0
130,269,130,269,0.0
130,270,130,270,0.0
130,271,130,271,0.0
130,272,130,272,0.0
130,273,130,273,0.0
130,274,130,274,0.0
130,275,130,275,0.0
130,276,130,276,0.0
130,277,130,277,0.0
130,278,130,278,0.0
130,279,130,279,0.0
130,280,130,280,0.0
130,281,130,281,0.0
130,282,130,282,0.0
130,283,130,283,0.0
130,284,130,284,0.0
130,285,130,285,0.0
130,286,130,286,0.0
130,287,130,287,0.0
130,288,130,288,0.0
130,289,130,289,0.0
130,290,130,290,0.0
130,291,130,291,0.0
130,292,130,292,0.0
130,293,130,293,0.0
130,294,130,294,0.0
130,295,130,295,0.0
130,296,130,296,0.0
130,297,130,297,0.0
130,298,130,298,0.0
131,132,131,132,0.0
131,133,131,133,0.0
131,134,131,134,0.0
131,135,131,135,0.0
131,136,131,136,0.0
131,137,131,137,0.0
131,138,131,138,0.0
131,139,131,139,0.0
131,140,131,140,0.0
131,141,131,141,0.0
131,142,131,142,0.0
131,143,131,143,0.0
131,144,131,144,0.0
131,145,131,145,0.0
131,146,131,146,0.0
131,147,131,147,0.0
131,148,131,148,0.0
131,149,131,149,0.0
131,150,131,150,0.0
131,151,131,151,0.0
131,152,131,152,0.0
131,153,131,153,0.0
131,154,131,154,0.0
131,155,131,155,0.0
131,156,131,156,0.0
131,157,131,157,0.0
131,158,131,158,0.0
131,159,131,159,0.0
131,160,131,160,0.0
131,161,131,161,0.0
131,162,131,162,0.0
131,163,131,163,0.0
131,164,131,164,0.0
131,165,131,165,0.0
131,166,131,166,0.0
131,167,131,167,0.0
131,168,131,168,0.0
131,169,131,169,0.0
131,170,131,170,0.0
131,171,131,171,0.0
131,172,131,172,0.0
131,173,131,173,0.0
131,174,131,174,0.0
131,175,131,175,0.0
131,176,131,176,0.0
131,177,131,177,0.0
131,178,131,178,0.0
131,179,131,179,0.0
131,180,131,180,0.0
131,181,131,181,0.0
131,182,131,182,0.0
131,183,131,183,0.0
131,184,131,184,0.0
131,185,131,185,0.0
131,186,131,186,0.0
131,187,131,187,0.0
131,188,131,188,0.0
131,189,131,189,0.0
131,190,131,190,0.0
131,191,131,191,0.0
131,192,131,192,0.0
131,193,131,193,0.0
131,194,131,194,0.0
131,195,131,195,0.0
131,196,131,196,0.0
131,197,131,197,0.0
131,198,131,198,0.0
131,199,131,199,0.0
131,200,131,200,0.0
131,201,131,201,0.0
131,202,131,202,0.0
131,203,131,203,0.0
131,204,131,204,0.0
131,205,131,205,0.0
131,206,131,206,0.0
131,207,131,207,0.0
131,208,131,208,0.0
131,209,131,209,0.0
131,210,131,210,0.0
131,211,131,211,0.0
131,212,131,212,0.0
131,213,131,213,0.0
131,214,131,214,0.0
131,215,131,215,0.0
131,216,131,216,0.0
131,217,131,217,0.0
131,218,131,218,0.0
131,219,131,219,0.0
131,220,131,220,0.0
131,221,131,221,0.0
131,222,131,222,0.0
131,223,131,223,0.0
131,224,131,224,0.0
131,225,131,225,0.0
131,226,131,226,0.0
131,227,131,227,0.0
131,228,131,228,0.0
131,229,131,229,0.0
131,230,131,230,0.0
131,231,131,231,0.0
131,232,131,232,0.0
131,233,131,233,0.0
131,234,131,234,0.0
131,235,131,235,0.0
131,236,131,236,0.0
131,237,131,237,0.0
131,238,131,238,0.0
131,239,131,239,0.0
131,240,131,240,0.0
131,241,131,241,0.0
131,242,131,242,0.0
131,243,131,243,0.0
131,244,131,244,0.0
131,245,131,245,0.0
131,246,131,246,0.0
131,247,131,247,0.0
131,248,131,248,0.0
131,249,131,249,0.0
131,250,131,250,0.0
131,251,131,251,0.0
131,252,131,252,0.0
131,253,131,253,0.0
131,254,131,254,0.0
131,255,131,255,0.0
131,256,131,256,0.0
131,257,131,257,0.0
131,258,131,258,0.0
131,259,131,259,0.0
131,260,131,260,0.0
131,261,131,261,0.0
131,262,131,262,0.0
131,263,131,263,0.0
131,264,131,264,0.0
131,265,131,265,0.0
131,266,131,266,0.0
131,267,131,267,0.0
131,268,131,268,0.0
131,269,131,269,0.0
131,270,131,270,0.0
131,271,131,271,0.0
131,272,131,272,0.0
131,273,131,273,0.0
131,274,131,274,0.0
131,275,131,275,0.0
131,276,131,276,0.0
131,277,131,277,0.0
131,278,131,278,0.0
131,279,131,279,0.0
131,280,131,280,0.0
131,281,131,281,0.0
131,282,131,282,0.0
131,283,131,283,0.0
131,284,131,284,0.0
131,285,131,285,0.0
131,286,131,286,0.0
131,287,131,287,0.0
131,288,131,288,0.0
131,289,131,289,0.0
131,290,131,290,0.0
131,291,131,291,0.0
131,292,131,292,0.0
131,293,131,293,0.0
131,294,131,294,0.0
131,295,131,295,0.0
131,296,131,296,0.0
131,297,131,297,0.0
131,298,131,298,0.0
132,133,132,133,0.0
132,134,132,134,0.0
132,135,132,135,0.0
132,136,132,136,0.0
132,137,132,137,0.0
132,138,132,138,0.0
132,139,132,139,0.0
132,140,132,140,0.0
132,141,132,141,0.0
132,142,132,142,0.0
132,143,132,143,0.0
132,144,132,144,0.0
132,145,132,145,0.0
132,146,132,146,0.0
132,147,132,147,0.0
132,148,132,148,0.0
132,149,132,149,0.0
132,150,132,150,0.0
132,151,132,151,0.0
132,152,132,152,0.0
132,153,132,153,0.0
132,154,132,154,0.0
132,155,132,155,0.0
132,156,132,156,0.0
132,157,132,157,0.0
132,158,132,158,0.0
132,159,132,159,0.0
132,160,132,160,0.0
132,161,132,161,0.0
132,162,132,162,0.0
132,163,132,163,0.0
132,164,132,164,0.0
132,165,132,165,0.0
132,166,132,166,0.0
132,167,132,167,0.0
132,168,132,168,0.0
132,169,132,169,0.0
132,170,132,170,0.0
132,171,132,171,0.0
132,172,132,172,0.0
132,173,132,173,0.0
132,174,132,174,0.0
132,175,132,175,0.0
132,176,132,176,0.0
132,177,132,177,0.0
132,178,132,178,0.0
132,179,132,179,0.0
132,180,132,180,0.0
132,181,132,181,0.0
132,182,132,182,0.0
132,183,132,183,0.0
132,184,132,184,0.0
132,185,132,185,0.0
132,186,132,186,0.0
132,187,132,187,0.0
132,188,132,188,0.0
132,189,132,189,0.0
132,190,132,190,0.0
132,191,132,191,0.0
132,192,132,192,0.0
132,193,132,193,0.0
132,194,132,194,0.0
132,195,132,195,0.0
132,196,132,196,0.0
132,197,132,197,0.0
132,198,132,198,0.0
132,199,132,199,0.0
132,200,132,200,0.0
132,201,132,201,0.0
132,202,132,202,0.0
132,203,132,203,0.0
132,204,132,204,0.0
132,205,132,205,0.0
132,206,132,206,0.0
132,207,132,207,0.0
132,208,132,208,0.0
132,209,132,209,0.0
132,210,132,210,0.0
132,211,132,211,0.0
132,212,132,212,0.0
132,213,132,213,0.0
132,214,132,214,0.0
132,215,132,215,0.0
132,216,132,216,0.0
132,217,132,217,0.0
132,218,132,218,0.0
132,219,132,219,0.0
132,220,132,220,0.0
132,221,132,221,0.0
132,222,132,222,0.0
132,223,132,223,0.0
132,224,132,224,0.0
132,225,132,225,0.0
132,226,132,226,0.0
132,227,132,227,0.0
132,228,132,228,0.0
132,229,132,229,0.0
132,230,132,230,0.0
132,231,132,231,0.0
132,232,132,232,0.0
132,233,132,233,0.0
132,234,132,234,0.0
132,235,132,235,0.0
132,236,132,236,0.0
132,237,132,237,0.0
132,238,132,238,0.0
132,239,132,239,0.0
132,240,132,240,0.0
132,241,132,241,0.0
132,242,132,242,0.0
132,243,132,243,0.0
132,244,132,244,0.0
132,245,132,245,0.0
132,246,132,246,0.0
132,247,132,247,0.0
132,248,132,248,0.0
132,249,132,249,0.0
132,250,132,250,0.0
132,251,132,251,0.0
132,252,132,252,0.0
132,253,132,253,0.0
132,254,132,254,0.0
132,255,132,255,0.0
132,256,132,256,0.0
132,257,132,257,0.0
132,258,132,258,0.0
132,259,132,259,0.0
132,260,132,260,0.0
132,261,132,261,0.0
132,262,132,262,0.0
132,263,132,263,0.0
132,264,132,264,0.0
132,265,132,265,0.0
132,266,132,266,0.0
132,267,132,267,0.0
132,268,132,268,0.0
132,269,132,269,0.0
132,270,132,270,0.0
132,271,132,271,0.0
132,272,132,272,0.0
132,273,132,273,0.0
132,274,132,274,0.0
132,275,132,275,0.0
132,276,132,276,0.0
132,277,132,277,0.0
132,278,132,278,0.0
132,279,132,279,0.0
132,280,132,280,0.0
132,281,132,281,0.0
132,282,132,282,0.0
132,283,132,283,0.0
132,284,132,284,0.0
132,285,132,285,0.0
132,286,132,286,0.0
132,287,132,287,0.0
132,288,132,288,0.0
132,289,132,289,0.0
132,290,132,290,0.0
132,291,132,291,0.0
132,292,132,292,0.0
132,293,132,293,0.0
132,294,132,294,0.0
132,295,132,295,0.0
132,296,132,296,0.0
132,297,132,297,0.0
132,298,132,298,0.0
133,134,133,134,0.0
133,135,133,135,0.0
133,136,133,136,0.0
133,137,133,137,0.0
133,138,133,138,0.0
133,139,133,139,0.0
133,140,133,140,0.0
133,141,133,141,0.0
133,142,133,142,0.0
133,143,133,143,0.0
133,144,133,144,0.0
133,145,133,145,0.0
133,146,133,146,0.0
133,147,133,147,0.0
133,148,133,148,0.0
133,149,133,149,0.0
133,150,133,150,0.0
133,151,133,151,0.0
133,152,133,152,0.0
133,153,133,153,0.0
133,154,133,154,0.0
133,155,133,155,0.0
133,156,133,156,0.0
133,157,133,157,0.0
133,158,133,158,0.0
133,159,133,159,0.0
133,160,133,160,0.0
133,161,133,161,0.0
133,162,133,162,0.0
133,163,133,163,0.0
133,164,133,164,0.0
133,165,133,165,0.0
133,166,133,166,0.0
133,167,133,167,0.0
133,168,133,168,0.0
133,169,133,169,0.0
133,170,133,170,0.0
133,171,133,171,0.0
133,172,133,172,0.0
133,173,133,173,0.0
133,174,133,174,0.0
133,175,133,175,0.0
133,176,133,176,0.0
133,177,133,177,0.0
133,178,133,178,0.0
133,179,133,179,0.0
133,180,133,180,0.0
133,181,133,181,0.0
133,182,133,182,0.0
133,183,133,183,0.0
133,184,133,184,0.0
133,185,133,185,0.0
133,186,133,186,0.0
133,187,133,187,0.0
133,188,133,188,0.0
133,189,133,189,0.0
133,190,133,190,0.0
133,191,133,191,0.0
133,192,133,192,0.0
133,193,133,193,0.0
133,194,133,194,0.0
133,195,133,195,0.0
133,196,133,196,0.0
133,197,133,197,0.0
133,198,133,198,0.0
133,199,133,199,0.0
133,200,133,200,0.0
133,201,133,201,0.0
133,202,133,202,0.0
133,203,133,203,0.0
133,204,133,204,0.0
133,205,133,205,0.0
133,206,133,206,0.0
133,207,133,207,0.0
133,208,133,208,0.0
133,209,133,209,0.0
133,210,133,210,0.0
133,211,133,211,0.0
133,212,133,212,0.0
133,213,133,213,0.0
133,214,133,214,0.0
133,215,133,215,0.0
133,216,133,216,0.0
133,217,133,217,0.0
133,218,133,218,0.0
133,219,133,219,0.0
133,220,133,220,0.0
133,221,133,221,0.0
133,222,133,222,0.0
133,223,133,223,0.0
133,224,133,224,0.0
133,225,133,225,0.0
133,226,133,226,0.0
133,227,133,227,0.0
133,228,133,228,0.0
133,229,133,229,0.0
133,230,133,230,0.0
133,231,133,231,0.0
133,232,133,232,0.0
133,233,133,233,0.0
133,234,133,234,0.0
133,235,133,235,0.0
133,236,133,236,0.0
133,237,133,237,0.0
133,238,133,238,0.0
133,239,133,239,0.0
133,240,133,240,0.0
133,241,133,241,0.0
133,242,133,242,0.0
133,243,133,243,0.0
133,244,133,244,0.0
133,245,133,245,0.0
133,246,133,246,0.0
133,247,133,247,0.0
133,248,133,248,0.0
133,249,133,249,0.0
133,250,133,250,0.0
133,251,133,251,0.0
133,252,133,252,0.0
133,253,133,253,0.0
133,254,133,254,0.0
133,255,133,255,0.0
133,256,133,256,0.0
133,257,133,257,0.0
133,258,133,258,0.0
133,259,133,259,0.0
133,260,133,260,0.0
133,261,133,261,0.0
133,262,133,262,0.0
133,263,133,263,0.0
133,264,133,264,0.0
133,265,133,265,0.0
133,266,133,266,0.0
133,267,133,267,0.0
133,268,133,268,0.0
133,269,133,269,0.0
133,270,133,270,0.0
133,271,133,271,0.0
133,272,133,272,0.0
133,273,133,273,0.0
133,274,133,274,0.0
133,275,133,275,0.0
133,276,133,276,0.0
133,277,133,277,0.0
133,278,133,278,0.0
133,279,133,279,0.0
133,280,133,280,0.0
133,281,133,281,0.0
133,282,133,282,0.0
133,283,133,283,0.0
133,284,133,284,0.0
133,285,133,285,0.0
133,286,133,286,0.0
133,287,133,287,0.0
133,288,133,288,0.0
133,289,133,289,0.0
133,290,133,290,0.0
133,291,133,291,0.0
133,292,133,292,0.0
133,293,133,293,0.0
133,294,133,294,0.0
133,295,133,295,0.0
133,296,133,296,0.0
133,297,133,297,0.0
133,298,133,298,0.0
134,135,134,135,0.0
134,136,134,136,0.0
134,137,134,137,0.0
134,138,134,138,0.0
134,139,134,139,0.0
134,140,134,140,0.0
134,141,134,141,0.0
134,142,134,142,0.0
134,143,134,143,0.0
134,144,134,144,0.0
134,145,134,145,0.0
134,146,134,146,0.0
134,147,134,147,0.0
134,148,134,148,0.0
134,149,134,149,0.0
134,150,134,150,0.0
134,151,134,151,0.0
134,152,134,152,0.0
134,153,134,153,0.0
134,154,134,154,0.0
134,155,134,155,0.0
134,156,134,156,0.0
134,157,134,157,0.0
134,158,134,158,0.0
134,159,134,159,0.0
134,160,134,160,0.0
134,161,134,161,0.0
134,162,134,162,0.0
134,163,134,163,0.0
134,164,134,164,0.0
134,165,134,165,0.0
134,166,134,166,0.0
134,167,134,167,0.0
134,168,134,168,0.0
134,169,134,169,0.0
134,170,134,170,0.0
134,171,134,171,0.0
134,172,134,172,0.0
134,173,134,173,0.0
134,174,134,174,0.0
134,175,134,175,0.0
134,176,134,176,0.0
134,177,134,177,0.0
134,178,134,178,0.0
134,179,134,179,0.0
134,180,134,180,0.0
134,181,134,181,0.0
134,182,134,182,0.0
134,183,134,183,0.0
134,184,134,184,0.0
134,185,134,185,0.0
134,186,134,186,0.0
134,187,134,187,0.0
134,188,134,188,0.0
134,189,134,189,0.0
134,190,134,190,0.0
134,191,134,191,0.0
134,192,134,192,0.0
134,193,134,193,0.0
134,194,134,194,0.0
134,195,134,195,0.0
134,196,134,196,0.0
134,197,134,197,0.0
134,198,134,198,0.0
134,199,134,199,0.0
134,200,134,200,0.0
134,201,134,201,0.0
134,202,134,202,0.0
134,203,134,203,0.0
134,204,134,204,0.0
134,205,134,205,0.0
134,206,134,206,0.0
134,207,134,207,0.0
134,208,134,208,0.0
134,209,134,209,0.0
134,210,134,210,0.0
134,211,134,211,0.0
134,212,134,212,0.0
134,213,134,213,0.0
134,214,134,214,0.0
134,215,134,215,0.0
134,216,134,216,0.0
134,217,134,217,0.0
134,218,134,218,0.0
134,219,134,219,0.0
134,220,134,220,0.0
134,221,134,221,0.0
134,222,134,222,0.0
134,223,134,223,0.0
134,224,134,224,0.0
134,225,134,225,0.0
134,226,134,226,0.0
134,227,134,227,0.0
134,228,134,228,0.0
134,229,134,229,0.0
134,230,134,230,0.0
134,231,134,231,0.0
134,232,134,232,0.0
134,233,134,233,0.0
134,234,134,234,0.0
134,235,134,235,0.0
134,236,134,236,0.0
134,237,134,237,0.0
134,238,134,238,0.0
134,239,134,239,0.0
134,240,134,240,0.0
134,241,134,241,0.0
134,242,134,242,0.0
134,243,134,243,0.0
134,244,134,244,0.0
134,245,134,245,0.0
134,246,134,246,0.0
134,247,134,247,0.0
134,248,134,248,0.0
134,249,134,249,0.0
134,250,134,250,0.0
134,251,134,251,0.0
134,252,134,252,0.0
134,253,134,253,0.0
134,254,134,254,0.0
134,255,134,255,0.0
134,256,134,256,0.0
134,257,134,257,0.0
134,258,134,258,0.0
134,259,134,259,0.0
134,260,134,260,0.0
134,261,134,261,0.0
134,262,134,262,0.0
134,263,134,263,0.0
134,264,134,264,0.0
134,265,134,265,0.0
134,266,134,266,0.0
134,267,134,267,0.0
134,268,134,268,0.0
134,269,134,269,0.0
134,270,134,270,0.0
134,271,134,271,0.0
134,272,134,272,0.0
134,273,134,273,0.0
134,274,134,274,0.0
134,275,134,275,0.0
134,276,134,276,0.0
134,277,134,277,0.0
134,278,134,278,0.0
134,279,134,279,0.0
134,280,134,280,0.0
134,281,134,281,0.0
134,282,134,282,0.0
134,283,134,283,0.0
134,284,134,284,0.0
134,285,134,285,0.0
134,286,134,286,0.0
134,287,134,287,0.0
134,288,134,288,0.0
134,289,134,289,0.0
134,290,134,290,0.0
134,291,134,291,0.0
134,292,134,292,0.0
134,293,134,293,0.0
134,294,134,294,0.0
134,295,134,295,0.0
134,296,134,296,0.0
134,297,134,297,0.0
134,298,134,298,0.0
135,136,135,136,0.0
135,137,135,137,0.0
135,138,135,138,0.0
135,139,135,139,0.0
135,140,135,140,0.0
135,141,135,141,0.0
135,142,135,142,0.0
135,143,135,143,0.0
135,144,135,144,0.0
135,145,135,145,0.0
135,146,135,146,0.0
135,147,135,147,0.0
135,148,135,148,0.0
135,149,135,149,0.0
135,150,135,150,0.0
135,151,135,151,0.0
135,152,135,152,0.0
135,153,135,153,0.0
135,154,135,154,0.0
135,155,135,155,0.0
135,156,135,156,0.0
135,157,135,157,0.0
135,158,135,158,0.0
135,159,135,159,0.0
135,160,135,160,0.0
135,161,135,161,0.0
135,162,135,162,0.0
135,163,135,163,0.0
135,164,135,164,0.0
135,165,135,165,0.0
135,166,135,166,0.0
135,167,135,167,0.0
135,168,135,168,0.0
135,169,135,169,0.0
135,170,135,170,0.0
135,171,135,171,0.0
135,172,135,172,0.0
135,173,135,173,0.0
135,174,135,174,0.0
135,175,135,175,0.0
135,176,135,176,0.0
135,177,135,177,0.0
135,178,135,178,0.0
135,179,135,179,0.0
135,180,135,180,0.0
135,181,135,181,0.0
135,182,135,182,0.0
135,183,135,183,0.0
135,184,135,184,0.0
135,185,135,185,0.0
135,186,135,186,0.0
135,187,135,187,0.0
135,188,135,188,0.0
135,189,135,189,0.0
135,190,135,190,0.0
135,191,135,191,0.0
135,192,135,192,0.0
135,193,135,193,0.0
135,194,135,194,0.0
135,195,135,195,0.0
135,196,135,196,0.0
135,197,135,197,0.0
135,198,135,198,0.0
135,199,135,199,0.0
135,200,135,200,0.0
135,201,135,201,0.0
135,202,135,202,0.0
135,203,135,203,0.0
135,204,135,204,0.0
135,205,135,205,0.0
135,206,135,206,0.0
135,207,135,207,0.0
135,208,135,208,0.0
135,209,135,209,0.0
135,210,135,210,0.0
135,211,135,211,0.0
135,212,135,212,0.0
135,213,135,213,0.0
135,214,135,214,0.0
135,215,135,215,0.0
135,216,135,216,0.0
135,217,135,217,0.0
135,218,135,218,0.0
135,219,135,219,0.0
135,220,135,220,0.0
135,221,135,221,0.0
135,222,135,222,0.0
135,223,135,223,0.0
135,224,135,224,0.0
135,225,135,225,0.0
135,226,135,226,0.0
135,227,135,227,0.0
135,228,135,228,0.0
135,229,135,229,0.0
135,230,135,230,0.0
135,231,135,231,0.0
135,232,135,232,0.0
135,233,135,233,0.0
135,234,135,234,0.0
135,235,135,235,0.0
135,236,135,236,0.0
135,237,135,237,0.0
135,238,135,238,0.0
135,239,135,239,0.0
135,240,135,240,0.0
135,241,135,241,0.0
135,242,135,242,0.0
135,243,135,243,0.0
135,244,135,244,0.0
135,245,135,245,0.0
135,246,135,246,0.0
135,247,135,247,0.0
135,248,135,248,0.0
135,249,135,249,0.0
135,250,135,250,0.0
135,251,135,251,0.0
135,252,135,252,0.0
135,253,135,253,0.0
135,254,135,254,0.0
135,255,135,255,0.0
135,256,135,256,0.0
135,257,135,257,0.0
135,258,135,258,0.0
135,259,135,259,0.0
135,260,135,260,0.0
135,261,135,261,0.0
135,262,135,262,0.0
135,263,135,263,0.0
135,264,135,264,0.0
135,265,135,265,0.0
135,266,135,266,0.0
135,267,135,267,0.0
135,268,135,268,0.0
135,269,135,269,0.0
135,270,135,270,0.0
135,271,135,271,0.0
135,272,135,272,0.0
135,273,135,273,0.0
135,274,135,274,0.0
135,275,135,275,0.0
135,276,135,276,0.0
135,277,135,277,0.0
135,278,135,278,0.0
135,279,135,279,0.0
135,280,135,280,0.0
135,281,135,281,0.0
135,282,135,282,0.0
135,283,135,283,0.0
135,284,135,284,0.0
135,285,135,285,0.0
135,286,135,286,0.0
135,287,135,287,0.0
135,288,135,288,0.0
135,289,135,289,0.0
135,290,135,290,0.0
135,291,135,291,0.0
135,292,135,292,0.0
135,293,135,293,0.0
135,294,135,294,0.0
135,295,135,295,0.0
135,296,135,296,0.0
135,297,135,297,0.0
135,298,135,298,0.0
136,137,136,137,0.0
136,138,136,138,0.0
136,139,136,139,0.0
136,140,136,140,0.0
136,141,136,141,0.0
136,142,136,142,0.0
136,143,136,143,0.0
136,144,136,144,0.0
136,145,136,145,0.0
136,146,136,146,0.0
136,147,136,147,0.0
136,148,136,148,0.0
136,149,136,149,0.0
136,150,136,150,0.0
136,151,136,151,0.0
136,152,136,152,0.0
136,153,136,153,0.0
136,154,136,154,0.0
136,155,136,155,0.0
136,156,136,156,0.0
136,157,136,157,0.0
136,158,136,158,0.0
136,159,136,159,0.0
136,160,136,160,0.0
136,161,136,161,0.0
136,162,136,162,0.0
136,163,136,163,0.0
136,164,136,164,0.0
136,165,136,165,0.0
136,166,136,166,0.0
136,167,136,167,0.0
136,168,136,168,0.0
136,169,136,169,0.0
136,170,136,170,0.0
136,171,136,171,0.0
136,172,136,172,0.0
136,173,136,173,0.0
136,174,136,174,0.0
136,175,136,175,0.0
136,176,136,176,0.0
136,177,136,177,0.0
136,178,136,178,0.0
136,179,136,179,0.0
136,180,136,180,0.0
136,181,136,181,0.0
136,182,136,182,0.0
136,183,136,183,0.0
136,184,136,184,0.0
136,185,136,185,0.0
136,186,136,186,0.0
136,187,136,187,0.0
136,188,136,188,0.0
136,189,136,189,0.0
136,190,136,190,0.0
136,191,136,191,0.0
136,192,136,192,0.0
136,193,136,193,0.0
136,194,136,194,0.0
136,195,136,195,0.0
136,196,136,196,0.0
136,197,136,197,0.0
136,198,136,198,0.0
136,199,136,199,0.0
136,200,136,200,0.0
136,201,136,201,0.0
136,202,136,202,0.0
136,203,136,203,0.0
136,204,136,204,0.0
136,205,136,205,0.0
136,206,136,206,0.0
136,207,136,207,0.0
136,208,136,208,0.0
136,209,136,209,0.0
136,210,136,210,0.0
136,211,136,211,0.0
136,212,136,212,0.0
136,213,136,213,0.0
136,214,136,214,0.0
136,215,136,215,0.0
136,216,136,216,0.0
136,217,136,217,0.0
136,218,136,218,0.0
136,219,136,219,0.0
136,220,136,220,0.0
136,221,136,221,0.0
136,222,136,222,0.0
136,223,136,223,0.0
136,224,136,224,0.0
136,225,136,225,0.0
136,226,136,226,0.0
136,227,136,227,0.0
136,228,136,228,0.0
136,229,136,229,0.0
136,230,136,230,0.0
136,231,136,231,0.0
136,232,136,232,0.0
136,233,136,233,0.0
136,234,136,234,0.0
136,235,136,235,0.0
136,236,136,236,0.0
136,237,136,237,0.0
136,238,136,238,0.0
136,239,136,239,0.0
136,240,136,240,0.0
136,241,136,241,0.0
136,242,136,242,0.0
136,243,136,243,0.0
136,244,136,244,0.0
136,245,136,245,0.0
136,246,136,246,0.0
136,247,136,247,0.0
136,248,136,248,0.0
136,249,136,249,0.0
136,250,136,250,0.0
136,251,136,251,0.0
136,252,136,252,0.0
136,253,136,253,0.0
136,254,136,254,0.0
136,255,136,255,0.0
136,256,136,256,0.0
136,257,136,257,0.0
136,258,136,258,0.0
136,259,136,259,0.0
136,260,136,260,0.0
136,261,136,261,0.0
136,262,136,262,0.0
136,263,136,263,0.0
136,264,136,264,0.0
136,265,136,265,0.0
136,266,136,266,0.0
136,267,136,267,0.0
136,268,136,268,0.0
136,269,136,269,0.0
136,270,136,270,0.0
136,271,136,271,0.0
136,272,136,272,0.0
136,273,136,273,0.0
136,274,136,274,0.0
136,275,136,275,0.0
136,276,136,276,0.0
136,277,136,277,0.0
136,278,136,278,0.0
136,279,136,279,0.0
136,280,136,280,0.0
136,281,136,281,0.0
136,282,136,282,0.0
136,283,136,283,0.0
136,284,136,284,0.0
136,285,136,285,0.0
136,286,136,286,0.0
136,287,136,287,0.0
136,288,136,288,0.0
136,289,136,289,0.0
136,290,136,290,0.0
136,291,136,291,0.0
136,292,136,292,0.0
136,293,136,293,0.0
136,294,136,294,0.0
136,295,136,295,0.0
136,296,136,296,0.0
136,297,136,297,0.0
136,298,136,298,0.0
137,138,137,138,0.0
137,139,137,139,0.0
137,140,137,140,0.0
137,141,137,141,0.0
137,142,137,142,0.0
137,143,137,143,0.0
137,144,137,144,0.0
137,145,137,145,0.0
137,146,137,146,0.0
137,147,137,147,0.0
137,148,137,148,0.0
137,149,137,149,0.0
137,150,137,150,0.0
137,151,137,151,0.0
137,152,137,152,0.0
137,153,137,153,0.0
137,154,137,154,0.0
137,155,137,155,0.0
137,156,137,156,0.0
137,157,137,157,0.0
137,158,137,158,0.0
137,159,137,159,0.0
137,160,137,160,0.0
137,161,137,161,0.0
137,162,137,162,0.0
137,163,137,163,0.0
137,164,137,164,0.0
137,165,137,165,0.0
137,166,137,166,0.0
137,167,137,167,0.0
137,168,137,168,0.0
137,169,137,169,0.0
137,170,137,170,0.0
137,171,137,171,0.0
137,172,137,172,0.0
137,173,137,173,0.0
137,174,137,174,0.0
137,175,137,175,0.0
137,176,137,176,0.0
137,177,137,177,0.0
137,178,137,178,0.0
137,179,137,179,0.0
137,180,137,180,0.0
137,181,137,181,0.0
137,182,137,182,0.0
137,183,137,183,0.0
137,184,137,184,0.0
137,185,137,185,0.0
137,186,137,186,0.0
137,187,137,187,0.0
137,188,137,188,0.0
137,189,137,189,0.0
137,190,137,190,0.0
137,191,137,191,0.0
137,192,137,192,0.0
137,193,137,193,0.0
137,194,137,194,0.0
137,195,137,195,0.0
137,196,137,196,0.0
137,197,137,197,0.0
137,198,137,198,0.0
137,199,137,199,0.0
137,200,137,200,0.0
137,201,137,201,0.0
137,202,137,202,0.0
137,203,137,203,0.0
137,204,137,204,0.0
137,205,137,205,0.0
137,206,137,206,0.0
137,207,137,207,0.0
137,208,137,208,0.0
137,209,137,209,0.0
137,210,137,210,0.0
137,211,137,211,0.0
137,212,137,212,0.0
137,213,137,213,0.0
137,214,137,214,0.0
137,215,137,215,0.0
137,216,137,216,0.0
137,217,137,217,0.0
137,218,137,218,0.0
137,219,137,219,0.0
137,220,137,220,0.0
137,221,137,221,0.0
137,222,137,222,0.0
137,223,137,223,0.0
137,224,137,224,0.0
137,225,137,225,0.0
137,226,137,226,0.0
137,227,137,227,0.0
137,228,137,228,0.0
137,229,137,229,0.0
137,230,137,230,0.0
137,231,137,231,0.0
137,232,137,232,0.0
137,233,137,233,0.0
137,234,137,234,0.0
137,235,137,235,0.0
137,236,137,236,0.0
137,237,137,237,0.0
137,238,137,238,0.0
137,239,137,239,0.0
137,240,137,240,0.0
137,241,137,241,0.0
137,242,137,242,0.0
137,243,137,243,0.0
137,244,137,244,0.0
137,245,137,245,0.0
137,246,137,246,0.0
137,247,137,247,0.0
137,248,137,248,0.0
137,249,137,249,0.0
137,250,137,250,0.0
137,251,137,251,0.0
137,252,137,252,0.0
137,253,137,253,0.0
137,254,137,254,0.0
137,255,137,255,0.0
137,256,137,256,0.0
137,257,137,257,0.0
137,258,137,258,0.0
137,259,137,259,0.0
137,260,137,260,0.0
137,261,137,261,0.0
137,262,137,262,0.0
137,263,137,263,0.0
137,264,137,264,0.0
137,265,137,265,0.0
137,266,137,266,0.0
137,267,137,267,0.0
137,268,137,268,0.0
137,269,137,269,0.0
137,270,137,270,0.0
137,271,137,271,0.0
137,272,137,272,0.0
137,273,137,273,0.0
137,274,137,274,0.0
137,275,137,275,0.0
137,276,137,276,0.0
137,277,137,277,0.0
137,278,137,278,0.0
137,279,137,279,0.0
137,280,137,280,0.0
137,281,137,281,0.0
137,282,137,282,0.0
137,283,137,283,0.0
137,284,137,284,0.0
137,285,137,285,0.0
137,286,137,286,0.0
137,287,137,287,0.0
137,288,137,288,0.0
137,289,137,289,0.0
137,290,137,290,0.0
137,291,137,291,0.0
137,292,137,292,0.0
137,293,137,293,0.0
137,294,137,294,0.0
137,295,137,295,0.0
137,296,137,296,0.0
137,297,137,297,0.0
137,298,137,298,0.0
138,139,138,139,0.0
138,140,138,140,0.0
138,141,138,141,0.0
138,142,138,142,0.0
138,143,138,143,0.0
138,144,138,144,0.0
138,145,138,145,0.0
138,146,138,146,0.0
138,147,138,147,0.0
138,148,138,148,0.0
138,149,138,149,0.0
138,150,138,150,0.0
138,151,138,151,0.0
138,152,138,152,0.0
138,153,138,153,0.0
138,154,138,154,0.0
138,155,138,155,0.0
138,156,138,156,0.0
138,157,138,157,0.0
138,158,138,158,0.0
138,159,138,159,0.0
138,160,138,160,0.0
138,161,138,161,0.0
138,162,138,162,0.0
138,163,138,163,0.0
138,164,138,164,0.0
138,165,138,165,0.0
138,166,138,166,0.0
138,167,138,167,0.0
138,168,138,168,0.0
138,169,138,169,0.0
138,170,138,170,0.0
138,171,138,171,0.0
138,172,138,172,0.0
138,173,138,173,0.0
138,174,138,174,0.0
138,175,138,175,0.0
138,176,138,176,0.0
138,177,138,177,0.0
138,178,138,178,0.0
138,179,138,179,0.0
138,180,138,180,0.0
138,181,138,181,0.0
138,182,138,182,0.0
138,183,138,183,0.0
138,184,138,184,0.0
138,185,138,185,0.0
138,186,138,186,0.0
138,187,138,187,0.0
138,188,138,188,0.0
138,189,138,189,0.0
138,190,138,190,0.0
138,191,138,191,0.0
138,192,138,192,0.0
138,193,138,193,0.0
138,194,138,194,0.0
138,195,138,195,0.0
138,196,138,196,0.0
138,197,138,197,0.0
138,198,138,198,0.0
138,199,138,199,0.0
138,200,138,200,0.0
138,201,138,201,0.0
138,202,138,202,0.0
138,203,138,203,0.0
138,204,138,204,0.0
138,205,138,205,0.0
138,206,138,206,0.0
138,207,138,207,0.0
138,208,138,208,0.0
138,209,138,209,0.0
138,210,138,210,0.0
138,211,138,211,0.0
138,212,138,212,0.0
138,213,138,213,0.0
138,214,138,214,0.0
138,215,138,215,0.0
138,216,138,216,0.0
138,217,138,217,0.0
138,218,138,218,0.0
138,219,138,219,0.0
138,220,138,220,0.0
138,221,138,221,0.0
138,222,138,222,0.0
138,223,138,223,0.0
138,224,138,224,0.0
138,225,138,225,0.0
138,226,138,226,0.0
138,227,138,227,0.0
138,228,138,228,0.0
138,229,138,229,0.0
138,230,138,230,0.0
138,231,138,231,0.0
138,232,138,232,0.0
138,233,138,233,0.0
138,234,138,234,0.0
138,235,138,235,0.0
138,236,138,236,0.0
138,237,138,237,0.0
138,238,138,238,0.0
138,239,138,239,0.0
138,240,138,240,0.0
138,241,138,241,0.0
138,242,138,242,0.0
138,243,138,243,0.0
138,244,138,244,0.0
138,245,138,245,0.0
138,246,138,246,0.0
138,247,138,247,0.0
138,248,138,248,0.0
138,249,138,249,0.0
138,250,138,250,0.0
138,251,138,251,0.0
138,252,138,252,0.0
138,253,138,253,0.0
138,254,138,254,0.0
138,255,138,255,0.0
138,256,138,256,0.0
138,257,138,257,0.0
138,258,138,258,0.0
138,259,138,259,0.0
138,260,138,260,0.0
138,261,138,261,0.0
138,262,138,262,0.0
138,263,138,263,0.0
138,264,138,264,0.0
138,265,138,265,0.0
138,266,138,266,0.0
138,267,138,267,0.0
138,268,138,268,0.0
138,269,138,269,0.0
138,270,138,270,0.0
138,271,138,271,0.0
138,272,138,272,0.0
138,273,138,273,0.0
138,274,138,274,0.0
138,275,138,275,0.0
138,276,138,276,0.0
138,277,138,277,0.0
138,278,138,278,0.0
138,279,138,279,0.0
138,280,138,280,0.0
138,281,138,281,0.0
138,282,138,282,0.0
138,283,138,283,0.0
138,284,138,284,0.0
138,285,138,285,0.0
138,286,138,286,0.0
138,287,138,287,0.0
138,288,138,288,0.0
138,289,138,289,0.0
138,290,138,290,0.0
138,291,138,291,0.0
138,292,138,292,0.0
138,293,138,293,0.0
138,294,138,294,0.0
138,295,138,295,0.0
138,296,138,296,0.0
138,297,138,297,0.0
138,298,138,298,0.0
139,140,139,140,0.0
139,141,139,141,0.0
139,142,139,142,0.0
139,143,139,143,0.0
139,144,139,144,0.0
139,145,139,145,0.0
139,146,139,146,0.0
139,147,139,147,0.0
139,148,139,148,0.0
139,149,139,149,0.0
139,150,139,150,0.0
139,151,139,151,0.0
139,152,139,152,0.0
139,153,139,153,0.0
139,154,139,154,0.0
139,155,139,155,0.0
139,156,139,156,0.0
139,157,139,157,0.0
139,158,139,158,0.0
139,159,139,159,0.0
139,160,139,160,0.0
139,161,139,161,0.0
139,162,139,162,0.0
139,163,139,163,0.0
139,164,139,164,0.0
139,165,139,165,0.0
139,166,139,166,0.0
139,167,139,167,0.0
139,168,139,168,0.0
139,169,139,169,0.0
139,170,139,170,0.0
139,171,139,171,0.0
139,172,139,172,0.0
139,173,139,173,0.0
139,174,139,174,0.0
139,175,139,175,0.0
139,176,139,176,0.0
139,177,139,177,0.0
139,178,139,178,0.0
139,179,139,179,0.0
139,180,139,180,0.0
139,181,139,181,0.0
139,182,139,182,0.0
139,183,139,183,0.0
139,184,139,184,0.0
139,185,139,185,0.0
139,186,139,186,0.0
139,187,139,187,0.0
139,188,139,188,0.0
139,189,139,189,0.0
139,190,139,190,0.0
139,191,139,191,0.0
139,192,139,192,0.0
139,193,139,193,0.0
139,194,139,194,0.0
139,195,139,195,0.0
139,196,139,196,0.0
139,197,139,197,0.0
139,198,139,198,0.0
139,199,139,199,0.0
139,200,139,200,0.0
139,201,139,201,0.0
139,202,139,202,0.0
139,203,139,203,0.0
139,204,139,204,0.0
139,205,139,205,0.0
139,206,139,206,0.0
139,207,139,207,0.0
139,208,139,208,0.0
139,209,139,209,0.0
139,210,139,210,0.0
139,211,139,211,0.0
139,212,139,212,0.0
139,213,139,213,0.0
139,214,139,214,0.0
139,215,139,215,0.0
139,216,139,216,0.0
139,217,139,217,0.0
139,218,139,218,0.0
139,219,139,219,0.0
139,220,139,220,0.0
139,221,139,221,0.0
139,222,139,222,0.0
139,223,139,223,0.0
139,224,139,224,0.0
139,225,139,225,0.0
139,226,139,226,0.0
139,227,139,227,0.0
139,228,139,228,0.0
139,229,139,229,0.0
139,230,139,230,0.0
139,231,139,231,0.0
139,232,139,232,0.0
139,233,139,233,0.0
139,234,139,234,0.0
139,235,139,235,0.0
139,236,139,236,0.0
139,237,139,237,0.0
139,238,139,238,0.0
139,239,139,239,0.0
139,240,139,240,0.0
139,241,139,241,0.0
139,242,139,242,0.0
139,243,139,243,0.0
139,244,139,244,0.0
139,245,139,245,0.0
139,246,139,246,0.0
139,247,139,247,0.0
139,248,139,248,0.0
139,249,139,249,0.0
139,250,139,250,0.0
139,251,139,251,0.0
139,252,139,252,0.0
139,253,139,253,0.0
139,254,139,254,0.0
139,255,139,255,0.0
139,256,139,256,0.0
139,257,139,257,0.0
139,258,139,258,0.0
139,259,139,259,0.0
139,260,139,260,0.0
139,261,139,261,0.0
139,262,139,262,0.0
139,263,139,263,0.0
139,264,139,264,0.0
139,265,139,265,0.0
139,266,139,266,0.0
139,267,139,267,0.0
139,268,139,268,0.0
139,269,139,269,0.0
139,270,139,270,0.0
139,271,139,271,0.0
139,272,139,272,0.0
139,273,139,273,0.0
139,274,139,274,0.0
139,275,139,275,0.0
139,276,139,276,0.0
139,277,139,277,0.0
139,278,139,278,0.0
139,279,139,279,0.0
139,280,139,280,0.0
139,281,139,281,0.0
139,282,139,282,0.0
139,283,139,283,0.0
139,284,139,284,0.0
139,285,139,285,0.0
139,286,139,286,0.0
139,287,139,287,0.0
139,288,139,288,0.0
139,289,139,289,0.0
139,290,139,290,0.0
139,291,139,291,0.0
139,292,139,292,0.0
139,293,139,293,0.0
139,294,139,294,0.0
139,295,139,295,0.0
139,296,139,296,0.0
139,297,139,297,0.0
139,298,139,298,0.0
140,141,140,141,0.0
140,142,140,142,0.0
140,143,140,143,0.0
140,144,140,144,0.0
140,145,140,145,0.0
140,146,140,146,0.0
140,147,140,147,0.0
140,148,140,148,0.0
140,149,140,149,0.0
140,150,140,150,0.0
140,151,140,151,0.0
140,152,140,152,0.0
140,153,140,153,0.0
140,154,140,154,0.0
140,155,140,155,0.0
140,156,140,156,0.0
140,157,140,157,0.0
140,158,140,158,0.0
140,159,140,159,0.0
140,160,140,160,0.0
140,161,140,161,0.0
140,162,140,162,0.0
140,163,140,163,0.0
140,164,140,164,0.0
140,165,140,165,0.0
140,166,140,166,0.0
140,167,140,167,0.0
140,168,140,168,0.0
140,169,140,169,0.0
140,170,140,170,0.0
140,171,140,171,0.0
140,172,140,172,0.0
140,173,140,173,0.0
140,174,140,174,0.0
140,175,140,175,0.0
140,176,140,176,0.0
140,177,140,177,0.0
140,178,140,178,0.0
140,179,140,179,0.0
140,180,140,180,0.0
140,181,140,181,0.0
140,182,140,182,0.0
140,183,140,183,0.0
140,184,140,184,0.0
140,185,140,185,0.0
140,186,140,186,0.0
140,187,140,187,0.0
140,188,140,188,0.0
140,189,140,189,0.0
140,190,140,190,0.0
140,191,140,191,0.0
140,192,140,192,0.0
140,193,140,193,0.0
140,194,140,194,0.0
140,195,140,195,0.0
140,196,140,196,0.0
140,197,140,197,0.0
140,198,140,198,0.0
140,199,140,199,0.0
140,200,140,200,0.0
140,201,140,201,0.0
140,202,140,202,0.0
140,203,140,203,0.0
140,204,140,204,0.0
140,205,140,205,0.0
140,206,140,206,0.0
140,207,140,207,0.0
140,208,140,208,0.0
140,209,140,209,0.0
140,210,140,210,0.0
140,211,140,211,0.0
140,212,140,212,0.0
140,213,140,213,0.0
140,214,140,214,0.0
140,215,140,215,0.0
140,216,140,216,0.0
140,217,140,217,0.0
140,218,140,218,0.0
140,219,140,219,0.0
140,220,140,220,0.0
140,221,140,221,0.0
140,222,140,222,0.0
140,223,140,223,0.0
140,224,140,224,0.0
140,225,140,225,0.0
140,226,140,226,0.0
140,227,140,227,0.0
140,228,140,228,0.0
140,229,140,229,0.0
140,230,140,230,0.0
140,231,140,231,0.0
140,232,140,232,0.0
140,233,140,233,0.0
140,234,140,234,0.0
140,235,140,235,0.0
140,236,140,236,0.0
140,237,140,237,0.0
140,238,140,238,0.0
140,239,140,239,0.0
140,240,140,240,0.0
140,241,140,241,0.0
140,242,140,242,0.0
140,243,140,243,0.0
140,244,140,244,0.0
140,245,140,245,0.0
140,246,140,246,0.0
140,247,140,247,0.0
140,248,140,248,0.0
140,249,140,249,0.0
140,250,140,250,0.0
140,251,140,251,0.0
140,252,140,252,0.0
140,253,140,253,0.0
140,254,140,254,0.0
140,255,140,255,0.0
140,256,140,256,0.0
140,257,140,257,0.0
140,258,140,258,0.0
140,259,140,259,0.0
140,260,140,260,0.0
140,261,140,261,0.0
140,262,140,262,0.0
140,263,140,263,0.0
140,264,140,264,0.0
140,265,140,265,0.0
140,266,140,266,0.0
140,267,140,267,0.0
140,268,140,268,0.0
140,269,140,269,0.0
140,270,140,270,0.0
140,271,140,271,0.0
140,272,140,272,0.0
140,273,140,273,0.0
140,274,140,274,0.0
140,275,140,275,0.0
140,276,140,276,0.0
140,277,140,277,0.0
140,278,140,278,0.0
140,279,140,279,0.0
140,280,140,280,0.0
140,281,140,281,0.0
140,282,140,282,0.0
140,283,140,283,0.0
140,284,140,284,0.0
140,285,140,285,0.0
140,286,140,286,0.0
140,287,140,287,0.0
140,288,140,288,0.0
140,289,140,289,0.0
140,290,140,290,0.0
140,291,140,291,0.0
140,292,140,292,0.0
140,293,140,293,0.0
140,294,140,294,0.0
140,295,140,295,0.0
140,296,140,296,0.0
140,297,140,297,0.0
140,298,140,298,0.0
141,142,141,142,0.0
141,143,141,143,0.0
141,144,141,144,0.0
141,145,141,145,0.0
141,146,141,146,0.0
141,147,141,147,0.0
141,148,141,148,0.0
141,149,141,149,0.0
141,150,141,150,0.0
141,151,141,151,0.0
141,152,141,152,0.0
141,153,141,153,0.0
141,154,141,154,0.0
141,155,141,155,0.0
141,156,141,156,0.0
141,157,141,157,0.0
141,158,141,158,0.0
141,159,141,159,0.0
141,160,141,160,0.0
141,161,141,161,0.0
141,162,141,162,0.0
141,163,141,163,0.0
141,164,141,164,0.0
141,165,141,165,0.0
141,166,141,166,0.0
141,167,141,167,0.0
141,168,141,168,0.0
141,169,141,169,0.0
141,170,141,170,0.0
141,171,141,171,0.0
141,172,141,172,0.0
141,173,141,173,0.0
141,174,141,174,0.0
141,175,141,175,0.0
141,176,141,176,0.0
141,177,141,177,0.0
141,178,141,178,0.0
141,179,141,179,0.0
141,180,141,180,0.0
141,181,141,181,0.0
141,182,141,182,0.0
141,183,141,183,0.0
141,184,141,184,0.0
141,185,141,185,0.0
141,186,141,186,0.0
141,187,141,187,0.0
141,188,141,188,0.0
141,189,141,189,0.0
141,190,141,190,0.0
141,191,141,191,0.0
141,192,141,192,0.0
141,193,141,193,0.0
141,194,141,194,0.0
141,195,141,195,0.0
141,196,141,196,0.0
141,197,141,197,0.0
141,198,141,198,0.0
141,199,141,199,0.0
141,200,141,200,0.0
141,201,141,201,0.0
141,202,141,202,0.0
141,203,141,203,0.0
141,204,141,204,0.0
141,205,141,205,0.0
141,206,141,206,0.0
141,207,141,207,0.0
141,208,141,208,0.0
141,209,141,209,0.0
141,210,141,210,0.0
141,211,141,211,0.0
141,212,141,212,0.0
141,213,141,213,0.0
141,214,141,214,0.0
141,215,141,215,0.0
141,216,141,216,0.0
141,217,141,217,0.0
141,218,141,218,0.0
141,219,141,219,0.0
141,220,141,220,0.0
141,221,141,221,0.0
141,222,141,222,0.0
141,223,141,223,0.0
141,224,141,224,0.0
141,225,141,225,0.0
141,226,141,226,0.0
141,227,141,227,0.0
141,228,141,228,0.0
141,229,141,229,0.0
141,230,141,230,0.0
141,231,141,231,0.0
141,232,141,232,0.0
141,233,141,233,0.0
141,234,141,234,0.0
141,235,141,235,0.0
141,236,141,236,0.0
141,237,141,237,0.0
141,238,141,238,0.0
141,239,141,239,0.0
141,240,141,240,0.0
141,241,141,241,0.0
141,242,141,242,0.0
141,243,141,243,0.0
141,244,141,244,0.0
141,245,141,245,0.0
141,246,141,246,0.0
141,247,141,247,0.0
141,248,141,248,0.0
141,249,141,249,0.0
141,250,141,250,0.0
141,251,141,251,0.0
141,252,141,252,0.0
141,253,141,253,0.0
141,254,141,254,0.0
141,255,141,255,0.0
141,256,141,256,0.0
141,257,141,257,0.0
141,258,141,258,0.0
141,259,141,259,0.0
141,260,141,260,0.0
141,261,141,261,0.0
141,262,141,262,0.0
141,263,141,263,0.0
141,264,141,264,0.0
141,265,141,265,0.0
141,266,141,266,0.0
141,267,141,267,0.0
141,268,141,268,0.0
141,269,141,269,0.0
141,270,141,270,0.0
141,271,141,271,0.0
141,272,141,272,0.0
141,273,141,273,0.0
141,274,141,274,0.0
141,275,141,275,0.0
141,276,141,276,0.0
141,277,141,277,0.0
141,278,141,278,0.0
141,279,141,279,0.0
141,280,141,280,0.0
141,281,141,281,0.0
141,282,141,282,0.0
141,283,141,283,0.0
141,284,141,284,0.0
141,285,141,285,0.0
141,286,141,286,0.0
141,287,141,287,0.0
141,288,141,288,0.0
141,289,141,289,0.0
141,290,141,290,0.0
141,291,141,291,0.0
141,292,141,292,0.0
141,293,141,293,0.0
141,294,141,294,0.0
141,295,141,295,0.0
141,296,141,296,0.0
141,297,141,297,0.0
141,298,141,298,0.0
142,143,142,143,0.0
142,144,142,144,0.0
142,145,142,145,0.0
142,146,142,146,0.0
142,147,142,147,0.0
142,148,142,148,0.0
142,149,142,149,0.0
142,150,142,150,0.0
142,151,142,151,0.0
142,152,142,152,0.0
142,153,142,153,0.0
142,154,142,154,0.0
142,155,142,155,0.0
142,156,142,156,0.0
142,157,142,157,0.0
142,158,142,158,0.0
142,159,142,159,0.0
142,160,142,160,0.0
142,161,142,161,0.0
142,162,142,162,0.0
142,163,142,163,0.0
142,164,142,164,0.0
142,165,142,165,0.0
142,166,142,166,0.0
142,167,142,167,0.0
142,168,142,168,0.0
142,169,142,169,0.0
142,170,142,170,0.0
142,171,142,171,0.0
142,172,142,172,0.0
142,173,142,173,0.0
142,174,142,174,0.0
142,175,142,175,0.0
142,176,142,176,0.0
142,177,142,177,0.0
142,178,142,178,0.0
142,179,142,179,0.0
142,180,142,180,0.0
142,181,142,181,0.0
142,182,142,182,0.0
142,183,142,183,0.0
142,184,142,184,0.0
142,185,142,185,0.0
142,186,142,186,0.0
142,187,142,187,0.0
142,188,142,188,0.0
142,189,142,189,0.0
142,190,142,190,0.0
142,191,142,191,0.0
142,192,142,192,0.0
142,193,142,193,0.0
142,194,142,194,0.0
142,195,142,195,0.0
142,196,142,196,0.0
142,197,142,197,0.0
142,198,142,198,0.0
142,199,142,199,0.0
142,200,142,200,0.0
142,201,142,201,0.0
142,202,142,202,0.0
142,203,142,203,0.0
142,204,142,204,0.0
142,205,142,205,0.0
142,206,142,206,0.0
142,207,142,207,0.0
142,208,142,208,0.0
142,209,142,209,0.0
142,210,142,210,0.0
142,211,142,211,0.0
142,212,142,212,0.0
142,213,142,213,0.0
142,214,142,214,0.0
142,215,142,215,0.0
142,216,142,216,0.0
142,217,142,217,0.0
142,218,142,218,0.0
142,219,142,219,0.0
142,220,142,220,0.0
142,221,142,221,0.0
142,222,142,222,0.0
142,223,142,223,0.0
142,224,142,224,0.0
142,225,142,225,0.0
142,226,142,226,0.0
142,227,142,227,0.0
142,228,142,228,0.0
142,229,142,229,0.0
142,230,142,230,0.0
142,231,142,231,0.0
142,232,142,232,0.0
142,233,142,233,0.0
142,234,142,234,0.0
142,235,142,235,0.0
142,236,142,236,0.0
142,237,142,237,0.0
142,238,142,238,0.0
142,239,142,239,0.0
142,240,142,240,0.0
142,241,142,241,0.0
142,242,142,242,0.0
142,243,142,243,0.0
142,244,142,244,0.0
142,245,142,245,0.0
142,246,142,246,0.0
142,247,142,247,0.0
142,248,142,248,0.0
142,249,142,249,0.0
142,250,142,250,0.0
142,251,142,251,0.0
142,252,142,252,0.0
142,253,142,253,0.0
142,254,142,254,0.0
142,255,142,255,0.0
142,256,142,256,0.0
142,257,142,257,0.0
142,258,142,258,0.0
142,259,142,259,0.0
142,260,142,260,0.0
142,261,142,261,0.0
142,262,142,262,0.0
142,263,142,263,0.0
142,264,142,264,0.0
142,265,142,265,0.0
142,266,142,266,0.0
142,267,142,267,0.0
142,268,142,268,0.0
142,269,142,269,0.0
142,270,142,270,0.0
142,271,142,271,0.0
142,272,142,272,0.0
142,273,142,273,0.0
142,274,142,274,0.0
142,275,142,275,0.0
142,276,142,276,0.0
142,277,142,277,0.0
142,278,142,278,0.0
142,279,142,279,0.0
142,280,142,280,0.0
142,281,142,281,0.0
142,282,142,282,0.0
142,283,142,283,0.0
142,284,142,284,0.0
142,285,142,285,0.0
142,286,142,286,0.0
142,287,142,287,0.0
142,288,142,288,0.0
142,289,142,289,0.0
142,290,142,290,0.0
142,291,142,291,0.0
142,292,142,292,0.0
142,293,142,293,0.0
142,294,142,294,0.0
142,295,142,295,0.0
142,296,142,296,0.0
142,297,142,297,0.0
142,298,142,298,0.0
143,144,143,144,0.0
143,145,143,145,0.0
143,146,143,146,0.0
143,147,143,147,0.0
143,148,143,148,0.0
143,149,143,149,0.0
143,150,143,150,0.0
143,151,143,151,0.0
143,152,143,152,0.0
143,153,143,153,0.0
143,154,143,154,0.0
143,155,143,155,0.0
143,156,143,156,0.0
143,157,143,157,0.0
143,158,143,158,0.0
143,159,143,159,0.0
143,160,143,160,0.0
143,161,143,161,0.0
143,162,143,162,0.0
143,163,143,163,0.0
143,164,143,164,0.0
143,165,143,165,0.0
143,166,143,166,0.0
143,167,143,167,0.0
143,168,143,168,0.0
143,169,143,169,0.0
143,170,143,170,0.0
143,171,143,171,0.0
143,172,143,172,0.0
143,173,143,173,0.0
143,174,143,174,0.0
143,175,143,175,0.0
143,176,143,176,0.0
143,177,143,177,0.0
143,178,143,178,0.0
143,179,143,179,0.0
143,180,143,180,0.0
143,181,143,181,0.0
143,182,143,182,0.0
143,183,143,183,0.0
143,184,143,184,0.0
143,185,143,185,0.0
143,186,143,186,0.0
143,187,143,187,0.0
143,188,143,188,0.0
143,189,143,189,0.0
143,190,143,190,0.0
143,191,143,191,0.0
143,192,143,192,0.0
143,193,143,193,0.0
143,194,143,194,0.0
143,195,143,195,0.0
143,196,143,196,0.0
143,197,143,197,0.0
143,198,143,198,0.0
143,199,143,199,0.0
143,200,143,200,0.0
143,201,143,201,0.0
143,202,143,202,0.0
143,203,143,203,0.0
143,204,143,204,0.0
143,205,143,205,0.0
143,206,143,206,0.0
143,207,143,207,0.0
143,208,143,208,0.0
143,209,143,209,0.0
143,210,143,210,0.0
143,211,143,211,0.0
143,212,143,212,0.0
143,213,143,213,0.0
143,214,143,214,0.0
143,215,143,215,0.0
143,216,143,216,0.0
143,217,143,217,0.0
143,218,143,218,0.0
143,219,143,219,0.0
143,220,143,220,0.0
143,221,143,221,0.0
143,222,143,222,0.0
143,223,143,223,0.0
143,224,143,224,0.0
143,225,143,225,0.0
143,226,143,226,0.0
143,227,143,227,0.0
143,228,143,228,0.0
143,229,143,229,0.0
143,230,143,230,0.0
143,231,143,231,0.0
143,232,143,232,0.0
143,233,143,233,0.0
143,234,143,234,0.0
143,235,143,235,0.0
143,236,143,236,0.0
143,237,143,237,0.0
143,238,143,238,0.0
143,239,143,239,0.0
143,240,143,240,0.0
143,241,143,241,0.0
143,242,143,242,0.0
143,243,143,243,0.0
143,244,143,244,0.0
143,245,143,245,0.0
143,246,143,246,0.0
143,247,143,247,0.0
143,248,143,248,0.0
143,249,143,249,0.0
143,250,143,250,0.0
143,251,143,251,0.0
143,252,143,252,0.0
143,253,143,253,0.0
143,254,143,254,0.0
143,255,143,255,0.0
143,256,143,256,0.0
143,257,143,257,0.0
143,258,143,258,0.0
143,259,143,259,0.0
143,260,143,260,0.0
143,261,143,261,0.0
143,262,143,262,0.0
143,263,143,263,0.0
143,264,143,264,0.0
143,265,143,265,0.0
143,266,143,266,0.0
143,267,143,267,0.0
143,268,143,268,0.0
143,269,143,269,0.0
143,270,143,270,0.0
143,271,143,271,0.0
143,272,143,272,0.0
143,273,143,273,0.0
143,274,143,274,0.0
143,275,143,275,0.0
143,276,143,276,0.0
143,277,143,277,0.0
143,278,143,278,0.0
143,279,143,279,0.0
143,280,143,280,0.0
143,281,143,281,0.0
143,282,143,282,0.0
143,283,143,283,0.0
143,284,143,284,0.0
143,285,143,285,0.0
143,286,143,286,0.0
143,287,143,287,0.0
143,288,143,288,0.0
143,289,143,289,0.0
143,290,143,290,0.0
143,291,143,291,0.0
143,292,143,292,0.0
143,293,143,293,0.0
143,294,143,294,0.0
143,295,143,295,0.0
143,296,143,296,0.0
143,297,143,297,0.0
143,298,143,298,0.0
144,145,144,145,0.0
144,146,144,146,0.0
144,147,144,147,0.0
144,148,144,148,0.0
144,149,144,149,0.0
144,150,144,150,0.0
144,151,144,151,0.0
144,152,144,152,0.0
144,153,144,153,0.0
144,154,144,154,0.0
144,155,144,155,0.0
144,156,144,156,0.0
144,157,144,157,0.0
144,158,144,158,0.0
144,159,144,159,0.0
144,160,144,160,0.0
144,161,144,161,0.0
144,162,144,162,0.0
144,163,144,163,0.0
144,164,144,164,0.0
144,165,144,165,0.0
144,166,144,166,0.0
144,167,144,167,0.0
144,168,144,168,0.0
144,169,144,169,0.0
144,170,144,170,0.0
144,171,144,171,0.0
144,172,144,172,0.0
144,173,144,173,0.0
144,174,144,174,0.0
144,175,144,175,0.0
144,176,144,176,0.0
144,177,144,177,0.0
144,178,144,178,0.0
144,179,144,179,0.0
144,180,144,180,0.0
144,181,144,181,0.0
144,182,144,182,0.0
144,183,144,183,0.0
144,184,144,184,0.0
144,185,144,185,0.0
144,186,144,186,0.0
144,187,144,187,0.0
144,188,144,188,0.0
144,189,144,189,0.0
144,190,144,190,0.0
144,191,144,191,0.0
144,192,144,192,0.0
144,193,144,193,0.0
144,194,144,194,0.0
144,195,144,195,0.0
144,196,144,196,0.0
144,197,144,197,0.0
144,198,144,198,0.0
144,199,144,199,0.0
144,200,144,200,0.0
144,201,144,201,0.0
144,202,144,202,0.0
144,203,144,203,0.0
144,204,144,204,0.0
144,205,144,205,0.0
144,206,144,206,0.0
144,207,144,207,0.0
144,208,144,208,0.0
144,209,144,209,0.0
144,210,144,210,0.0
144,211,144,211,0.0
144,212,144,212,0.0
144,213,144,213,0.0
144,214,144,214,0.0
144,215,144,215,0.0
144,216,144,216,0.0
144,217,144,217,0.0
144,218,144,218,0.0
144,219,144,219,0.0
144,220,144,220,0.0
144,221,144,221,0.0
144,222,144,222,0.0
144,223,144,223,0.0
144,224,144,224,0.0
144,225,144,225,0.0
144,226,144,226,0.0
144,227,144,227,0.0
144,228,144,228,0.0
144,229,144,229,0.0
144,230,144,230,0.0
144,231,144,231,0.0
144,232,144,232,0.0
144,233,144,233,0.0
144,234,144,234,0.0
144,235,144,235,0.0
144,236,144,236,0.0
144,237,144,237,0.0
144,238,144,238,0.0
144,239,144,239,0.0
144,240,144,240,0.0
144,241,144,241,0.0
144,242,144,242,0.0
144,243,144,243,0.0
144,244,144,244,0.0
144,245,144,245,0.0
144,246,144,246,0.0
144,247,144,247,0.0
144,248,144,248,0.0
144,249,144,249,0.0
144,250,144,250,0.0
144,251,144,251,0.0
144,252,144,252,0.0
144,253,144,253,0.0
144,254,144,254,0.0
144,255,144,255,0.0
144,256,144,256,0.0
144,257,144,257,0.0
144,258,144,258,0.0
144,259,144,259,0.0
144,260,144,260,0.0
144,261,144,261,0.0
144,262,144,262,0.0
144,263,144,263,0.0
144,264,144,264,0.0
144,265,144,265,0.0
144,266,144,266,0.0
144,267,144,267,0.0
144,268,144,268,0.0
144,269,144,269,0.0
144,270,144,270,0.0
144,271,144,271,0.0
144,272,144,272,0.0
144,273,144,273,0.0
144,274,144,274,0.0
144,275,144,275,0.0
144,276,144,276,0.0
144,277,144,277,0.0
144,278,144,278,0.0
144,279,144,279,0.0
144,280,144,280,0.0
144,281,144,281,0.0
144,282,144,282,0.0
144,283,144,283,0.0
144,284,144,284,0.0
144,285,144,285,0.0
144,286,144,286,0.0
144,287,144,287,0.0
144,288,144,288,0.0
144,289,144,289,0.0
144,290,144,290,0.0
144,291,144,291,0.0
144,292,144,292,0.0
144,293,144,293,0.0
144,294,144,294,0.0
144,295,144,295,0.0
144,296,144,296,0.0
144,297,144,297,0.0
144,298,144,298,0.0
145,146,145,146,0.0
145,147,145,147,0.0
145,148,145,148,0.0
145,149,145,149,0.0
145,150,145,150,0.0
145,151,145,151,0.0
145,152,145,152,0.0
145,153,145,153,0.0
145,154,145,154,0.0
145,155,145,155,0.0
145,156,145,156,0.0
145,157,145,157,0.0
145,158,145,158,0.0
145,159,145,159,0.0
145,160,145,160,0.0
145,161,145,161,0.0
145,162,145,162,0.0
145,163,145,163,0.0
145,164,145,164,0.0
145,165,145,165,0.0
145,166,145,166,0.0
145,167,145,167,0.0
145,168,145,168,0.0
145,169,145,169,0.0
145,170,145,170,0.0
145,171,145,171,0.0
145,172,145,172,0.0
145,173,145,173,0.0
145,174,145,174,0.0
145,175,145,175,0.0
145,176,145,176,0.0
145,177,145,177,0.0
145,178,145,178,0.0
145,179,145,179,0.0
145,180,145,180,0.0
145,181,145,181,0.0
145,182,145,182,0.0
145,183,145,183,0.0
145,184,145,184,0.0
145,185,145,185,0.0
145,186,145,186,0.0
145,187,145,187,0.0
145,188,145,188,0.0
145,189,145,189,0.0
145,190,145,190,0.0
145,191,145,191,0.0
145,192,145,192,0.0
145,193,145,193,0.0
145,194,145,194,0.0
145,195,145,195,0.0
145,196,145,196,0.0
145,197,145,197,0.0
145,198,145,198,0.0
145,199,145,199,0.0
145,200,145,200,0.0
145,201,145,201,0.0
145,202,145,202,0.0
145,203,145,203,0.0
145,204,145,204,0.0
145,205,145,205,0.0
145,206,145,206,0.0
145,207,145,207,0.0
145,208,145,208,0.0
145,209,145,209,0.0
145,210,145,210,0.0
145,211,145,211,0.0
145,212,145,212,0.0
145,213,145,213,0.0
145,214,145,214,0.0
145,215,145,215,0.0
145,216,145,216,0.0
145,217,145,217,0.0
145,218,145,218,0.0
145,219,145,219,0.0
145,220,145,220,0.0
145,221,145,221,0.0
145,222,145,222,0.0
145,223,145,223,0.0
145,224,145,224,0.0
145,225,145,225,0.0
145,226,145,226,0.0
145,227,145,227,0.0
145,228,145,228,0.0
145,229,145,229,0.0
145,230,145,230,0.0
145,231,145,231,0.0
145,232,145,232,0.0
145,233,145,233,0.0
145,234,145,234,0.0
145,235,145,235,0.0
145,236,145,236,0.0
145,237,145,237,0.0
145,238,145,238,0.0
145,239,145,239,0.0
145,240,145,240,0.0
145,241,145,241,0.0
145,242,145,242,0.0
145,243,145,243,0.0
145,244,145,244,0.0
145,245,145,245,0.0
145,246,145,246,0.0
145,247,145,247,0.0
145,248,145,248,0.0
145,249,145,249,0.0
145,250,145,250,0.0
145,251,145,251,0.0
145,252,145,252,0.0
145,253,145,253,0.0
145,254,145,254,0.0
145,255,145,255,0.0
145,256,145,256,0.0
145,257,145,257,0.0
145,258,145,258,0.0
145,259,145,259,0.0
145,260,145,260,0.0
145,261,145,261,0.0
145,262,145,262,0.0
145,263,145,263,0.0
145,264,145,264,0.0
145,265,145,265,0.0
145,266,145,266,0.0
145,267,145,267,0.0
145,268,145,268,0.0
145,269,145,269,0.0
145,270,145,270,0.0
145,271,145,271,0.0
145,272,145,272,0.0
145,273,145,273,0.0
145,274,145,274,0.0
145,275,145,275,0.0
145,276,145,276,0.0
145,277,145,277,0.0
145,278,145,278,0.0
145,279,145,279,0.0
145,280,145,280,0.0
145,281,145,281,0.0
145,282,145,282,0.0
145,283,145,283,0.0
145,284,145,284,0.0
145,285,145,285,0.0
145,286,145,286,0.0
145,287,145,287,0.0
145,288,145,288,0.0
145,289,145,289,0.0
145,290,145,290,0.0
145,291,145,291,0.0
145,292,145,292,0.0
145,293,145,293,0.0
145,294,145,294,0.0
145,295,145,295,0.0
145,296,145,296,0.0
145,297,145,297,0.0
145,298,145,298,0.0
146,147,146,147,0.0
146,148,146,148,0.0
146,149,146,149,0.0
146,150,146,150,0.0
146,151,146,151,0.0
146,152,146,152,0.0
146,153,146,153,0.0
146,154,146,154,0.0
146,155,146,155,0.0
146,156,146,156,0.0
146,157,146,157,0.0
146,158,146,158,0.0
146,159,146,159,0.0
146,160,146,160,0.0
146,161,146,161,0.0
146,162,146,162,0.0
146,163,146,163,0.0
146,164,146,164,0.0
146,165,146,165,0.0
146,166,146,166,0.0
146,167,146,167,0.0
146,168,146,168,0.0
146,169,146,169,0.0
146,170,146,170,0.0
146,171,146,171,0.0
146,172,146,172,0.0
146,173,146,173,0.0
146,174,146,174,0.0
146,175,146,175,0.0
146,176,146,176,0.0
146,177,146,177,0.0
146,178,146,178,0.0
146,179,146,179,0.0
146,180,146,180,0.0
146,181,146,181,0.0
146,182,146,182,0.0
146,183,146,183,0.0
146,184,146,184,0.0
146,185,146,185,0.0
146,186,146,186,0.0
146,187,146,187,0.0
146,188,146,188,0.0
146,189,146,189,0.0
146,190,146,190,0.0
146,191,146,191,0.0
146,192,146,192,0.0
146,193,146,193,0.0
146,194,146,194,0.0
146,195,146,195,0.0
146,196,146,196,0.0
146,197,146,197,0.0
146,198,146,198,0.0
146,199,146,199,0.0
146,200,146,200,0.0
146,201,146,201,0.0
146,202,146,202,0.0
146,203,146,203,0.0
146,204,146,204,0.0
146,205,146,205,0.0
146,206,146,206,0.0
146,207,146,207,0.0
146,208,146,208,0.0
146,209,146,209,0.0
146,210,146,210,0.0
146,211,146,211,0.0
146,212,146,212,0.0
146,213,146,213,0.0
146,214,146,214,0.0
146,215,146,215,0.0
146,216,146,216,0.0
146,217,146,217,0.0
146,218,146,218,0.0
146,219,146,219,0.0
146,220,146,220,0.0
146,221,146,221,0.0
146,222,146,222,0.0
146,223,146,223,0.0
146,224,146,224,0.0
146,225,146,225,0.0
146,226,146,226,0.0
146,227,146,227,0.0
146,228,146,228,0.0
146,229,146,229,0.0
146,230,146,230,0.0
146,231,146,231,0.0
146,232,146,232,0.0
146,233,146,233,0.0
146,234,146,234,0.0
146,235,146,235,0.0
146,236,146,236,0.0
146,237,146,237,0.0
146,238,146,238,0.0
146,239,146,239,0.0
146,240,146,240,0.0
146,241,146,241,0.0
146,242,146,242,0.0
146,243,146,243,0.0
146,244,146,244,0.0
146,245,146,245,0.0
146,246,146,246,0.0
146,247,146,247,0.0
146,248,146,248,0.0
146,249,146,249,0.0
146,250,146,250,0.0
146,251,146,251,0.0
146,252,146,252,0.0
146,253,146,253,0.0
146,254,146,254,0.0
146,255,146,255,0.0
146,256,146,256,0.0
146,257,146,257,0.0
146,258,146,258,0.0
146,259,146,259,0.0
146,260,146,260,0.0
146,261,146,261,0.0
146,262,146,262,0.0
146,263,146,263,0.0
146,264,146,264,0.0
146,265,146,265,0.0
146,266,146,266,0.0
146,267,146,267,0.0
146,268,146,268,0.0
146,269,146,269,0.0
146,270,146,270,0.0
146,271,146,271,0.0
146,272,146,272,0.0
146,273,146,273,0.0
146,274,146,274,0.0
146,275,146,275,0.0
146,276,146,276,0.0
146,277,146,277,0.0
146,278,146,278,0.0
146,279,146,279,0.0
146,280,146,280,0.0
146,281,146,281,0.0
146,282,146,282,0.0
146,283,146,283,0.0
146,284,146,284,0.0
146,285,146,285,0.0
146,286,146,286,0.0
146,287,146,287,0.0
146,288,146,288,0.0
146,289,146,289,0.0
146,290,146,290,0.0
146,291,146,291,0.0
146,292,146,292,0.0
146,293,146,293,0.0
146,294,146,294,0.0
146,295,146,295,0.0
146,296,146,296,0.0
146,297,146,297,0.0
146,298,146,298,0.0
147,148,147,148,0.0
147,149,147,149,0.0
147,150,147,150,0.0
147,151,147,151,0.0
147,152,147,152,0.0
147,153,147,153,0.0
147,154,147,154,0.0
147,155,147,155,0.0
147,156,147,156,0.0
147,157,147,157,0.0
147,158,147,158,0.0
147,159,147,159,0.0
147,160,147,160,0.0
147,161,147,161,0.0
147,162,147,162,0.0
147,163,147,163,0.0
147,164,147,164,0.0
147,165,147,165,0.0
147,166,147,166,0.0
147,167,147,167,0.0
147,168,147,168,0.0
147,169,147,169,0.0
147,170,147,170,0.0
147,171,147,171,0.0
147,172,147,172,0.0
147,173,147,173,0.0
147,174,147,174,0.0
147,175,147,175,0.0
147,176,147,176,0.0
147,177,147,177,0.0
147,178,147,178,0.0
147,179,147,179,0.0
147,180,147,180,0.0
147,181,147,181,0.0
147,182,147,182,0.0
147,183,147,183,0.0
147,184,147,184,0.0
147,185,147,185,0.0
147,186,147,186,0.0
147,187,147,187,0.0
147,188,147,188,0.0
147,189,147,189,0.0
147,190,147,190,0.0
147,191,147,191,0.0
147,192,147,192,0.0
147,193,147,193,0.0
147,194,147,194,0.0
147,195,147,195,0.0
147,196,147,196,0.0
147,197,147,197,0.0
147,198,147,198,0.0
147,199,147,199,0.0
147,200,147,200,0.0
147,201,147,201,0.0
147,202,147,202,0.0
147,203,147,203,0.0
147,204,147,204,0.0
147,205,147,205,0.0
147,206,147,206,0.0
147,207,147,207,0.0
147,208,147,208,0.0
147,209,147,209,0.0
147,210,147,210,0.0
147,211,147,211,0.0
147,212,147,212,0.0
147,213,147,213,0.0
147,214,147,214,0.0
147,215,147,215,0.0
147,216,147,216,0.0
147,217,147,217,0.0
147,218,147,218,0.0
147,219,147,219,0.0
147,220,147,220,0.0
147,221,147,221,0.0
147,222,147,222,0.0
147,223,147,223,0.0
147,224,147,224,0.0
147,225,147,225,0.0
147,226,147,226,0.0
147,227,147,227,0.0
147,228,147,228,0.0
147,229,147,229,0.0
147,230,147,230,0.0
147,231,147,231,0.0
147,232,147,232,0.0
147,233,147,233,0.0
147,234,147,234,0.0
147,235,147,235,0.0
147,236,147,236,0.0
147,237,147,237,0.0
147,238,147,238,0.0
147,239,147,239,0.0
147,240,147,240,0.0
147,241,147,241,0.0
147,242,147,242,0.0
147,243,147,243,0.0
147,244,147,244,0.0
147,245,147,245,0.0
147,246,147,246,0.0
147,247,147,247,0.0
147,248,147,248,0.0
147,249,147,249,0.0
147,250,147,250,0.0
147,251,147,251,0.0
147,252,147,252,0.0
147,253,147,253,0.0
147,254,147,254,0.0
147,255,147,255,0.0
147,256,147,256,0.0
147,257,147,257,0.0
147,258,147,258,0.0
147,259,147,259,0.0
147,260,147,260,0.0
147,261,147,261,0.0
147,262,147,262,0.0
147,263,147,263,0.0
147,264,147,264,0.0
147,265,147,265,0.0
147,266,147,266,0.0
147,267,147,267,0.0
147,268,147,268,0.0
147,269,147,269,0.0
147,270,147,270,0.0
147,271,147,271,0.0
147,272,147,272,0.0
147,273,147,273,0.0
147,274,147,274,0.0
147,275,147,275,0.0
147,276,147,276,0.0
147,277,147,277,0.0
147,278,147,278,0.0
147,279,147,279,0.0
147,280,147,280,0.0
147,281,147,281,0.0
147,282,147,282,0.0
147,283,147,283,0.0
147,284,147,284,0.0
147,285,147,285,0.0
147,286,147,286,0.0
147,287,147,287,0.0
147,288,147,288,0.0
147,289,147,289,0.0
147,290,147,290,0.0
147,291,147,291,0.0
147,292,147,292,0.0
147,293,147,293,0.0
147,294,147,294,0.0
147,295,147,295,0.0
147,296,147,296,0.0
147,297,147,297,0.0
147,298,147,298,0.0
148,149,148,149,0.0
148,150,148,150,0.0
148,151,148,151,0.0
148,152,148,152,0.0
148,153,148,153,0.0
148,154,148,154,0.0
148,155,148,155,0.0
148,156,148,156,0.0
148,157,148,157,0.0
148,158,148,158,0.0
148,159,148,159,0.0
148,160,148,160,0.0
148,161,148,161,0.0
148,162,148,162,0.0
148,163,148,163,0.0
148,164,148,164,0.0
148,165,148,165,0.0
148,166,148,166,0.0
148,167,148,167,0.0
148,168,148,168,0.0
148,169,148,169,0.0
148,170,148,170,0.0
148,171,148,171,0.0
148,172,148,172,0.0
148,173,148,173,0.0
148,174,148,174,0.0
148,175,148,175,0.0
148,176,148,176,0.0
148,177,148,177,0.0
148,178,148,178,0.0
148,179,148,179,0.0
148,180,148,180,0.0
148,181,148,181,0.0
148,182,148,182,0.0
148,183,148,183,0.0
148,184,148,184,0.0
148,185,148,185,0.0
148,186,148,186,0.0
148,187,148,187,0.0
148,188,148,188,0.0
148,189,148,189,0.0
148,190,148,190,0.0
148,191,148,191,0.0
148,192,148,192,0.0
148,193,148,193,0.0
148,194,148,194,0.0
148,195,148,195,0.0
148,196,148,196,0.0
148,197,148,197,0.0
148,198,148,198,0.0
148,199,148,199,0.0
148,200,148,200,0.0
148,201,148,201,0.0
148,202,148,202,0.0
148,203,148,203,0.0
148,204,148,204,0.0
148,205,148,205,0.0
148,206,148,206,0.0
148,207,148,207,0.0
148,208,148,208,0.0
148,209,148,209,0.0
148,210,148,210,0.0
148,211,148,211,0.0
148,212,148,212,0.0
148,213,148,213,0.0
148,214,148,214,0.0
148,215,148,215,0.0
148,216,148,216,0.0
148,217,148,217,0.0
148,218,148,218,0.0
148,219,148,219,0.0
148,220,148,220,0.0
148,221,148,221,0.0
148,222,148,222,0.0
148,223,148,223,0.0
148,224,148,224,0.0
148,225,148,225,0.0
148,226,148,226,0.0
148,227,148,227,0.0
148,228,148,228,0.0
148,229,148,229,0.0
148,230,148,230,0.0
148,231,148,231,0.0
148,232,148,232,0.0
148,233,148,233,0.0
148,234,148,234,0.0
148,235,148,235,0.0
148,236,148,236,0.0
148,237,148,237,0.0
148,238,148,238,0.0
148,239,148,239,0.0
148,240,148,240,0.0
148,241,148,241,0.0
148,242,148,242,0.0
148,243,148,243,0.0
148,244,148,244,0.0
148,245,148,245,0.0
148,246,148,246,0.0
148,247,148,247,0.0
148,248,148,248,0.0
148,249,148,249,0.0
148,250,148,250,0.0
148,251,148,251,0.0
148,252,148,252,0.0
148,253,148,253,0.0
148,254,148,254,0.0
148,255,148,255,0.0
148,256,148,256,0.0
148,257,148,257,0.0
148,258,148,258,0.0
148,259,148,259,0.0
148,260,148,260,0.0
148,261,148,261,0.0
148,262,148,262,0.0
148,263,148,263,0.0
148,264,148,264,0.0
148,265,148,265,0.0
148,266,148,266,0.0
148,267,148,267,0.0
148,268,148,268,0.0
148,269,148,269,0.0
148,270,148,270,0.0
148,271,148,271,0.0
148,272,148,272,0.0
148,273,148,273,0.0
148,274,148,274,0.0
148,275,148,275,0.0
148,276,148,276,0.0
148,277,148,277,0.0
148,278,148,278,0.0
148,279,148,279,0.0
148,280,148,280,0.0
148,281,148,281,0.0
148,282,148,282,0.0
148,283,148,283,0.0
148,284,148,284,0.0
148,285,148,285,0.0
148,286,148,286,0.0
148,287,148,287,0.0
148,288,148,288,0.0
148,289,148,289,0.0
148,290,148,290,0.0
148,291,148,291,0.0
148,292,148,292,0.0
148,293,148,293,0.0
148,294,148,294,0.0
148,295,148,295,0.0
148,296,148,296,0.0
148,297,148,297,0.0
148,298,148,298,0.0
149,150,149,150,0.0
149,151,149,151,0.0
149,152,149,152,0.0
149,153,149,153,0.0
149,154,149,154,0.0
149,155,149,155,0.0
149,156,149,156,0.0
149,157,149,157,0.0
149,158,149,158,0.0
149,159,149,159,0.0
149,160,149,160,0.0
149,161,149,161,0.0
149,162,149,162,0.0
149,163,149,163,0.0
149,164,149,164,0.0
149,165,149,165,0.0
149,166,149,166,0.0
149,167,149,167,0.0
149,168,149,168,0.0
149,169,149,169,0.0
149,170,149,170,0.0
149,171,149,171,0.0
149,172,149,172,0.0
149,173,149,173,0.0
149,174,149,174,0.0
149,175,149,175,0.0
149,176,149,176,0.0
149,177,149,177,0.0
149,178,149,178,0.0
149,179,149,179,0.0
149,180,149,180,0.0
149,181,149,181,0.0
149,182,149,182,0.0
149,183,149,183,0.0
149,184,149,184,0.0
149,185,149,185,0.0
149,186,149,186,0.0
149,187,149,187,0.0
149,188,149,188,0.0
149,189,149,189,0.0
149,190,149,190,0.0
149,191,149,191,0.0
149,192,149,192,0.0
149,193,149,193,0.0
149,194,149,194,0.0
149,195,149,195,0.0
149,196,149,196,0.0
149,197,149,197,0.0
149,198,149,198,0.0
149,199,149,199,0.0
149,200,149,200,0.0
149,201,149,201,0.0
149,202,149,202,0.0
149,203,149,203,0.0
149,204,149,204,0.0
149,205,149,205,0.0
149,206,149,206,0.0
149,207,149,207,0.0
149,208,149,208,0.0
149,209,149,209,0.0
149,210,149,210,0.0
149,211,149,211,0.0
149,212,149,212,0.0
149,213,149,213,0.0
149,214,149,214,0.0
149,215,149,215,0.0
149,216,149,216,0.0
149,217,149,217,0.0
149,218,149,218,0.0
149,219,149,219,0.0
149,220,149,220,0.0
149,221,149,221,0.0
149,222,149,222,0.0
149,223,149,223,0.0
149,224,149,224,0.0
149,225,149,225,0.0
149,226,149,226,0.0
149,227,149,227,0.0
149,228,149,228,0.0
149,229,149,229,0.0
149,230,149,230,0.0
149,231,149,231,0.0
149,232,149,232,0.0
149,233,149,233,0.0
149,234,149,234,0.0
149,235,149,235,0.0
149,236,149,236,0.0
149,237,149,237,0.0
149,238,149,238,0.0
149,239,149,239,0.0
149,240,149,240,0.0
149,241,149,241,0.0
149,242,149,242,0.0
149,243,149,243,0.0
149,244,149,244,0.0
149,245,149,245,0.0
149,246,149,246,0.0
149,247,149,247,0.0
149,248,149,248,0.0
149,249,149,249,0.0
149,250,149,250,0.0
149,251,149,251,0.0
149,252,149,252,0.0
149,253,149,253,0.0
149,254,149,254,0.0
149,255,149,255,0.0
149,256,149,256,0.0
149,257,149,257,0.0
149,258,149,258,0.0
149,259,149,259,0.0
149,260,149,260,0.0
149,261,149,261,0.0
149,262,149,262,0.0
149,263,149,263,0.0
149,264,149,264,0.0
149,265,149,265,0.0
149,266,149,266,0.0
149,267,149,267,0.0
149,268,149,268,0.0
149,269,149,269,0.0
149,270,149,270,0.0
149,271,149,271,0.0
149,272,149,272,0.0
149,273,149,273,0.0
149,274,149,274,0.0
149,275,149,275,0.0
149,276,149,276,0.0
149,277,149,277,0.0
149,278,149,278,0.0
149,279,149,279,0.0
149,280,149,280,0.0
149,281,149,281,0.0
149,282,149,282,0.0
149,283,149,283,0.0
149,284,149,284,0.0
149,285,149,285,0.0
149,286,149,286,0.0
149,287,149,287,0.0
149,288,149,288,0.0
149,289,149,289,0.0
149,290,149,290,0.0
149,291,149,291,0.0
149,292,149,292,0.0
149,293,149,293,0.0
149,294,149,294,0.0
149,295,149,295,0.0
149,296,149,296,0.0
149,297,149,297,0.0
149,298,149,298,0.0
150,151,150,151,0.0
150,152,150,152,0.0
150,153,150,153,0.0
150,154,150,154,0.0
150,155,150,155,0.0
150,156,150,156,0.0
150,157,150,157,0.0
150,158,150,158,0.0
150,159,150,159,0.0
150,160,150,160,0.0
150,161,150,161,0.0
150,162,150,162,0.0
150,163,150,163,0.0
150,164,150,164,0.0
150,165,150,165,0.0
150,166,150,166,0.0
150,167,150,167,0.0
150,168,150,168,0.0
150,169,150,169,0.0
150,170,150,170,0.0
150,171,150,171,0.0
150,172,150,172,0.0
150,173,150,173,0.0
150,174,150,174,0.0
150,175,150,175,0.0
150,176,150,176,0.0
150,177,150,177,0.0
150,178,150,178,0.0
150,179,150,179,0.0
150,180,150,180,0.0
150,181,150,181,0.0
150,182,150,182,0.0
150,183,150,183,0.0
150,184,150,184,0.0
150,185,150,185,0.0
150,186,150,186,0.0
150,187,150,187,0.0
150,188,150,188,0.0
150,189,150,189,0.0
150,190,150,190,0.0
150,191,150,191,0.0
150,192,150,192,0.0
150,193,150,193,0.0
150,194,150,194,0.0
150,195,150,195,0.0
150,196,150,196,0.0
150,197,150,197,0.0
150,198,150,198,0.0
150,199,150,199,0.0
150,200,150,200,0.0
150,201,150,201,0.0
150,202,150,202,0.0
150,203,150,203,0.0
150,204,150,204,0.0
150,205,150,205,0.0
150,206,150,206,0.0
150,207,150,207,0.0
150,208,150,208,0.0
150,209,150,209,0.0
150,210,150,210,0.0
150,211,150,211,0.0
150,212,150,212,0.0
150,213,150,213,0.0
150,214,150,214,0.0
150,215,150,215,0.0
150,216,150,216,0.0
150,217,150,217,0.0
150,218,150,218,0.0
150,219,150,219,0.0
150,220,150,220,0.0
150,221,150,221,0.0
150,222,150,222,0.0
150,223,150,223,0.0
150,224,150,224,0.0
150,225,150,225,0.0
150,226,150,226,0.0
150,227,150,227,0.0
150,228,150,228,0.0
150,229,150,229,0.0
150,230,150,230,0.0
150,231,150,231,0.0
150,232,150,232,0.0
150,233,150,233,0.0
150,234,150,234,0.0
150,235,150,235,0.0
150,236,150,236,0.0
150,237,150,237,0.0
150,238,150,238,0.0
150,239,150,239,0.0
150,240,150,240,0.0
150,241,150,241,0.0
150,242,150,242,0.0
150,243,150,243,0.0
150,244,150,244,0.0
150,245,150,245,0.0
150,246,150,246,0.0
150,247,150,247,0.0
150,248,150,248,0.0
150,249,150,249,0.0
150,250,150,250,0.0
150,251,150,251,0.0
150,252,150,252,0.0
150,253,150,253,0.0
150,254,150,254,0.0
150,255,150,255,0.0
150,256,150,256,0.0
150,257,150,257,0.0
150,258,150,258,0.0
150,259,150,259,0.0
150,260,150,260,0.0
150,261,150,261,0.0
150,262,150,262,0.0
150,263,150,263,0.0
150,264,150,264,0.0
150,265,150,265,0.0
150,266,150,266,0.0
150,267,150,267,0.0
150,268,150,268,0.0
150,269,150,269,0.0
150,270,150,270,0.0
150,271,150,271,0.0
150,272,150,272,0.0
150,273,150,273,0.0
150,274,150,274,0.0
150,275,150,275,0.0
150,276,150,276,0.0
150,277,150,277,0.0
150,278,150,278,0.0
150,279,150,279,0.0
150,280,150,280,0.0
150,281,150,281,0.0
150,282,150,282,0.0
150,283,150,283,0.0
150,284,150,284,0.0
150,285,150,285,0.0
150,286,150,286,0.0
150,287,150,287,0.0
150,288,150,288,0.0
150,289,150,289,0.0
150,290,150,290,0.0
150,291,150,291,0.0
150,292,150,292,0.0
150,293,150,293,0.0
150,294,150,294,0.0
150,295,150,295,0.0
150,296,150,296,0.0
150,297,150,297,0.0
150,298,150,298,0.0
151,152,151,152,0.0
151,153,151,153,0.0
151,154,151,154,0.0
151,155,151,155,0.0
151,156,151,156,0.0
151,157,151,157,0.0
151,158,151,158,0.0
151,159,151,159,0.0
151,160,151,160,0.0
151,161,151,161,0.0
151,162,151,162,0.0
151,163,151,163,0.0
151,164,151,164,0.0
151,165,151,165,0.0
151,166,151,166,0.0
151,167,151,167,0.0
151,168,151,168,0.0
151,169,151,169,0.0
151,170,151,170,0.0
151,171,151,171,0.0
151,172,151,172,0.0
151,173,151,173,0.0
151,174,151,174,0.0
151,175,151,175,0.0
151,176,151,176,0.0
151,177,151,177,0.0
151,178,151,178,0.0
151,179,151,179,0.0
151,180,151,180,0.0
151,181,151,181,0.0
151,182,151,182,0.0
151,183,151,183,0.0
151,184,151,184,0.0
151,185,151,185,0.0
151,186,151,186,0.0
151,187,151,187,0.0
151,188,151,188,0.0
151,189,151,189,0.0
151,190,151,190,0.0
151,191,151,191,0.0
151,192,151,192,0.0
151,193,151,193,0.0
151,194,151,194,0.0
151,195,151,195,0.0
151,196,151,196,0.0
151,197,151,197,0.0
151,198,151,198,0.0
151,199,151,199,0.0
151,200,151,200,0.0
151,201,151,201,0.0
151,202,151,202,0.0
151,203,151,203,0.0
151,204,151,204,0.0
151,205,151,205,0.0
151,206,151,206,0.0
151,207,151,207,0.0
151,208,151,208,0.0
151,209,151,209,0.0
151,210,151,210,0.0
151,211,151,211,0.0
151,212,151,212,0.0
151,213,151,213,0.0
151,214,151,214,0.0
151,215,151,215,0.0
151,216,151,216,0.0
151,217,151,217,0.0
151,218,151,218,0.0
151,219,151,219,0.0
151,220,151,220,0.0
151,221,151,221,0.0
151,222,151,222,0.0
151,223,151,223,0.0
151,224,151,224,0.0
151,225,151,225,0.0
151,226,151,226,0.0
151,227,151,227,0.0
151,228,151,228,0.0
151,229,151,229,0.0
151,230,151,230,0.0
151,231,151,231,0.0
151,232,151,232,0.0
151,233,151,233,0.0
151,234,151,234,0.0
151,235,151,235,0.0
151,236,151,236,0.0
151,237,151,237,0.0
151,238,151,238,0.0
151,239,151,239,0.0
151,240,151,240,0.0
151,241,151,241,0.0
151,242,151,242,0.0
151,243,151,243,0.0
151,244,151,244,0.0
151,245,151,245,0.0
151,246,151,246,0.0
151,247,151,247,0.0
151,248,151,248,0.0
151,249,151,249,0.0
151,250,151,250,0.0
151,251,151,251,0.0
151,252,151,252,0.0
151,253,151,253,0.0
151,254,151,254,0.0
151,255,151,255,0.0
151,256,151,256,0.0
151,257,151,257,0.0
151,258,151,258,0.0
151,259,151,259,0.0
151,260,151,260,0.0
151,261,151,261,0.0
151,262,151,262,0.0
151,263,151,263,0.0
151,264,151,264,0.0
151,265,151,265,0.0
151,266,151,266,0.0
151,267,151,267,0.0
151,268,151,268,0.0
151,269,151,269,0.0
151,270,151,270,0.0
151,271,151,271,0.0
151,272,151,272,0.0
151,273,151,273,0.0
151,274,151,274,0.0
151,275,151,275,0.0
151,276,151,276,0.0
151,277,151,277,0.0
151,278,151,278,0.0
151,279,151,279,0.0
151,280,151,280,0.0
151,281,151,281,0.0
151,282,151,282,0.0
151,283,151,283,0.0
151,284,151,284,0.0
151,285,151,285,0.0
151,286,151,286,0.0
151,287,151,287,0.0
151,288,151,288,0.0
151,289,151,289,0.0
151,290,151,290,0.0
151,291,151,291,0.0
151,292,151,292,0.0
151,293,151,293,0.0
151,294,151,294,0.0
151,295,151,295,0.0
151,296,151,296,0.0
151,297,151,297,0.0
151,298,151,298,0.0
152,153,152,153,0.0
152,154,152,154,0.0
152,155,152,155,0.0
152,156,152,156,0.0
152,157,152,157,0.0
152,158,152,158,0.0
152,159,152,159,0.0
152,160,152,160,0.0
152,161,152,161,0.0
152,162,152,162,0.0
152,163,152,163,0.0
152,164,152,164,0.0
152,165,152,165,0.0
152,166,152,166,0.0
152,167,152,167,0.0
152,168,152,168,0.0
152,169,152,169,0.0
152,170,152,170,0.0
152,171,152,171,0.0
152,172,152,172,0.0
152,173,152,173,0.0
152,174,152,174,0.0
152,175,152,175,0.0
152,176,152,176,0.0
152,177,152,177,0.0
152,178,152,178,0.0
152,179,152,179,0.0
152,180,152,180,0.0
152,181,152,181,0.0
152,182,152,182,0.0
152,183,152,183,0.0
152,184,152,184,0.0
152,185,152,185,0.0
152,186,152,186,0.0
152,187,152,187,0.0
152,188,152,188,0.0
152,189,152,189,0.0
152,190,152,190,0.0
152,191,152,191,0.0
152,192,152,192,0.0
152,193,152,193,0.0
152,194,152,194,0.0
152,195,152,195,0.0
152,196,152,196,0.0
152,197,152,197,0.0
152,198,152,198,0.0
152,199,152,199,0.0
152,200,152,200,0.0
152,201,152,201,0.0
152,202,152,202,0.0
152,203,152,203,0.0
152,204,152,204,0.0
152,205,152,205,0.0
152,206,152,206,0.0
152,207,152,207,0.0
152,208,152,208,0.0
152,209,152,209,0.0
152,210,152,210,0.0
152,211,152,211,0.0
152,212,152,212,0.0
152,213,152,213,0.0
152,214,152,214,0.0
152,215,152,215,0.0
152,216,152,216,0.0
152,217,152,217,0.0
152,218,152,218,0.0
152,219,152,219,0.0
152,220,152,220,0.0
152,221,152,221,0.0
152,222,152,222,0.0
152,223,152,223,0.0
152,224,152,224,0.0
152,225,152,225,0.0
152,226,152,226,0.0
152,227,152,227,0.0
152,228,152,228,0.0
152,229,152,229,0.0
152,230,152,230,0.0
152,231,152,231,0.0
152,232,152,232,0.0
152,233,152,233,0.0
152,234,152,234,0.0
152,235,152,235,0.0
152,236,152,236,0.0
152,237,152,237,0.0
152,238,152,238,0.0
152,239,152,239,0.0
152,240,152,240,0.0
152,241,152,241,0.0
152,242,152,242,0.0
152,243,152,243,0.0
152,244,152,244,0.0
152,245,152,245,0.0
152,246,152,246,0.0
152,247,152,247,0.0
152,248,152,248,0.0
152,249,152,249,0.0
152,250,152,250,0.0
152,251,152,251,0.0
152,252,152,252,0.0
152,253,152,253,0.0
152,254,152,254,0.0
152,255,152,255,0.0
152,256,152,256,0.0
152,257,152,257,0.0
152,258,152,258,0.0
152,259,152,259,0.0
152,260,152,260,0.0
152,261,152,261,0.0
152,262,152,262,0.0
152,263,152,263,0.0
152,264,152,264,0.0
152,265,152,265,0.0
152,266,152,266,0.0
152,267,152,267,0.0
152,268,152,268,0.0
152,269,152,269,0.0
152,270,152,270,0.0
152,271,152,271,0.0
152,272,152,272,0.0
152,273,152,273,0.0
152,274,152,274,0.0
152,275,152,275,0.0
152,276,152,276,0.0
152,277,152,277,0.0
152,278,152,278,0.0
152,279,152,279,0.0
152,280,152,280,0.0
152,281,152,281,0.0
152,282,152,282,0.0
152,283,152,283,0.0
152,284,152,284,0.0
152,285,152,285,0.0
152,286,152,286,0.0
152,287,152,287,0.0
152,288,152,288,0.0
152,289,152,289,0.0
152,290,152,290,0.0
152,291,152,291,0.0
152,292,152,292,0.0
152,293,152,293,0.0
152,294,152,294,0.0
152,295,152,295,0.0
152,296,152,296,0.0
152,297,152,297,0.0
152,298,152,298,0.0
153,154,153,154,0.0
153,155,153,155,0.0
153,156,153,156,0.0
153,157,153,157,0.0
153,158,153,158,0.0
153,159,153,159,0.0
153,160,153,160,0.0
153,161,153,161,0.0
153,162,153,162,0.0
153,163,153,163,0.0
153,164,153,164,0.0
153,165,153,165,0.0
153,166,153,166,0.0
153,167,153,167,0.0
153,168,153,168,0.0
153,169,153,169,0.0
153,170,153,170,0.0
153,171,153,171,0.0
153,172,153,172,0.0
153,173,153,173,0.0
153,174,153,174,0.0
153,175,153,175,0.0
153,176,153,176,0.0
153,177,153,177,0.0
153,178,153,178,0.0
153,179,153,179,0.0
153,180,153,180,0.0
153,181,153,181,0.0
153,182,153,182,0.0
153,183,153,183,0.0
153,184,153,184,0.0
153,185,153,185,0.0
153,186,153,186,0.0
153,187,153,187,0.0
153,188,153,188,0.0
153,189,153,189,0.0
153,190,153,190,0.0
153,191,153,191,0.0
153,192,153,192,0.0
153,193,153,193,0.0
153,194,153,194,0.0
153,195,153,195,0.0
153,196,153,196,0.0
153,197,153,197,0.0
153,198,153,198,0.0
153,199,153,199,0.0
153,200,153,200,0.0
153,201,153,201,0.0
153,202,153,202,0.0
153,203,153,203,0.0
153,204,153,204,0.0
153,205,153,205,0.0
153,206,153,206,0.0
153,207,153,207,0.0
153,208,153,208,0.0
153,209,153,209,0.0
153,210,153,210,0.0
153,211,153,211,0.0
153,212,153,212,0.0
153,213,153,213,0.0
153,214,153,214,0.0
153,215,153,215,0.0
153,216,153,216,0.0
153,217,153,217,0.0
153,218,153,218,0.0
153,219,153,219,0.0
153,220,153,220,0.0
153,221,153,221,0.0
153,222,153,222,0.0
153,223,153,223,0.0
153,224,153,224,0.0
153,225,153,225,0.0
153,226,153,226,0.0
153,227,153,227,0.0
153,228,153,228,0.0
153,229,153,229,0.0
153,230,153,230,0.0
153,231,153,231,0.0
153,232,153,232,0.0
153,233,153,233,0.0
153,234,153,234,0.0
153,235,153,235,0.0
153,236,153,236,0.0
153,237,153,237,0.0
153,238,153,238,0.0
153,239,153,239,0.0
153,240,153,240,0.0
153,241,153,241,0.0
153,242,153,242,0.0
153,243,153,243,0.0
153,244,153,244,0.0
153,245,153,245,0.0
153,246,153,246,0.0
153,247,153,247,0.0
153,248,153,248,0.0
153,249,153,249,0.0
153,250,153,250,0.0
153,251,153,251,0.0
153,252,153,252,0.0
153,253,153,253,0.0
153,254,153,254,0.0
153,255,153,255,0.0
153,256,153,256,0.0
153,257,153,257,0.0
153,258,153,258,0.0
153,259,153,259,0.0
153,260,153,260,0.0
153,261,153,261,0.0
153,262,153,262,0.0
153,263,153,263,0.0
153,264,153,264,0.0
153,265,153,265,0.0
153,266,153,266,0.0
153,267,153,267,0.0
153,268,153,268,0.0
153,269,153,269,0.0
153,270,153,270,0.0
153,271,153,271,0.0
153,272,153,272,0.0
153,273,153,273,0.0
153,274,153,274,0.0
153,275,153,275,0.0
153,276,153,276,0.0
153,277,153,277,0.0
153,278,153,278,0.0
153,279,153,279,0.0
153,280,153,280,0.0
153,281,153,281,0.0
153,282,153,282,0.0
153,283,153,283,0.0
153,284,153,284,0.0
153,285,153,285,0.0
153,286,153,286,0.0
153,287,153,287,0.0
153,288,153,288,0.0
153,289,153,289,0.0
153,290,153,290,0.0
153,291,153,291,0.0
153,292,153,292,0.0
153,293,153,293,0.0
153,294,153,294,0.0
153,295,153,295,0.0
153,296,153,296,0.0
153,297,153,297,0.0
153,298,153,298,0.0
154,155,154,155,0.0
154,156,154,156,0.0
154,157,154,157,0.0
154,158,154,158,0.0
154,159,154,159,0.0
154,160,154,160,0.0
154,161,154,161,0.0
154,162,154,162,0.0
154,163,154,163,0.0
154,164,154,164,0.0
154,165,154,165,0.0
154,166,154,166,0.0
154,167,154,167,0.0
154,168,154,168,0.0
154,169,154,169,0.0
154,170,154,170,0.0
154,171,154,171,0.0
154,172,154,172,0.0
154,173,154,173,0.0
154,174,154,174,0.0
154,175,154,175,0.0
154,176,154,176,0.0
154,177,154,177,0.0
154,178,154,178,0.0
154,179,154,179,0.0
154,180,154,180,0.0
154,181,154,181,0.0
154,182,154,182,0.0
154,183,154,183,0.0
154,184,154,184,0.0
154,185,154,185,0.0
154,186,154,186,0.0
154,187,154,187,0.0
154,188,154,188,0.0
154,189,154,189,0.0
154,190,154,190,0.0
154,191,154,191,0.0
154,192,154,192,0.0
154,193,154,193,0.0
154,194,154,194,0.0
154,195,154,195,0.0
154,196,154,196,0.0
154,197,154,197,0.0
154,198,154,198,0.0
154,199,154,199,0.0
154,200,154,200,0.0
154,201,154,201,0.0
154,202,154,202,0.0
154,203,154,203,0.0
154,204,154,204,0.0
154,205,154,205,0.0
154,206,154,206,0.0
154,207,154,207,0.0
154,208,154,208,0.0
154,209,154,209,0.0
154,210,154,210,0.0
154,211,154,211,0.0
154,212,154,212,0.0
154,213,154,213,0.0
154,214,154,214,0.0
154,215,154,215,0.0
154,216,154,216,0.0
154,217,154,217,0.0
154,218,154,218,0.0
154,219,154,219,0.0
154,220,154,220,0.0
154,221,154,221,0.0
154,222,154,222,0.0
154,223,154,223,0.0
154,224,154,224,0.0
154,225,154,225,0.0
154,226,154,226,0.0
154,227,154,227,0.0
154,228,154,228,0.0
154,229,154,229,0.0
154,230,154,230,0.0
154,231,154,231,0.0
154,232,154,232,0.0
154,233,154,233,0.0
154,234,154,234,0.0
154,235,154,235,0.0
154,236,154,236,0.0
154,237,154,237,0.0
154,238,154,238,0.0
154,239,154,239,0.0
154,240,154,240,0.0
154,241,154,241,0.0
154,242,154,242,0.0
154,243,154,243,0.0
154,244,154,244,0.0
154,245,154,245,0.0
154,246,154,246,0.0
154,247,154,247,0.0
154,248,154,248,0.0
154,249,154,249,0.0
154,250,154,250,0.0
154,251,154,251,0.0
154,252,154,252,0.0
154,253,154,253,0.0
154,254,154,254,0.0
154,255,154,255,0.0
154,256,154,256,0.0
154,257,154,257,0.0
154,258,154,258,0.0
154,259,154,259,0.0
154,260,154,260,0.0
154,261,154,261,0.0
154,262,154,262,0.0
154,263,154,263,0.0
154,264,154,264,0.0
154,265,154,265,0.0
154,266,154,266,0.0
154,267,154,267,0.0
154,268,154,268,0.0
154,269,154,269,0.0
154,270,154,270,0.0
154,271,154,271,0.0
154,272,154,272,0.0
154,273,154,273,0.0
154,274,154,274,0.0
154,275,154,275,0.0
154,276,154,276,0.0
154,277,154,277,0.0
154,278,154,278,0.0
154,279,154,279,0.0
154,280,154,280,0.0
154,281,154,281,0.0
154,282,154,282,0.0
154,283,154,283,0.0
154,284,154,284,0.0
154,285,154,285,0.0
154,286,154,286,0.0
154,287,154,287,0.0
154,288,154,288,0.0
154,289,154,289,0.0
154,290,154,290,0.0
154,291,154,291,0.0
154,292,154,292,0.0
154,293,154,293,0.0
154,294,154,294,0.0
154,295,154,295,0.0
154,296,154,296,0.0
154,297,154,297,0.0
154,298,154,298,0.0
155,156,155,156,0.0
155,157,155,157,0.0
155,158,155,158,0.0
155,159,155,159,0.0
155,160,155,160,0.0
155,161,155,161,0.0
155,162,155,162,0.0
155,163,155,163,0.0
155,164,155,164,0.0
155,165,155,165,0.0
155,166,155,166,0.0
155,167,155,167,0.0
155,168,155,168,0.0
155,169,155,169,0.0
155,170,155,170,0.0
155,171,155,171,0.0
155,172,155,172,0.0
155,173,155,173,0.0
155,174,155,174,0.0
155,175,155,175,0.0
155,176,155,176,0.0
155,177,155,177,0.0
155,178,155,178,0.0
155,179,155,179,0.0
155,180,155,180,0.0
155,181,155,181,0.0
155,182,155,182,0.0
155,183,155,183,0.0
155,184,155,184,0.0
155,185,155,185,0.0
155,186,155,186,0.0
155,187,155,187,0.0
155,188,155,188,0.0
155,189,155,189,0.0
155,190,155,190,0.0
155,191,155,191,0.0
155,192,155,192,0.0
155,193,155,193,0.0
155,194,155,194,0.0
155,195,155,195,0.0
155,196,155,196,0.0
155,197,155,197,0.0
155,198,155,198,0.0
155,199,155,199,0.0
155,200,155,200,0.0
155,201,155,201,0.0
155,202,155,202,0.0
155,203,155,203,0.0
155,204,155,204,0.0
155,205,155,205,0.0
155,206,155,206,0.0
155,207,155,207,0.0
155,208,155,208,0.0
155,209,155,209,0.0
155,210,155,210,0.0
155,211,155,211,0.0
155,212,155,212,0.0
155,213,155,213,0.0
155,214,155,214,0.0
155,215,155,215,0.0
155,216,155,216,0.0
155,217,155,217,0.0
155,218,155,218,0.0
155,219,155,219,0.0
155,220,155,220,0.0
155,221,155,221,0.0
155,222,155,222,0.0
155,223,155,223,0.0
155,224,155,224,0.0
155,225,155,225,0.0
155,226,155,226,0.0
155,227,155,227,0.0
155,228,155,228,0.0
155,229,155,229,0.0
155,230,155,230,0.0
155,231,155,231,0.0
155,232,155,232,0.0
155,233,155,233,0.0
155,234,155,234,0.0
155,235,155,235,0.0
155,236,155,236,0.0
155,237,155,237,0.0
155,238,155,238,0.0
155,239,155,239,0.0
155,240,155,240,0.0
155,241,155,241,0.0
155,242,155,242,0.0
155,243,155,243,0.0
155,244,155,244,0.0
155,245,155,245,0.0
155,246,155,246,0.0
155,247,155,247,0.0
155,248,155,248,0.0
155,249,155,249,0.0
155,250,155,250,0.0
155,251,155,251,0.0
155,252,155,252,0.0
155,253,155,253,0.0
155,254,155,254,0.0
155,255,155,255,0.0
155,256,155,256,0.0
155,257,155,257,0.0
155,258,155,258,0.0
155,259,155,259,0.0
155,260,155,260,0.0
155,261,155,261,0.0
155,262,155,262,0.0
155,263,155,263,0.0
155,264,155,264,0.0
155,265,155,265,0.0
155,266,155,266,0.0
155,267,155,267,0.0
155,268,155,268,0.0
155,269,155,269,0.0
155,270,155,270,0.0
155,271,155,271,0.0
155,272,155,272,0.0
155,273,155,273,0.0
155,274,155,274,0.0
155,275,155,275,0.0
155,276,155,276,0.0
155,277,155,277,0.0
155,278,155,278,0.0
155,279,155,279,0.0
155,280,155,280,0.0
155,281,155,281,0.0
155,282,155,282,0.0
155,283,155,283,0.0
155,284,155,284,0.0
155,285,155,285,0.0
155,286,155,286,0.0
155,287,155,287,0.0
155,288,155,288,0.0
155,289,155,289,0.0
155,290,155,290,0.0
155,291,155,291,0.0
155,292,155,292,0.0
155,293,155,293,0.0
155,294,155,294,0.0
155,295,155,295,0.0
155,296,155,296,0.0
155,297,155,297,0.0
155,298,155,298,0.0
156,157,156,157,0.0
156,158,156,158,0.0
156,159,156,159,0.0
156,160,156,160,0.0
156,161,156,161,0.0
156,162,156,162,0.0
156,163,156,163,0.0
156,164,156,164,0.0
156,165,156,165,0.0
156,166,156,166,0.0
156,167,156,167,0.0
156,168,156,168,0.0
156,169,156,169,0.0
156,170,156,170,0.0
156,171,156,171,0.0
156,172,156,172,0.0
156,173,156,173,0.0
156,174,156,174,0.0
156,175,156,175,0.0
156,176,156,176,0.0
156,177,156,177,0.0
156,178,156,178,0.0
156,179,156,179,0.0
156,180,156,180,0.0
156,181,156,181,0.0
156,182,156,182,0.0
156,183,156,183,0.0
156,184,156,184,0.0
156,185,156,185,0.0
156,186,156,186,0.0
156,187,156,187,0.0
156,188,156,188,0.0
156,189,156,189,0.0
156,190,156,190,0.0
156,191,156,191,0.0
156,192,156,192,0.0
156,193,156,193,0.0
156,194,156,194,0.0
156,195,156,195,0.0
156,196,156,196,0.0
156,197,156,197,0.0
156,198,156,198,0.0
156,199,156,199,0.0
156,200,156,200,0.0
156,201,156,201,0.0
156,202,156,202,0.0
156,203,156,203,0.0
156,204,156,204,0.0
156,205,156,205,0.0
156,206,156,206,0.0
156,207,156,207,0.0
156,208,156,208,0.0
156,209,156,209,0.0
156,210,156,210,0.0
156,211,156,211,0.0
156,212,156,212,0.0
156,213,156,213,0.0
156,214,156,214,0.0
156,215,156,215,0.0
156,216,156,216,0.0
156,217,156,217,0.0
156,218,156,218,0.0
156,219,156,219,0.0
156,220,156,220,0.0
156,221,156,221,0.0
156,222,156,222,0.0
156,223,156,223,0.0
156,224,156,224,0.0
156,225,156,225,0.0
156,226,156,226,0.0
156,227,156,227,0.0
156,228,156,228,0.0
156,229,156,229,0.0
156,230,156,230,0.0
156,231,156,231,0.0
156,232,156,232,0.0
156,233,156,233,0.0
156,234,156,234,0.0
156,235,156,235,0.0
156,236,156,236,0.0
156,237,156,237,0.0
156,238,156,238,0.0
156,239,156,239,0.0
156,240,156,240,0.0
156,241,156,241,0.0
156,242,156,242,0.0
156,243,156,243,0.0
156,244,156,244,0.0
156,245,156,245,0.0
156,246,156,246,0.0
156,247,156,247,0.0
156,248,156,248,0.0
156,249,156,249,0.0
156,250,156,250,0.0
156,251,156,251,0.0
156,252,156,252,0.0
156,253,156,253,0.0
156,254,156,254,0.0
156,255,156,255,0.0
156,256,156,256,0.0
156,257,156,257,0.0
156,258,156,258,0.0
156,259,156,259,0.0
156,260,156,260,0.0
156,261,156,261,0.0
156,262,156,262,0.0
156,263,156,263,0.0
156,264,156,264,0.0
156,265,156,265,0.0
156,266,156,266,0.0
156,267,156,267,0.0
156,268,156,268,0.0
156,269,156,269,0.0
156,270,156,270,0.0
156,271,156,271,0.0
156,272,156,272,0.0
156,273,156,273,0.0
156,274,156,274,0.0
156,275,156,275,0.0
156,276,156,276,0.0
156,277,156,277,0.0
156,278,156,278,0.0
156,279,156,279,0.0
156,280,156,280,0.0
156,281,156,281,0.0
156,282,156,282,0.0
156,283,156,283,0.0
156,284,156,284,0.0
156,285,156,285,0.0
156,286,156,286,0.0
156,287,156,287,0.0
156,288,156,288,0.0
156,289,156,289,0.0
156,290,156,290,0.0
156,291,156,291,0.0
156,292,156,292,0.0
156,293,156,293,0.0
156,294,156,294,0.0
156,295,156,295,0.0
156,296,156,296,0.0
156,297,156,297,0.0
156,298,156,298,0.0
157,158,157,158,0.0
157,159,157,159,0.0
157,160,157,160,0.0
157,161,157,161,0.0
157,162,157,162,0.0
157,163,157,163,0.0
157,164,157,164,0.0
157,165,157,165,0.0
157,166,157,166,0.0
157,167,157,167,0.0
157,168,157,168,0.0
157,169,157,169,0.0
157,170,157,170,0.0
157,171,157,171,0.0
157,172,157,172,0.0
157,173,157,173,0.0
157,174,157,174,0.0
157,175,157,175,0.0
157,176,157,176,0.0
157,177,157,177,0.0
157,178,157,178,0.0
157,179,157,179,0.0
157,180,157,180,0.0
157,181,157,181,0.0
157,182,157,182,0.0
157,183,157,183,0.0
157,184,157,184,0.0
157,185,157,185,0.0
157,186,157,186,0.0
157,187,157,187,0.0
157,188,157,188,0.0
157,189,157,189,0.0
157,190,157,190,0.0
157,191,157,191,0.0
157,192,157,192,0.0
157,193,157,193,0.0
157,194,157,194,0.0
157,195,157,195,0.0
157,196,157,196,0.0
157,197,157,197,0.0
157,198,157,198,0.0
157,199,157,199,0.0
157,200,157,200,0.0
157,201,157,201,0.0
157,202,157,202,0.0
157,203,157,203,0.0
157,204,157,204,0.0
157,205,157,205,0.0
157,206,157,206,0.0
157,207,157,207,0.0
157,208,157,208,0.0
157,209,157,209,0.0
157,210,157,210,0.0
157,211,157,211,0.0
157,212,157,212,0.0
157,213,157,213,0.0
157,214,157,214,0.0
157,215,157,215,0.0
157,216,157,216,0.0
157,217,157,217,0.0
157,218,157,218,0.0
157,219,157,219,0.0
157,220,157,220,0.0
157,221,157,221,0.0
157,222,157,222,0.0
157,223,157,223,0.0
157,224,157,224,0.0
157,225,157,225,0.0
157,226,157,226,0.0
157,227,157,227,0.0
157,228,157,228,0.0
157,229,157,229,0.0
157,230,157,230,0.0
157,231,157,231,0.0
157,232,157,232,0.0
157,233,157,233,0.0
157,234,157,234,0.0
157,235,157,235,0.0
157,236,157,236,0.0
157,237,157,237,0.0
157,238,157,238,0.0
157,239,157,239,0.0
157,240,157,240,0.0
157,241,157,241,0.0
157,242,157,242,0.0
157,243,157,243,0.0
157,244,157,244,0.0
157,245,157,245,0.0
157,246,157,246,0.0
157,247,157,247,0.0
157,248,157,248,0.0
157,249,157,249,0.0
157,250,157,250,0.0
157,251,157,251,0.0
157,252,157,252,0.0
157,253,157,253,0.0
157,254,157,254,0.0
157,255,157,255,0.0
157,256,157,256,0.0
157,257,157,257,0.0
157,258,157,258,0.0
157,259,157,259,0.0
157,260,157,260,0.0
157,261,157,261,0.0
157,262,157,262,0.0
157,263,157,263,0.0
157,264,157,264,0.0
157,265,157,265,0.0
157,266,157,266,0.0
157,267,157,267,0.0
157,268,157,268,0.0
157,269,157,269,0.0
157,270,157,270,0.0
157,271,157,271,0.0
157,272,157,272,0.0
157,273,157,273,0.0
157,274,157,274,0.0
157,275,157,275,0.0
157,276,157,276,0.0
157,277,157,277,0.0
157,278,157,278,0.0
157,279,157,279,0.0
157,280,157,280,0.0
157,281,157,281,0.0
157,282,157,282,0.0
157,283,157,283,0.0
157,284,157,284,0.0
157,285,157,285,0.0
157,286,157,286,0.0
157,287,157,287,0.0
157,288,157,288,0.0
157,289,157,289,0.0
157,290,157,290,0.0
157,291,157,291,0.0
157,292,157,292,0.0
157,293,157,293,0.0
157,294,157,294,0.0
157,295,157,295,0.0
157,296,157,296,0.0
157,297,157,297,0.0
157,298,157,298,0.0
158,159,158,159,0.0
158,160,158,160,0.0
158,161,158,161,0.0
158,162,158,162,0.0
158,163,158,163,0.0
158,164,158,164,0.0
158,165,158,165,0.0
158,166,158,166,0.0
158,167,158,167,0.0
158,168,158,168,0.0
158,169,158,169,0.0
158,170,158,170,0.0
158,171,158,171,0.0
158,172,158,172,0.0
158,173,158,173,0.0
158,174,158,174,0.0
158,175,158,175,0.0
158,176,158,176,0.0
158,177,158,177,0.0
158,178,158,178,0.0
158,179,158,179,0.0
158,180,158,180,0.0
158,181,158,181,0.0
158,182,158,182,0.0
158,183,158,183,0.0
158,184,158,184,0.0
158,185,158,185,0.0
158,186,158,186,0.0
158,187,158,187,0.0
158,188,158,188,0.0
158,189,158,189,0.0
158,190,158,190,0.0
158,191,158,191,0.0
158,192,158,192,0.0
158,193,158,193,0.0
158,194,158,194,0.0
158,195,158,195,0.0
158,196,158,196,0.0
158,197,158,197,0.0
158,198,158,198,0.0
158,199,158,199,0.0
158,200,158,200,0.0
158,201,158,201,0.0
158,202,158,202,0.0
158,203,158,203,0.0
158,204,158,204,0.0
158,205,158,205,0.0
158,206,158,206,0.0
158,207,158,207,0.0
158,208,158,208,0.0
158,209,158,209,0.0
158,210,158,210,0.0
158,211,158,211,0.0
158,212,158,212,0.0
158,213,158,213,0.0
158,214,158,214,0.0
158,215,158,215,0.0
158,216,158,216,0.0
158,217,158,217,0.0
158,218,158,218,0.0
158,219,158,219,0.0
158,220,158,220,0.0
158,221,158,221,0.0
158,222,158,222,0.0
158,223,158,223,0.0
158,224,158,224,0.0
158,225,158,225,0.0
158,226,158,226,0.0
158,227,158,227,0.0
158,228,158,228,0.0
158,229,158,229,0.0
158,230,158,230,0.0
158,231,158,231,0.0
158,232,158,232,0.0
158,233,158,233,0.0
158,234,158,234,0.0
158,235,158,235,0.0
158,236,158,236,0.0
158,237,158,237,0.0
158,238,158,238,0.0
158,239,158,239,0.0
158,240,158,240,0.0
158,241,158,241,0.0
158,242,158,242,0.0
158,243,158,243,0.0
158,244,158,244,0.0
158,245,158,245,0.0
158,246,158,246,0.0
158,247,158,247,0.0
158,248,158,248,0.0
158,249,158,249,0.0
158,250,158,250,0.0
158,251,158,251,0.0
158,252,158,252,0.0
158,253,158,253,0.0
158,254,158,254,0.0
158,255,158,255,0.0
158,256,158,256,0.0
158,257,158,257,0.0
158,258,158,258,0.0
158,259,158,259,0.0
158,260,158,260,0.0
158,261,158,261,0.0
158,262,158,262,0.0
158,263,158,263,0.0
158,264,158,264,0.0
158,265,158,265,0.0
158,266,158,266,0.0
158,267,158,267,0.0
158,268,158,268,0.0
158,269,158,269,0.0
158,270,158,270,0.0
158,271,158,271,0.0
158,272,158,272,0.0
158,273,158,273,0.0
158,274,158,274,0.0
158,275,158,275,0.0
158,276,158,276,0.0
158,277,158,277,0.0
158,278,158,278,0.0
158,279,158,279,0.0
158,280,158,280,0.0
158,281,158,281,0.0
158,282,158,282,0.0
158,283,158,283,0.0
158,284,158,284,0.0
158,285,158,285,0.0
158,286,158,286,0.0
158,287,158,287,0.0
158,288,158,288,0.0
158,289,158,289,0.0
158,290,158,290,0.0
158,291,158,291,0.0
158,292,158,292,0.0
158,293,158,293,0.0
158,294,158,294,0.0
158,295,158,295,0.0
158,296,158,296,0.0
158,297,158,297,0.0
158,298,158,298,0.0
159,160,159,160,0.0
159,161,159,161,0.0
159,162,159,162,0.0
159,163,159,163,0.0
159,164,159,164,0.0
159,165,159,165,0.0
159,166,159,166,0.0
159,167,159,167,0.0
159,168,159,168,0.0
159,169,159,169,0.0
159,170,159,170,0.0
159,171,159,171,0.0
159,172,159,172,0.0
159,173,159,173,0.0
159,174,159,174,0.0
159,175,159,175,0.0
159,176,159,176,0.0
159,177,159,177,0.0
159,178,159,178,0.0
159,179,159,179,0.0
159,180,159,180,0.0
159,181,159,181,0.0
159,182,159,182,0.0
159,183,159,183,0.0
159,184,159,184,0.0
159,185,159,185,0.0
159,186,159,186,0.0
159,187,159,187,0.0
159,188,159,188,0.0
159,189,159,189,0.0
159,190,159,190,0.0
159,191,159,191,0.0
159,192,159,192,0.0
159,193,159,193,0.0
159,194,159,194,0.0
159,195,159,195,0.0
159,196,159,196,0.0
159,197,159,197,0.0
159,198,159,198,0.0
159,199,159,199,0.0
159,200,159,200,0.0
159,201,159,201,0.0
159,202,159,202,0.0
159,203,159,203,0.0
159,204,159,204,0.0
159,205,159,205,0.0
159,206,159,206,0.0
159,207,159,207,0.0
159,208,159,208,0.0
159,209,159,209,0.0
159,210,159,210,0.0
159,211,159,211,0.0
159,212,159,212,0.0
159,213,159,213,0.0
159,214,159,214,0.0
159,215,159,215,0.0
159,216,159,216,0.0
159,217,159,217,0.0
159,218,159,218,0.0
159,219,159,219,0.0
159,220,159,220,0.0
159,221,159,221,0.0
159,222,159,222,0.0
159,223,159,223,0.0
159,224,159,224,0.0
159,225,159,225,0.0
159,226,159,226,0.0
159,227,159,227,0.0
159,228,159,228,0.0
159,229,159,229,0.0
159,230,159,230,0.0
159,231,159,231,0.0
159,232,159,232,0.0
159,233,159,233,0.0
159,234,159,234,0.0
159,235,159,235,0.0
159,236,159,236,0.0
159,237,159,237,0.0
159,238,159,238,0.0
159,239,159,239,0.0
159,240,159,240,0.0
159,241,159,241,0.0
159,242,159,242,0.0
159,243,159,243,0.0
159,244,159,244,0.0
159,245,159,245,0.0
159,246,159,246,0.0
159,247,159,247,0.0
159,248,159,248,0.0
159,249,159,249,0.0
159,250,159,250,0.0
159,251,159,251,0.0
159,252,159,252,0.0
159,253,159,253,0.0
159,254,159,254,0.0
159,255,159,255,0.0
159,256,159,256,0.0
159,257,159,257,0.0
159,258,159,258,0.0
159,259,159,259,0.0
159,260,159,260,0.0
159,261,159,261,0.0
159,262,159,262,0.0
159,263,159,263,0.0
159,264,159,264,0.0
159,265,159,265,0.0
159,266,159,266,0.0
159,267,159,267,0.0
159,268,159,268,0.0
159,269,159,269,0.0
159,270,159,270,0.0
159,271,159,271,0.0
159,272,159,272,0.0
159,273,159,273,0.0
159,274,159,274,0.0
159,275,159,275,0.0
159,276,159,276,0.0
159,277,159,277,0.0
159,278,159,278,0.0
159,279,159,279,0.0
159,280,159,280,0.0
159,281,159,281,0.0
159,282,159,282,0.0
159,283,159,283,0.0
159,284,159,284,0.0
159,285,159,285,0.0
159,286,159,286,0.0
159,287,159,287,0.0
159,288,159,288,0.0
159,289,159,289,0.0
159,290,159,290,0.0
159,291,159,291,0.0
159,292,159,292,0.0
159,293,159,293,0.0
159,294,159,294,0.0
159,295,159,295,0.0
159,296,159,296,0.0
159,297,159,297,0.0
159,298,159,298,0.0
160,161,160,161,0.0
160,162,160,162,0.0
160,163,160,163,0.0
160,164,160,164,0.0
160,165,160,165,0.0
160,166,160,166,0.0
160,167,160,167,0.0
160,168,160,168,0.0
160,169,160,169,0.0
160,170,160,170,0.0
160,171,160,171,0.0
160,172,160,172,0.0
160,173,160,173,0.0
160,174,160,174,0.0
160,175,160,175,0.0
160,176,160,176,0.0
160,177,160,177,0.0
160,178,160,178,0.0
160,179,160,179,0.0
160,180,160,180,0.0
160,181,160,181,0.0
160,182,160,182,0.0
160,183,160,183,0.0
160,184,160,184,0.0
160,185,160,185,0.0
160,186,160,186,0.0
160,187,160,187,0.0
160,188,160,188,0.0
160,189,160,189,0.0
160,190,160,190,0.0
160,191,160,191,0.0
160,192,160,192,0.0
160,193,160,193,0.0
160,194,160,194,0.0
160,195,160,195,0.0
160,196,160,196,0.0
160,197,160,197,0.0
160,198,160,198,0.0
160,199,160,199,0.0
160,200,160,200,0.0
160,201,160,201,0.0
160,202,160,202,0.0
160,203,160,203,0.0
160,204,160,204,0.0
160,205,160,205,0.0
160,206,160,206,0.0
160,207,160,207,0.0
160,208,160,208,0.0
160,209,160,209,0.0
160,210,160,210,0.0
160,211,160,211,0.0
160,212,160,212,0.0
160,213,160,213,0.0
160,214,160,214,0.0
160,215,160,215,0.0
160,216,160,216,0.0
160,217,160,217,0.0
160,218,160,218,0.0
160,219,160,219,0.0
160,220,160,220,0.0
160,221,160,221,0.0
160,222,160,222,0.0
160,223,160,223,0.0
160,224,160,224,0.0
160,225,160,225,0.0
160,226,160,226,0.0
160,227,160,227,0.0
160,228,160,228,0.0
160,229,160,229,0.0
160,230,160,230,0.0
160,231,160,231,0.0
160,232,160,232,0.0
160,233,160,233,0.0
160,234,160,234,0.0
160,235,160,235,0.0
160,236,160,236,0.0
160,237,160,237,0.0
160,238,160,238,0.0
160,239,160,239,0.0
160,240,160,240,0.0
160,241,160,241,0.0
160,242,160,242,0.0
160,243,160,243,0.0
160,244,160,244,0.0
160,245,160,245,0.0
160,246,160,246,0.0
160,247,160,247,0.0
160,248,160,248,0.0
160,249,160,249,0.0
160,250,160,250,0.0
160,251,160,251,0.0
160,252,160,252,0.0
160,253,160,253,0.0
160,254,160,254,0.0
160,255,160,255,0.0
160,256,160,256,0.0
160,257,160,257,0.0
160,258,160,258,0.0
160,259,160,259,0.0
160,260,160,260,0.0
160,261,160,261,0.0
160,262,160,262,0.0
160,263,160,263,0.0
160,264,160,264,0.0
160,265,160,265,0.0
160,266,160,266,0.0
160,267,160,267,0.0
160,268,160,268,0.0
160,269,160,269,0.0
160,270,160,270,0.0
160,271,160,271,0.0
160,272,160,272,0.0
160,273,160,273,0.0
160,274,160,274,0.0
160,275,160,275,0.0
160,276,160,276,0.0
160,277,160,277,0.0
160,278,160,278,0.0
160,279,160,279,0.0
160,280,160,280,0.0
160,281,160,281,0.0
160,282,160,282,0.0
160,283,160,283,0.0
160,284,160,284,0.0
160,285,160,285,0.0
160,286,160,286,0.0
160,287,160,287,0.0
160,288,160,288,0.0
160,289,160,289,0.0
160,290,160,290,0.0
160,291,160,291,0.0
160,292,160,292,0.0
160,293,160,293,0.0
160,294,160,294,0.0
160,295,160,295,0.0
160,296,160,296,0.0
160,297,160,297,0.0
160,298,160,298,0.0
161,162,161,162,0.0
161,163,161,163,0.0
161,164,161,164,0.0
161,165,161,165,0.0
161,166,161,166,0.0
161,167,161,167,0.0
161,168,161,168,0.0
161,169,161,169,0.0
161,170,161,170,0.0
161,171,161,171,0.0
161,172,161,172,0.0
161,173,161,173,0.0
161,174,161,174,0.0
161,175,161,175,0.0
161,176,161,176,0.0
161,177,161,177,0.0
161,178,161,178,0.0
161,179,161,179,0.0
161,180,161,180,0.0
161,181,161,181,0.0
161,182,161,182,0.0
161,183,161,183,0.0
161,184,161,184,0.0
161,185,161,185,0.0
161,186,161,186,0.0
161,187,161,187,0.0
161,188,161,188,0.0
161,189,161,189,0.0
161,190,161,190,0.0
161,191,161,191,0.0
161,192,161,192,0.0
161,193,161,193,0.0
161,194,161,194,0.0
161,195,161,195,0.0
161,196,161,196,0.0
161,197,161,197,0.0
161,198,161,198,0.0
161,199,161,199,0.0
161,200,161,200,0.0
161,201,161,201,0.0
161,202,161,202,0.0
161,203,161,203,0.0
161,204,161,204,0.0
161,205,161,205,0.0
161,206,161,206,0.0
161,207,161,207,0.0
161,208,161,208,0.0
161,209,161,209,0.0
161,210,161,210,0.0
161,211,161,211,0.0
161,212,161,212,0.0
161,213,161,213,0.0
161,214,161,214,0.0
161,215,161,215,0.0
161,216,161,216,0.0
161,217,161,217,0.0
161,218,161,218,0.0
161,219,161,219,0.0
161,220,161,220,0.0
161,221,161,221,0.0
161,222,161,222,0.0
161,223,161,223,0.0
161,224,161,224,0.0
161,225,161,225,0.0
161,226,161,226,0.0
161,227,161,227,0.0
161,228,161,228,0.0
161,229,161,229,0.0
161,230,161,230,0.0
161,231,161,231,0.0
161,232,161,232,0.0
161,233,161,233,0.0
161,234,161,234,0.0
161,235,161,235,0.0
161,236,161,236,0.0
161,237,161,237,0.0
161,238,161,238,0.0
161,239,161,239,0.0
161,240,161,240,0.0
161,241,161,241,0.0
161,242,161,242,0.0
161,243,161,243,0.0
161,244,161,244,0.0
161,245,161,245,0.0
161,246,161,246,0.0
161,247,161,247,0.0
161,248,161,248,0.0
161,249,161,249,0.0
161,250,161,250,0.0
161,251,161,251,0.0
161,252,161,252,0.0
161,253,161,253,0.0
161,254,161,254,0.0
161,255,161,255,0.0
161,256,161,256,0.0
161,257,161,257,0.0
161,258,161,258,0.0
161,259,161,259,0.0
161,260,161,260,0.0
161,261,161,261,0.0
161,262,161,262,0.0
161,263,161,263,0.0
161,264,161,264,0.0
161,265,161,265,0.0
161,266,161,266,0.0
161,267,161,267,0.0
161,268,161,268,0.0
161,269,161,269,0.0
161,270,161,270,0.0
161,271,161,271,0.0
161,272,161,272,0.0
161,273,161,273,0.0
161,274,161,274,0.0
161,275,161,275,0.0
161,276,161,276,0.0
161,277,161,277,0.0
161,278,161,278,0.0
161,279,161,279,0.0
161,280,161,280,0.0
161,281,161,281,0.0
161,282,161,282,0.0
161,283,161,283,0.0
161,284,161,284,0.0
161,285,161,285,0.0
161,286,161,286,0.0
161,287,161,287,0.0
161,288,161,288,0.0
161,289,161,289,0.0
161,290,161,290,0.0
161,291,161,291,0.0
161,292,161,292,0.0
161,293,161,293,0.0
161,294,161,294,0.0
161,295,161,295,0.0
161,296,161,296,0.0
161,297,161,297,0.0
161,298,161,298,0.0
162,163,162,163,0.0
162,164,162,164,0.0
162,165,162,165,0.0
162,166,162,166,0.0
162,167,162,167,0.0
162,168,162,168,0.0
162,169,162,169,0.0
162,170,162,170,0.0
162,171,162,171,0.0
162,172,162,172,0.0
162,173,162,173,0.0
162,174,162,174,0.0
162,175,162,175,0.0
162,176,162,176,0.0
162,177,162,177,0.0
162,178,162,178,0.0
162,179,162,179,0.0
162,180,162,180,0.0
162,181,162,181,0.0
162,182,162,182,0.0
162,183,162,183,0.0
162,184,162,184,0.0
162,185,162,185,0.0
162,186,162,186,0.0
162,187,162,187,0.0
162,188,162,188,0.0
162,189,162,189,0.0
162,190,162,190,0.0
162,191,162,191,0.0
162,192,162,192,0.0
162,193,162,193,0.0
162,194,162,194,0.0
162,195,162,195,0.0
162,196,162,196,0.0
162,197,162,197,0.0
162,198,162,198,0.0
162,199,162,199,0.0
162,200,162,200,0.0
162,201,162,201,0.0
162,202,162,202,0.0
162,203,162,203,0.0
162,204,162,204,0.0
162,205,162,205,0.0
162,206,162,206,0.0
162,207,162,207,0.0
162,208,162,208,0.0
162,209,162,209,0.0
162,210,162,210,0.0
162,211,162,211,0.0
162,212,162,212,0.0
162,213,162,213,0.0
162,214,162,214,0.0
162,215,162,215,0.0
162,216,162,216,0.0
162,217,162,217,0.0
162,218,162,218,0.0
162,219,162,219,0.0
162,220,162,220,0.0
162,221,162,221,0.0
162,222,162,222,0.0
162,223,162,223,0.0
162,224,162,224,0.0
162,225,162,225,0.0
162,226,162,226,0.0
162,227,162,227,0.0
162,228,162,228,0.0
162,229,162,229,0.0
162,230,162,230,0.0
162,231,162,231,0.0
162,232,162,232,0.0
162,233,162,233,0.0
162,234,162,234,0.0
162,235,162,235,0.0
162,236,162,236,0.0
162,237,162,237,0.0
162,238,162,238,0.0
162,239,162,239,0.0
162,240,162,240,0.0
162,241,162,241,0.0
162,242,162,242,0.0
162,243,162,243,0.0
162,244,162,244,0.0
162,245,162,245,0.0
162,246,162,246,0.0
162,247,162,247,0.0
162,248,162,248,0.0
162,249,162,249,0.0
162,250,162,250,0.0
162,251,162,251,0.0
162,252,162,252,0.0
162,253,162,253,0.0
162,254,162,254,0.0
162,255,162,255,0.0
162,256,162,256,0.0
162,257,162,257,0.0
162,258,162,258,0.0
162,259,162,259,0.0
162,260,162,260,0.0
162,261,162,261,0.0
162,262,162,262,0.0
162,263,162,263,0.0
162,264,162,264,0.0
162,265,162,265,0.0
162,266,162,266,0.0
162,267,162,267,0.0
162,268,162,268,0.0
162,269,162,269,0.0
162,270,162,270,0.0
162,271,162,271,0.0
162,272,162,272,0.0
162,273,162,273,0.0
162,274,162,274,0.0
162,275,162,275,0.0
162,276,162,276,0.0
162,277,162,277,0.0
162,278,162,278,0.0
162,279,162,279,0.0
162,280,162,280,0.0
162,281,162,281,0.0
162,282,162,282,0.0
162,283,162,283,0.0
162,284,162,284,0.0
162,285,162,285,0.0
162,286,162,286,0.0
162,287,162,287,0.0
162,288,162,288,0.0
162,289,162,289,0.0
162,290,162,290,0.0
162,291,162,291,0.0
162,292,162,292,0.0
162,293,162,293,0.0
162,294,162,294,0.0
162,295,162,295,0.0
162,296,162,296,0.0
162,297,162,297,0.0
162,298,162,298,0.0
163,164,163,164,0.0
163,165,163,165,0.0
163,166,163,166,0.0
163,167,163,167,0.0
163,168,163,168,0.0
163,169,163,169,0.0
163,170,163,170,0.0
163,171,163,171,0.0
163,172,163,172,0.0
163,173,163,173,0.0
163,174,163,174,0.0
163,175,163,175,0.0
163,176,163,176,0.0
163,177,163,177,0.0
163,178,163,178,0.0
163,179,163,179,0.0
163,180,163,180,0.0
163,181,163,181,0.0
163,182,163,182,0.0
163,183,163,183,0.0
163,184,163,184,0.0
163,185,163,185,0.0
163,186,163,186,0.0
163,187,163,187,0.0
163,188,163,188,0.0
163,189,163,189,0.0
163,190,163,190,0.0
163,191,163,191,0.0
163,192,163,192,0.0
163,193,163,193,0.0
163,194,163,194,0.0
163,195,163,195,0.0
163,196,163,196,0.0
163,197,163,197,0.0
163,198,163,198,0.0
163,199,163,199,0.0
163,200,163,200,0.0
163,201,163,201,0.0
163,202,163,202,0.0
163,203,163,203,0.0
163,204,163,204,0.0
163,205,163,205,0.0
163,206,163,206,0.0
163,207,163,207,0.0
163,208,163,208,0.0
163,209,163,209,0.0
163,210,163,210,0.0
163,211,163,211,0.0
163,212,163,212,0.0
163,213,163,213,0.0
163,214,163,214,0.0
163,215,163,215,0.0
163,216,163,216,0.0
163,217,163,217,0.0
163,218,163,218,0.0
163,219,163,219,0.0
163,220,163,220,0.0
163,221,163,221,0.0
163,222,163,222,0.0
163,223,163,223,0.0
163,224,163,224,0.0
163,225,163,225,0.0
163,226,163,226,0.0
163,227,163,227,0.0
163,228,163,228,0.0
163,229,163,229,0.0
163,230,163,230,0.0
163,231,163,231,0.0
163,232,163,232,0.0
163,233,163,233,0.0
163,234,163,234,0.0
163,235,163,235,0.0
163,236,163,236,0.0
163,237,163,237,0.0
163,238,163,238,0.0
163,239,163,239,0.0
163,240,163,240,0.0
163,241,163,241,0.0
163,242,163,242,0.0
163,243,163,243,0.0
163,244,163,244,0.0
163,245,163,245,0.0
163,246,163,246,0.0
163,247,163,247,0.0
163,248,163,248,0.0
163,249,163,249,0.0
163,250,163,250,0.0
163,251,163,251,0.0
163,252,163,252,0.0
163,253,163,253,0.0
163,254,163,254,0.0
163,255,163,255,0.0
163,256,163,256,0.0
163,257,163,257,0.0
163,258,163,258,0.0
163,259,163,259,0.0
163,260,163,260,0.0
163,261,163,261,0.0
163,262,163,262,0.0
163,263,163,263,0.0
163,264,163,264,0.0
163,265,163,265,0.0
163,266,163,266,0.0
163,267,163,267,0.0
163,268,163,268,0.0
163,269,163,269,0.0
163,270,163,270,0.0
163,271,163,271,0.0
163,272,163,272,0.0
163,273,163,273,0.0
163,274,163,274,0.0
163,275,163,275,0.0
163,276,163,276,0.0
163,277,163,277,0.0
163,278,163,278,0.0
163,279,163,279,0.0
163,280,163,280,0.0
163,281,163,281,0.0
163,282,163,282,0.0
163,283,163,283,0.0
163,284,163,284,0.0
163,285,163,285,0.0
163,286,163,286,0.0
163,287,163,287,0.0
163,288,163,288,0.0
163,289,163,289,0.0
163,290,163,290,0.0
163,291,163,291,0.0
163,292,163,292,0.0
163,293,163,293,0.0
163,294,163,294,0.0
163,295,163,295,0.0
163,296,163,296,0.0
163,297,163,297,0.0
163,298,163,298,0.0
164,165,164,165,0.0
164,166,164,166,0.0
164,167,164,167,0.0
164,168,164,168,0.0
164,169,164,169,0.0
164,170,164,170,0.0
164,171,164,171,0.0
164,172,164,172,0.0
164,173,164,173,0.0
164,174,164,174,0.0
164,175,164,175,0.0
164,176,164,176,0.0
164,177,164,177,0.0
164,178,164,178,0.0
164,179,164,179,0.0
164,180,164,180,0.0
164,181,164,181,0.0
164,182,164,182,0.0
164,183,164,183,0.0
164,184,164,184,0.0
164,185,164,185,0.0
164,186,164,186,0.0
164,187,164,187,0.0
164,188,164,188,0.0
164,189,164,189,0.0
164,190,164,190,0.0
164,191,164,191,0.0
164,192,164,192,0.0
164,193,164,193,0.0
164,194,164,194,0.0
164,195,164,195,0.0
164,196,164,196,0.0
164,197,164,197,0.0
164,198,164,198,0.0
164,199,164,199,0.0
164,200,164,200,0.0
164,201,164,201,0.0
164,202,164,202,0.0
164,203,164,203,0.0
164,204,164,204,0.0
164,205,164,205,0.0
164,206,164,206,0.0
164,207,164,207,0.0
164,208,164,208,0.0
164,209,164,209,0.0
164,210,164,210,0.0
164,211,164,211,0.0
164,212,164,212,0.0
164,213,164,213,0.0
164,214,164,214,0.0
164,215,164,215,0.0
164,216,164,216,0.0
164,217,164,217,0.0
164,218,164,218,0.0
164,219,164,219,0.0
164,220,164,220,0.0
164,221,164,221,0.0
164,222,164,222,0.0
164,223,164,223,0.0
164,224,164,224,0.0
164,225,164,225,0.0
164,226,164,226,0.0
164,227,164,227,0.0
164,228,164,228,0.0
164,229,164,229,0.0
164,230,164,230,0.0
164,231,164,231,0.0
164,232,164,232,0.0
164,233,164,233,0.0
164,234,164,234,0.0
164,235,164,235,0.0
164,236,164,236,0.0
164,237,164,237,0.0
164,238,164,238,0.0
164,239,164,239,0.0
164,240,164,240,0.0
164,241,164,241,0.0
164,242,164,242,0.0
164,243,164,243,0.0
164,244,164,244,0.0
164,245,164,245,0.0
164,246,164,246,0.0
164,247,164,247,0.0
164,248,164,248,0.0
164,249,164,249,0.0
164,250,164,250,0.0
164,251,164,251,0.0
164,252,164,252,0.0
164,253,164,253,0.0
164,254,164,254,0.0
164,255,164,255,0.0
164,256,164,256,0.0
164,257,164,257,0.0
164,258,164,258,0.0
164,259,164,259,0.0
164,260,164,260,0.0
164,261,164,261,0.0
164,262,164,262,0.0
164,263,164,263,0.0
164,264,164,264,0.0
164,265,164,265,0.0
164,266,164,266,0.0
164,267,164,267,0.0
164,268,164,268,0.0
164,269,164,269,0.0
164,270,164,270,0.0
164,271,164,271,0.0
164,272,164,272,0.0
164,273,164,273,0.0
164,274,164,274,0.0
164,275,164,275,0.0
164,276,164,276,0.0
164,277,164,277,0.0
164,278,164,278,0.0
164,279,164,279,0.0
164,280,164,280,0.0
164,281,164,281,0.0
164,282,164,282,0.0
164,283,164,283,0.0
164,284,164,284,0.0
164,285,164,285,0.0
164,286,164,286,0.0
164,287,164,287,0.0
164,288,164,288,0.0
164,289,164,289,0.0
164,290,164,290,0.0
164,291,164,291,0.0
164,292,164,292,0.0
164,293,164,293,0.0
164,294,164,294,0.0
164,295,164,295,0.0
164,296,164,296,0.0
164,297,164,297,0.0
164,298,164,298,0.0
165,166,165,166,0.0
165,167,165,167,0.0
165,168,165,168,0.0
165,169,165,169,0.0
165,170,165,170,0.0
165,171,165,171,0.0
165,172,165,172,0.0
165,173,165,173,0.0
165,174,165,174,0.0
165,175,165,175,0.0
165,176,165,176,0.0
165,177,165,177,0.0
165,178,165,178,0.0
165,179,165,179,0.0
165,180,165,180,0.0
165,181,165,181,0.0
165,182,165,182,0.0
165,183,165,183,0.0
165,184,165,184,0.0
165,185,165,185,0.0
165,186,165,186,0.0
165,187,165,187,0.0
165,188,165,188,0.0
165,189,165,189,0.0
165,190,165,190,0.0
165,191,165,191,0.0
165,192,165,192,0.0
165,193,165,193,0.0
165,194,165,194,0.0
165,195,165,195,0.0
165,196,165,196,0.0
165,197,165,197,0.0
165,198,165,198,0.0
165,199,165,199,0.0
165,200,165,200,0.0
165,201,165,201,0.0
165,202,165,202,0.0
165,203,165,203,0.0
165,204,165,204,0.0
165,205,165,205,0.0
165,206,165,206,0.0
165,207,165,207,0.0
165,208,165,208,0.0
165,209,165,209,0.0
165,210,165,210,0.0
165,211,165,211,0.0
165,212,165,212,0.0
165,213,165,213,0.0
165,214,165,214,0.0
165,215,165,215,0.0
165,216,165,216,0.0
165,217,165,217,0.0
165,218,165,218,0.0
165,219,165,219,0.0
165,220,165,220,0.0
165,221,165,221,0.0
165,222,165,222,0.0
165,223,165,223,0.0
165,224,165,224,0.0
165,225,165,225,0.0
165,226,165,226,0.0
165,227,165,227,0.0
165,228,165,228,0.0
165,229,165,229,0.0
165,230,165,230,0.0
165,231,165,231,0.0
165,232,165,232,0.0
165,233,165,233,0.0
165,234,165,234,0.0
165,235,165,235,0.0
165,236,165,236,0.0
165,237,165,237,0.0
165,238,165,238,0.0
165,239,165,239,0.0
165,240,165,240,0.0
165,241,165,241,0.0
165,242,165,242,0.0
165,243,165,243,0.0
165,244,165,244,0.0
165,245,165,245,0.0
165,246,165,246,0.0
165,247,165,247,0.0
165,248,165,248,0.0
165,249,165,249,0.0
165,250,165,250,0.0
165,251,165,251,0.0
165,252,165,252,0.0
165,253,165,253,0.0
165,254,165,254,0.0
165,255,165,255,0.0
165,256,165,256,0.0
165,257,165,257,0.0
165,258,165,258,0.0
165,259,165,259,0.0
165,260,165,260,0.0
165,261,165,261,0.0
165,262,165,262,0.0
165,263,165,263,0.0
165,264,165,264,0.0
165,265,165,265,0.0
165,266,165,266,0.0
165,267,165,267,0.0
165,268,165,268,0.0
165,269,165,269,0.0
165,270,165,270,0.0
165,271,165,271,0.0
165,272,165,272,0.0
165,273,165,273,0.0
165,274,165,274,0.0
165,275,165,275,0.0
165,276,165,276,0.0
165,277,165,277,0.0
165,278,165,278,0.0
165,279,165,279,0.0
165,280,165,280,0.0
165,281,165,281,0.0
165,282,165,282,0.0
165,283,165,283,0.0
165,284,165,284,0.0
165,285,165,285,0.0
165,286,165,286,0.0
165,287,165,287,0.0
165,288,165,288,0.0
165,289,165,289,0.0
165,290,165,290,0.0
165,291,165,291,0.0
165,292,165,292,0.0
165,293,165,293,0.0
165,294,165,294,0.0
165,295,165,295,0.0
165,296,165,296,0.0
165,297,165,297,0.0
165,298,165,298,0.0
166,167,166,167,0.0
166,168,166,168,0.0
166,169,166,169,0.0
166,170,166,170,0.0
166,171,166,171,0.0
166,172,166,172,0.0
166,173,166,173,0.0
166,174,166,174,0.0
166,175,166,175,0.0
166,176,166,176,0.0
166,177,166,177,0.0
166,178,166,178,0.0
166,179,166,179,0.0
166,180,166,180,0.0
166,181,166,181,0.0
166,182,166,182,0.0
166,183,166,183,0.0
166,184,166,184,0.0
166,185,166,185,0.0
166,186,166,186,0.0
166,187,166,187,0.0
166,188,166,188,0.0
166,189,166,189,0.0
166,190,166,190,0.0
166,191,166,191,0.0
166,192,166,192,0.0
166,193,166,193,0.0
166,194,166,194,0.0
166,195,166,195,0.0
166,196,166,196,0.0
166,197,166,197,0.0
166,198,166,198,0.0
166,199,166,199,0.0
166,200,166,200,0.0
166,201,166,201,0.0
166,202,166,202,0.0
166,203,166,203,0.0
166,204,166,204,0.0
166,205,166,205,0.0
166,206,166,206,0.0
166,207,166,207,0.0
166,208,166,208,0.0
166,209,166,209,0.0
166,210,166,210,0.0
166,211,166,211,0.0
166,212,166,212,0.0
166,213,166,213,0.0
166,214,166,214,0.0
166,215,166,215,0.0
166,216,166,216,0.0
166,217,166,217,0.0
166,218,166,218,0.0
166,219,166,219,0.0
166,220,166,220,0.0
166,221,166,221,0.0
166,222,166,222,0.0
166,223,166,223,0.0
166,224,166,224,0.0
166,225,166,225,0.0
166,226,166,226,0.0
166,227,166,227,0.0
166,228,166,228,0.0
166,229,166,229,0.0
166,230,166,230,0.0
166,231,166,231,0.0
166,232,166,232,0.0
166,233,166,233,0.0
166,234,166,234,0.0
166,235,166,235,0.0
166,236,166,236,0.0
166,237,166,237,0.0
166,238,166,238,0.0
166,239,166,239,0.0
166,240,166,240,0.0
166,241,166,241,0.0
166,242,166,242,0.0
166,243,166,243,0.0
166,244,166,244,0.0
166,245,166,245,0.0
166,246,166,246,0.0
166,247,166,247,0.0
166,248,166,248,0.0
166,249,166,249,0.0
166,250,166,250,0.0
166,251,166,251,0.0
166,252,166,252,0.0
166,253,166,253,0.0
166,254,166,254,0.0
166,255,166,255,0.0
166,256,166,256,0.0
166,257,166,257,0.0
166,258,166,258,0.0
166,259,166,259,0.0
166,260,166,260,0.0
166,261,166,261,0.0
166,262,166,262,0.0
166,263,166,263,0.0
166,264,166,264,0.0
166,265,166,265,0.0
166,266,166,266,0.0
166,267,166,267,0.0
166,268,166,268,0.0
166,269,166,269,0.0
166,270,166,270,0.0
166,271,166,271,0.0
166,272,166,272,0.0
166,273,166,273,0.0
166,274,166,274,0.0
166,275,166,275,0.0
166,276,166,276,0.0
166,277,166,277,0.0
166,278,166,278,0.0
166,279,166,279,0.0
166,280,166,280,0.0
166,281,166,281,0.0
166,282,166,282,0.0
166,283,166,283,0.0
166,284,166,284,0.0
166,285,166,285,0.0
166,286,166,286,0.0
166,287,166,287,0.0
166,288,166,288,0.0
166,289,166,289,0.0
166,290,166,290,0.0
166,291,166,291,0.0
166,292,166,292,0.0
166,293,166,293,0.0
166,294,166,294,0.0
166,295,166,295,0.0
166,296,166,296,0.0
166,297,166,297,0.0
166,298,166,298,0.0
167,168,167,168,0.0
167,169,167,169,0.0
167,170,167,170,0.0
167,171,167,171,0.0
167,172,167,172,0.0
167,173,167,173,0.0
167,174,167,174,0.0
167,175,167,175,0.0
167,176,167,176,0.0
167,177,167,177,0.0
167,178,167,178,0.0
167,179,167,179,0.0
167,180,167,180,0.0
167,181,167,181,0.0
167,182,167,182,0.0
167,183,167,183,0.0
167,184,167,184,0.0
167,185,167,185,0.0
167,186,167,186,0.0
167,187,167,187,0.0
167,188,167,188,0.0
167,189,167,189,0.0
167,190,167,190,0.0
167,191,167,191,0.0
167,192,167,192,0.0
167,193,167,193,0.0
167,194,167,194,0.0
167,195,167,195,0.0
167,196,167,196,0.0
167,197,167,197,0.0
167,198,167,198,0.0
167,199,167,199,0.0
167,200,167,200,0.0
167,201,167,201,0.0
167,202,167,202,0.0
167,203,167,203,0.0
167,204,167,204,0.0
167,205,167,205,0.0
167,206,167,206,0.0
167,207,167,207,0.0
167,208,167,208,0.0
167,209,167,209,0.0
167,210,167,210,0.0
167,211,167,211,0.0
167,212,167,212,0.0
167,213,167,213,0.0
167,214,167,214,0.0
167,215,167,215,0.0
167,216,167,216,0.0
167,217,167,217,0.0
167,218,167,218,0.0
167,219,167,219,0.0
167,220,167,220,0.0
167,221,167,221,0.0
167,222,167,222,0.0
167,223,167,223,0.0
167,224,167,224,0.0
167,225,167,225,0.0
167,226,167,226,0.0
167,227,167,227,0.0
167,228,167,228,0.0
167,229,167,229,0.0
167,230,167,230,0.0
167,231,167,231,0.0
167,232,167,232,0.0
167,233,167,233,0.0
167,234,167,234,0.0
167,235,167,235,0.0
167,236,167,236,0.0
167,237,167,237,0.0
167,238,167,238,0.0
167,239,167,239,0.0
167,240,167,240,0.0
167,241,167,241,0.0
167,242,167,242,0.0
167,243,167,243,0.0
167,244,167,244,0.0
167,245,167,245,0.0
167,246,167,246,0.0
167,247,167,247,0.0
167,248,167,248,0.0
167,249,167,249,0.0
167,250,167,250,0.0
167,251,167,251,0.0
167,252,167,252,0.0
167,253,167,253,0.0
167,254,167,254,0.0
167,255,167,255,0.0
167,256,167,256,0.0
167,257,167,257,0.0
167,258,167,258,0.0
167,259,167,259,0.0
167,260,167,260,0.0
167,261,167,261,0.0
167,262,167,262,0.0
167,263,167,263,0.0
167,264,167,264,0.0
167,265,167,265,0.0
167,266,167,266,0.0
167,267,167,267,0.0
167,268,167,268,0.0
167,269,167,269,0.0
167,270,167,270,0.0
167,271,167,271,0.0
167,272,167,272,0.0
167,273,167,273,0.0
167,274,167,274,0.0
167,275,167,275,0.0
167,276,167,276,0.0
167,277,167,277,0.0
167,278,167,278,0.0
167,279,167,279,0.0
167,280,167,280,0.0
167,281,167,281,0.0
167,282,167,282,0.0
167,283,167,283,0.0
167,284,167,284,0.0
167,285,167,285,0.0
167,286,167,286,0.0
167,287,167,287,0.0
167,288,167,288,0.0
167,289,167,289,0.0
167,290,167,290,0.0
167,291,167,291,0.0
167,292,167,292,0.0
167,293,167,293,0.0
167,294,167,294,0.0
167,295,167,295,0.0
167,296,167,296,0.0
167,297,167,297,0.0
167,298,167,298,0.0
168,169,168,169,0.0
168,170,168,170,0.0
168,171,168,171,0.0
168,172,168,172,0.0
168,173,168,173,0.0
168,174,168,174,0.0
168,175,168,175,0.0
168,176,168,176,0.0
168,177,168,177,0.0
168,178,168,178,0.0
168,179,168,179,0.0
168,180,168,180,0.0
168,181,168,181,0.0
168,182,168,182,0.0
168,183,168,183,0.0
168,184,168,184,0.0
168,185,168,185,0.0
168,186,168,186,0.0
168,187,168,187,0.0
168,188,168,188,0.0
168,189,168,189,0.0
168,190,168,190,0.0
168,191,168,191,0.0
168,192,168,192,0.0
168,193,168,193,0.0
168,194,168,194,0.0
168,195,168,195,0.0
168,196,168,196,0.0
168,197,168,197,0.0
168,198,168,198,0.0
168,199,168,199,0.0
168,200,168,200,0.0
168,201,168,201,0.0
168,202,168,202,0.0
168,203,168,203,0.0
168,204,168,204,0.0
168,205,168,205,0.0
168,206,168,206,0.0
168,207,168,207,0.0
168,208,168,208,0.0
168,209,168,209,0.0
168,210,168,210,0.0
168,211,168,211,0.0
168,212,168,212,0.0
168,213,168,213,0.0
168,214,168,214,0.0
168,215,168,215,0.0
168,216,168,216,0.0
168,217,168,217,0.0
168,218,168,218,0.0
168,219,168,219,0.0
168,220,168,220,0.0
168,221,168,221,0.0
168,222,168,222,0.0
168,223,168,223,0.0
168,224,168,224,0.0
168,225,168,225,0.0
168,226,168,226,0.0
168,227,168,227,0.0
168,228,168,228,0.0
168,229,168,229,0.0
168,230,168,230,0.0
168,231,168,231,0.0
168,232,168,232,0.0
168,233,168,233,0.0
168,234,168,234,0.0
168,235,168,235,0.0
168,236,168,236,0.0
168,237,168,237,0.0
168,238,168,238,0.0
168,239,168,239,0.0
168,240,168,240,0.0
168,241,168,241,0.0
168,242,168,242,0.0
168,243,168,243,0.0
168,244,168,244,0.0
168,245,168,245,0.0
168,246,168,246,0.0
168,247,168,247,0.0
168,248,168,248,0.0
168,249,168,249,0.0
168,250,168,250,0.0
168,251,168,251,0.0
168,252,168,252,0.0
168,253,168,253,0.0
168,254,168,254,0.0
168,255,168,255,0.0
168,256,168,256,0.0
168,257,168,257,0.0
168,258,168,258,0.0
168,259,168,259,0.0
168,260,168,260,0.0
168,261,168,261,0.0
168,262,168,262,0.0
168,263,168,263,0.0
168,264,168,264,0.0
168,265,168,265,0.0
168,266,168,266,0.0
168,267,168,267,0.0
168,268,168,268,0.0
168,269,168,269,0.0
168,270,168,270,0.0
168,271,168,271,0.0
168,272,168,272,0.0
168,273,168,273,0.0
168,274,168,274,0.0
168,275,168,275,0.0
168,276,168,276,0.0
168,277,168,277,0.0
168,278,168,278,0.0
168,279,168,279,0.0
168,280,168,280,0.0
168,281,168,281,0.0
168,282,168,282,0.0
168,283,168,283,0.0
168,284,168,284,0.0
168,285,168,285,0.0
168,286,168,286,0.0
168,287,168,287,0.0
168,288,168,288,0.0
168,289,168,289,0.0
168,290,168,290,0.0
168,291,168,291,0.0
168,292,168,292,0.0
168,293,168,293,0.0
168,294,168,294,0.0
168,295,168,295,0.0
168,296,168,296,0.0
168,297,168,297,0.0
168,298,168,298,0.0
169,170,169,170,0.0
169,171,169,171,0.0
169,172,169,172,0.0
169,173,169,173,0.0
169,174,169,174,0.0
169,175,169,175,0.0
169,176,169,176,0.0
169,177,169,177,0.0
169,178,169,178,0.0
169,179,169,179,0.0
169,180,169,180,0.0
169,181,169,181,0.0
169,182,169,182,0.0
169,183,169,183,0.0
169,184,169,184,0.0
169,185,169,185,0.0
169,186,169,186,0.0
169,187,169,187,0.0
169,188,169,188,0.0
169,189,169,189,0.0
169,190,169,190,0.0
169,191,169,191,0.0
169,192,169,192,0.0
169,193,169,193,0.0
169,194,169,194,0.0
169,195,169,195,0.0
169,196,169,196,0.0
169,197,169,197,0.0
169,198,169,198,0.0
169,199,169,199,0.0
169,200,169,200,0.0
169,201,169,201,0.0
169,202,169,202,0.0
169,203,169,203,0.0
169,204,169,204,0.0
169,205,169,205,0.0
169,206,169,206,0.0
169,207,169,207,0.0
169,208,169,208,0.0
169,209,169,209,0.0
169,210,169,210,0.0
169,211,169,211,0.0
169,212,169,212,0.0
169,213,169,213,0.0
169,214,169,214,0.0
169,215,169,215,0.0
169,216,169,216,0.0
169,217,169,217,0.0
169,218,169,218,0.0
169,219,169,219,0.0
169,220,169,220,0.0
169,221,169,221,0.0
169,222,169,222,0.0
169,223,169,223,0.0
169,224,169,224,0.0
169,225,169,225,0.0
169,226,169,226,0.0
169,227,169,227,0.0
169,228,169,228,0.0
169,229,169,229,0.0
169,230,169,230,0.0
169,231,169,231,0.0
169,232,169,232,0.0
169,233,169,233,0.0
169,234,169,234,0.0
169,235,169,235,0.0
169,236,169,236,0.0
169,237,169,237,0.0
169,238,169,238,0.0
169,239,169,239,0.0
169,240,169,240,0.0
169,241,169,241,0.0
169,242,169,242,0.0
169,243,169,243,0.0
169,244,169,244,0.0
169,245,169,245,0.0
169,246,169,246,0.0
169,247,169,247,0.0
169,248,169,248,0.0
169,249,169,249,0.0
169,250,169,250,0.0
169,251,169,251,0.0
169,252,169,252,0.0
169,253,169,253,0.0
169,254,169,254,0.0
169,255,169,255,0.0
169,256,169,256,0.0
169,257,169,257,0.0
169,258,169,258,0.0
169,259,169,259,0.0
169,260,169,260,0.0
169,261,169,261,0.0
169,262,169,262,0.0
169,263,169,263,0.0
169,264,169,264,0.0
169,265,169,265,0.0
169,266,169,266,0.0
169,267,169,267,0.0
169,268,169,268,0.0
169,269,169,269,0.0
169,270,169,270,0.0
169,271,169,271,0.0
169,272,169,272,0.0
169,273,169,273,0.0
169,274,169,274,0.0
169,275,169,275,0.0
169,276,169,276,0.0
169,277,169,277,0.0
169,278,169,278,0.0
169,279,169,279,0.0
169,280,169,280,0.0
169,281,169,281,0.0
169,282,169,282,0.0
169,283,169,283,0.0
169,284,169,284,0.0
169,285,169,285,0.0
169,286,169,286,0.0
169,287,169,287,0.0
169,288,169,288,0.0
169,289,169,289,0.0
169,290,169,290,0.0
169,291,169,291,0.0
169,292,169,292,0.0
169,293,169,293,0.0
169,294,169,294,0.0
169,295,169,295,0.0
169,296,169,296,0.0
169,297,169,297,0.0
169,298,169,298,0.0
170,171,170,171,0.0
170,172,170,172,0.0
170,173,170,173,0.0
170,174,170,174,0.0
170,175,170,175,0.0
170,176,170,176,0.0
170,177,170,177,0.0
170,178,170,178,0.0
170,179,170,179,0.0
170,180,170,180,0.0
170,181,170,181,0.0
170,182,170,182,0.0
170,183,170,183,0.0
170,184,170,184,0.0
170,185,170,185,0.0
170,186,170,186,0.0
170,187,170,187,0.0
170,188,170,188,0.0
170,189,170,189,0.0
170,190,170,190,0.0
170,191,170,191,0.0
170,192,170,192,0.0
170,193,170,193,0.0
170,194,170,194,0.0
170,195,170,195,0.0
170,196,170,196,0.0
170,197,170,197,0.0
170,198,170,198,0.0
170,199,170,199,0.0
170,200,170,200,0.0
170,201,170,201,0.0
170,202,170,202,0.0
170,203,170,203,0.0
170,204,170,204,0.0
170,205,170,205,0.0
170,206,170,206,0.0
170,207,170,207,0.0
170,208,170,208,0.0
170,209,170,209,0.0
170,210,170,210,0.0
170,211,170,211,0.0
170,212,170,212,0.0
170,213,170,213,0.0
170,214,170,214,0.0
170,215,170,215,0.0
170,216,170,216,0.0
170,217,170,217,0.0
170,218,170,218,0.0
170,219,170,219,0.0
170,220,170,220,0.0
170,221,170,221,0.0
170,222,170,222,0.0
170,223,170,223,0.0
170,224,170,224,0.0
170,225,170,225,0.0
170,226,170,226,0.0
170,227,170,227,0.0
170,228,170,228,0.0
170,229,170,229,0.0
170,230,170,230,0.0
170,231,170,231,0.0
170,232,170,232,0.0
170,233,170,233,0.0
170,234,170,234,0.0
170,235,170,235,0.0
170,236,170,236,0.0
170,237,170,237,0.0
170,238,170,238,0.0
170,239,170,239,0.0
170,240,170,240,0.0
170,241,170,241,0.0
170,242,170,242,0.0
170,243,170,243,0.0
170,244,170,244,0.0
170,245,170,245,0.0
170,246,170,246,0.0
170,247,170,247,0.0
170,248,170,248,0.0
170,249,170,249,0.0
170,250,170,250,0.0
170,251,170,251,0.0
170,252,170,252,0.0
170,253,170,253,0.0
170,254,170,254,0.0
170,255,170,255,0.0
170,256,170,256,0.0
170,257,170,257,0.0
170,258,170,258,0.0
170,259,170,259,0.0
170,260,170,260,0.0
170,261,170,261,0.0
170,262,170,262,0.0
170,263,170,263,0.0
170,264,170,264,0.0
170,265,170,265,0.0
170,266,170,266,0.0
170,267,170,267,0.0
170,268,170,268,0.0
170,269,170,269,0.0
170,270,170,270,0.0
170,271,170,271,0.0
170,272,170,272,0.0
170,273,170,273,0.0
170,274,170,274,0.0
170,275,170,275,0.0
170,276,170,276,0.0
170,277,170,277,0.0
170,278,170,278,0.0
170,279,170,279,0.0
170,280,170,280,0.0
170,281,170,281,0.0
170,282,170,282,0.0
170,283,170,283,0.0
170,284,170,284,0.0
170,285,170,285,0.0
170,286,170,286,0.0
170,287,170,287,0.0
170,288,170,288,0.0
170,289,170,289,0.0
170,290,170,290,0.0
170,291,170,291,0.0
170,292,170,292,0.0
170,293,170,293,0.0
170,294,170,294,0.0
170,295,170,295,0.0
170,296,170,296,0.0
170,297,170,297,0.0
170,298,170,298,0.0
171,172,171,172,0.0
171,173,171,173,0.0
171,174,171,174,0.0
171,175,171,175,0.0
171,176,171,176,0.0
171,177,171,177,0.0
171,178,171,178,0.0
171,179,171,179,0.0
171,180,171,180,0.0
171,181,171,181,0.0
171,182,171,182,0.0
171,183,171,183,0.0
171,184,171,184,0.0
171,185,171,185,0.0
171,186,171,186,0.0
171,187,171,187,0.0
171,188,171,188,0.0
171,189,171,189,0.0
171,190,171,190,0.0
171,191,171,191,0.0
171,192,171,192,0.0
171,193,171,193,0.0
171,194,171,194,0.0
171,195,171,195,0.0
171,196,171,196,0.0
171,197,171,197,0.0
171,198,171,198,0.0
171,199,171,199,0.0
171,200,171,200,0.0
171,201,171,201,0.0
171,202,171,202,0.0
171,203,171,203,0.0
171,204,171,204,0.0
171,205,171,205,0.0
171,206,171,206,0.0
171,207,171,207,0.0
171,208,171,208,0.0
171,209,171,209,0.0
171,210,171,210,0.0
171,211,171,211,0.0
171,212,171,212,0.0
171,213,171,213,0.0
171,214,171,214,0.0
171,215,171,215,0.0
171,216,171,216,0.0
171,217,171,217,0.0
171,218,171,218,0.0
171,219,171,219,0.0
171,220,171,220,0.0
171,221,171,221,0.0
171,222,171,222,0.0
171,223,171,223,0.0
171,224,171,224,0.0
171,225,171,225,0.0
171,226,171,226,0.0
171,227,171,227,0.0
171,228,171,228,0.0
171,229,171,229,0.0
171,230,171,230,0.0
171,231,171,231,0.0
171,232,171,232,0.0
171,233,171,233,0.0
171,234,171,234,0.0
171,235,171,235,0.0
171,236,171,236,0.0
171,237,171,237,0.0
171,238,171,238,0.0
171,239,171,239,0.0
171,240,171,240,0.0
171,241,171,241,0.0
171,242,171,242,0.0
171,243,171,243,0.0
171,244,171,244,0.0
171,245,171,245,0.0
171,246,171,246,0.0
171,247,171,247,0.0
171,248,171,248,0.0
171,249,171,249,0.0
171,250,171,250,0.0
171,251,171,251,0.0
171,252,171,252,0.0
171,253,171,253,0.0
171,254,171,254,0.0
171,255,171,255,0.0
171,256,171,256,0.0
171,257,171,257,0.0
171,258,171,258,0.0
171,259,171,259,0.0
171,260,171,260,0.0
171,261,171,261,0.0
171,262,171,262,0.0
171,263,171,263,0.0
171,264,171,264,0.0
171,265,171,265,0.0
171,266,171,266,0.0
171,267,171,267,0.0
171,268,171,268,0.0
171,269,171,269,0.0
171,270,171,270,0.0
171,271,171,271,0.0
171,272,171,272,0.0
171,273,171,273,0.0
171,274,171,274,0.0
171,275,171,275,0.0
171,276,171,276,0.0
171,277,171,277,0.0
171,278,171,278,0.0
171,279,171,279,0.0
171,280,171,280,0.0
171,281,171,281,0.0
171,282,171,282,0.0
171,283,171,283,0.0
171,284,171,284,0.0
171,285,171,285,0.0
171,286,171,286,0.0
171,287,171,287,0.0
171,288,171,288,0.0
171,289,171,289,0.0
171,290,171,290,0.0
171,291,171,291,0.0
171,292,171,292,0.0
171,293,171,293,0.0
171,294,171,294,0.0
171,295,171,295,0.0
171,296,171,296,0.0
171,297,171,297,0.0
171,298,171,298,0.0
172,173,172,173,0.0
172,174,172,174,0.0
172,175,172,175,0.0
172,176,172,176,0.0
172,177,172,177,0.0
172,178,172,178,0.0
172,179,172,179,0.0
172,180,172,180,0.0
172,181,172,181,0.0
172,182,172,182,0.0
172,183,172,183,0.0
172,184,172,184,0.0
172,185,172,185,0.0
172,186,172,186,0.0
172,187,172,187,0.0
172,188,172,188,0.0
172,189,172,189,0.0
172,190,172,190,0.0
172,191,172,191,0.0
172,192,172,192,0.0
172,193,172,193,0.0
172,194,172,194,0.0
172,195,172,195,0.0
172,196,172,196,0.0
172,197,172,197,0.0
172,198,172,198,0.0
172,199,172,199,0.0
172,200,172,200,0.0
172,201,172,201,0.0
172,202,172,202,0.0
172,203,172,203,0.0
172,204,172,204,0.0
172,205,172,205,0.0
172,206,172,206,0.0
172,207,172,207,0.0
172,208,172,208,0.0
172,209,172,209,0.0
172,210,172,210,0.0
172,211,172,211,0.0
172,212,172,212,0.0
172,213,172,213,0.0
172,214,172,214,0.0
172,215,172,215,0.0
172,216,172,216,0.0
172,217,172,217,0.0
172,218,172,218,0.0
172,219,172,219,0.0
172,220,172,220,0.0
172,221,172,221,0.0
172,222,172,222,0.0
172,223,172,223,0.0
172,224,172,224,0.0
172,225,172,225,0.0
172,226,172,226,0.0
172,227,172,227,0.0
172,228,172,228,0.0
172,229,172,229,0.0
172,230,172,230,0.0
172,231,172,231,0.0
172,232,172,232,0.0
172,233,172,233,0.0
172,234,172,234,0.0
172,235,172,235,0.0
172,236,172,236,0.0
172,237,172,237,0.0
172,238,172,238,0.0
172,239,172,239,0.0
172,240,172,240,0.0
172,241,172,241,0.0
172,242,172,242,0.0
172,243,172,243,0.0
172,244,172,244,0.0
172,245,172,245,0.0
172,246,172,246,0.0
172,247,172,247,0.0
172,248,172,248,0.0
172,249,172,249,0.0
172,250,172,250,0.0
172,251,172,251,0.0
172,252,172,252,0.0
172,253,172,253,0.0
172,254,172,254,0.0
172,255,172,255,0.0
172,256,172,256,0.0
172,257,172,257,0.0
172,258,172,258,0.0
172,259,172,259,0.0
172,260,172,260,0.0
172,261,172,261,0.0
172,262,172,262,0.0
172,263,172,263,0.0
172,264,172,264,0.0
172,265,172,265,0.0
172,266,172,266,0.0
172,267,172,267,0.0
172,268,172,268,0.0
172,269,172,269,0.0
172,270,172,270,0.0
172,271,172,271,0.0
172,272,172,272,0.0
172,273,172,273,0.0
172,274,172,274,0.0
172,275,172,275,0.0
172,276,172,276,0.0
172,277,172,277,0.0
172,278,172,278,0.0
172,279,172,279,0.0
172,280,172,280,0.0
172,281,172,281,0.0
172,282,172,282,0.0
172,283,172,283,0.0
172,284,172,284,0.0
172,285,172,285,0.0
172,286,172,286,0.0
172,287,172,287,0.0
172,288,172,288,0.0
172,289,172,289,0.0
172,290,172,290,0.0
172,291,172,291,0.0
172,292,172,292,0.0
172,293,172,293,0.0
172,294,172,294,0.0
172,295,172,295,0.0
172,296,172,296,0.0
172,297,172,297,0.0
172,298,172,298,0.0
173,174,173,174,0.0
173,175,173,175,0.0
173,176,173,176,0.0
173,177,173,177,0.0
173,178,173,178,0.0
173,179,173,179,0.0
173,180,173,180,0.0
173,181,173,181,0.0
173,182,173,182,0.0
173,183,173,183,0.0
173,184,173,184,0.0
173,185,173,185,0.0
173,186,173,186,0.0
173,187,173,187,0.0
173,188,173,188,0.0
173,189,173,189,0.0
173,190,173,190,0.0
173,191,173,191,0.0
173,192,173,192,0.0
173,193,173,193,0.0
173,194,173,194,0.0
173,195,173,195,0.0
173,196,173,196,0.0
173,197,173,197,0.0
173,198,173,198,0.0
173,199,173,199,0.0
173,200,173,200,0.0
173,201,173,201,0.0
173,202,173,202,0.0
173,203,173,203,0.0
173,204,173,204,0.0
173,205,173,205,0.0
173,206,173,206,0.0
173,207,173,207,0.0
173,208,173,208,0.0
173,209,173,209,0.0
173,210,173,210,0.0
173,211,173,211,0.0
173,212,173,212,0.0
173,213,173,213,0.0
173,214,173,214,0.0
173,215,173,215,0.0
173,216,173,216,0.0
173,217,173,217,0.0
173,218,173,218,0.0
173,219,173,219,0.0
173,220,173,220,0.0
173,221,173,221,0.0
173,222,173,222,0.0
173,223,173,223,0.0
173,224,173,224,0.0
173,225,173,225,0.0
173,226,173,226,0.0
173,227,173,227,0.0
173,228,173,228,0.0
173,229,173,229,0.0
173,230,173,230,0.0
173,231,173,231,0.0
173,232,173,232,0.0
173,233,173,233,0.0
173,234,173,234,0.0
173,235,173,235,0.0
173,236,173,236,0.0
173,237,173,237,0.0
173,238,173,238,0.0
173,239,173,239,0.0
173,240,173,240,0.0
173,241,173,241,0.0
173,242,173,242,0.0
173,243,173,243,0.0
173,244,173,244,0.0
173,245,173,245,0.0
173,246,173,246,0.0
173,247,173,247,0.0
173,248,173,248,0.0
173,249,173,249,0.0
173,250,173,250,0.0
173,251,173,251,0.0
173,252,173,252,0.0
173,253,173,253,0.0
173,254,173,254,0.0
173,255,173,255,0.0
173,256,173,256,0.0
173,257,173,257,0.0
173,258,173,258,0.0
173,259,173,259,0.0
173,260,173,260,0.0
173,261,173,261,0.0
173,262,173,262,0.0
173,263,173,263,0.0
173,264,173,264,0.0
173,265,173,265,0.0
173,266,173,266,0.0
173,267,173,267,0.0
173,268,173,268,0.0
173,269,173,269,0.0
173,270,173,270,0.0
173,271,173,271,0.0
173,272,173,272,0.0
173,273,173,273,0.0
173,274,173,274,0.0
173,275,173,275,0.0
173,276,173,276,0.0
173,277,173,277,0.0
173,278,173,278,0.0
173,279,173,279,0.0
173,280,173,280,0.0
173,281,173,281,0.0
173,282,173,282,0.0
173,283,173,283,0.0
173,284,173,284,0.0
173,285,173,285,0.0
173,286,173,286,0.0
173,287,173,287,0.0
173,288,173,288,0.0
173,289,173,289,0.0
173,290,173,290,0.0
173,291,173,291,0.0
173,292,173,292,0.0
173,293,173,293,0.0
173,294,173,294,0.0
173,295,173,295,0.0
173,296,173,296,0.0
173,297,173,297,0.0
173,298,173,298,0.0
174,175,174,175,0.0
174,176,174,176,0.0
174,177,174,177,0.0
174,178,174,178,0.0
174,179,174,179,0.0
174,180,174,180,0.0
174,181,174,181,0.0
174,182,174,182,0.0
174,183,174,183,0.0
174,184,174,184,0.0
174,185,174,185,0.0
174,186,174,186,0.0
174,187,174,187,0.0
174,188,174,188,0.0
174,189,174,189,0.0
174,190,174,190,0.0
174,191,174,191,0.0
174,192,174,192,0.0
174,193,174,193,0.0
174,194,174,194,0.0
174,195,174,195,0.0
174,196,174,196,0.0
174,197,174,197,0.0
174,198,174,198,0.0
174,199,174,199,0.0
174,200,174,200,0.0
174,201,174,201,0.0
174,202,174,202,0.0
174,203,174,203,0.0
174,204,174,204,0.0
174,205,174,205,0.0
174,206,174,206,0.0
174,207,174,207,0.0
174,208,174,208,0.0
174,209,174,209,0.0
174,210,174,210,0.0
174,211,174,211,0.0
174,212,174,212,0.0
174,213,174,213,0.0
174,214,174,214,0.0
174,215,174,215,0.0
174,216,174,216,0.0
174,217,174,217,0.0
174,218,174,218,0.0
174,219,174,219,0.0
174,220,174,220,0.0
174,221,174,221,0.0
174,222,174,222,0.0
174,223,174,223,0.0
174,224,174,224,0.0
174,225,174,225,0.0
174,226,174,226,0.0
174,227,174,227,0.0
174,228,174,228,0.0
174,229,174,229,0.0
174,230,174,230,0.0
174,231,174,231,0.0
174,232,174,232,0.0
174,233,174,233,0.0
174,234,174,234,0.0
174,235,174,235,0.0
174,236,174,236,0.0
174,237,174,237,0.0
174,238,174,238,0.0
174,239,174,239,0.0
174,240,174,240,0.0
174,241,174,241,0.0
174,242,174,242,0.0
174,243,174,243,0.0
174,244,174,244,0.0
174,245,174,245,0.0
174,246,174,246,0.0
174,247,174,247,0.0
174,248,174,248,0.0
174,249,174,249,0.0
174,250,174,250,0.0
174,251,174,251,0.0
174,252,174,252,0.0
174,253,174,253,0.0
174,254,174,254,0.0
174,255,174,255,0.0
174,256,174,256,0.0
174,257,174,257,0.0
174,258,174,258,0.0
174,259,174,259,0.0
174,260,174,260,0.0
174,261,174,261,0.0
174,262,174,262,0.0
174,263,174,263,0.0
174,264,174,264,0.0
174,265,174,265,0.0
174,266,174,266,0.0
174,267,174,267,0.0
174,268,174,268,0.0
174,269,174,269,0.0
174,270,174,270,0.0
174,271,174,271,0.0
174,272,174,272,0.0
174,273,174,273,0.0
174,274,174,274,0.0
174,275,174,275,0.0
174,276,174,276,0.0
174,277,174,277,0.0
174,278,174,278,0.0
174,279,174,279,0.0
174,280,174,280,0.0
174,281,174,281,0.0
174,282,174,282,0.0
174,283,174,283,0.0
174,284,174,284,0.0
174,285,174,285,0.0
174,286,174,286,0.0
174,287,174,287,0.0
174,288,174,288,0.0
174,289,174,289,0.0
174,290,174,290,0.0
174,291,174,291,0.0
174,292,174,292,0.0
174,293,174,293,0.0
174,294,174,294,0.0
174,295,174,295,0.0
174,296,174,296,0.0
174,297,174,297,0.0
174,298,174,298,0.0
175,176,175,176,0.0
175,177,175,177,0.0
175,178,175,178,0.0
175,179,175,179,0.0
175,180,175,180,0.0
175,181,175,181,0.0
175,182,175,182,0.0
175,183,175,183,0.0
175,184,175,184,0.0
175,185,175,185,0.0
175,186,175,186,0.0
175,187,175,187,0.0
175,188,175,188,0.0
175,189,175,189,0.0
175,190,175,190,0.0
175,191,175,191,0.0
175,192,175,192,0.0
175,193,175,193,0.0
175,194,175,194,0.0
175,195,175,195,0.0
175,196,175,196,0.0
175,197,175,197,0.0
175,198,175,198,0.0
175,199,175,199,0.0
175,200,175,200,0.0
175,201,175,201,0.0
175,202,175,202,0.0
175,203,175,203,0.0
175,204,175,204,0.0
175,205,175,205,0.0
175,206,175,206,0.0
175,207,175,207,0.0
175,208,175,208,0.0
175,209,175,209,0.0
175,210,175,210,0.0
175,211,175,211,0.0
175,212,175,212,0.0
175,213,175,213,0.0
175,214,175,214,0.0
175,215,175,215,0.0
175,216,175,216,0.0
175,217,175,217,0.0
175,218,175,218,0.0
175,219,175,219,0.0
175,220,175,220,0.0
175,221,175,221,0.0
175,222,175,222,0.0
175,223,175,223,0.0
175,224,175,224,0.0
175,225,175,225,0.0
175,226,175,226,0.0
175,227,175,227,0.0
175,228,175,228,0.0
175,229,175,229,0.0
175,230,175,230,0.0
175,231,175,231,0.0
175,232,175,232,0.0
175,233,175,233,0.0
175,234,175,234,0.0
175,235,175,235,0.0
175,236,175,236,0.0
175,237,175,237,0.0
175,238,175,238,0.0
175,239,175,239,0.0
175,240,175,240,0.0
175,241,175,241,0.0
175,242,175,242,0.0
175,243,175,243,0.0
175,244,175,244,0.0
175,245,175,245,0.0
175,246,175,246,0.0
175,247,175,247,0.0
175,248,175,248,0.0
175,249,175,249,0.0
175,250,175,250,0.0
175,251,175,251,0.0
175,252,175,252,0.0
175,253,175,253,0.0
175,254,175,254,0.0
175,255,175,255,0.0
175,256,175,256,0.0
175,257,175,257,0.0
175,258,175,258,0.0
175,259,175,259,0.0
175,260,175,260,0.0
175,261,175,261,0.0
175,262,175,262,0.0
175,263,175,263,0.0
175,264,175,264,0.0
175,265,175,265,0.0
175,266,175,266,0.0
175,267,175,267,0.0
175,268,175,268,0.0
175,269,175,269,0.0
175,270,175,270,0.0
175,271,175,271,0.0
175,272,175,272,0.0
175,273,175,273,0.0
175,274,175,274,0.0
175,275,175,275,0.0
175,276,175,276,0.0
175,277,175,277,0.0
175,278,175,278,0.0
175,279,175,279,0.0
175,280,175,280,0.0
175,281,175,281,0.0
175,282,175,282,0.0
175,283,175,283,0.0
175,284,175,284,0.0
175,285,175,285,0.0
175,286,175,286,0.0
175,287,175,287,0.0
175,288,175,288,0.0
175,289,175,289,0.0
175,290,175,290,0.0
175,291,175,291,0.0
175,292,175,292,0.0
175,293,175,293,0.0
175,294,175,294,0.0
175,295,175,295,0.0
175,296,175,296,0.0
175,297,175,297,0.0
175,298,175,298,0.0
176,177,176,177,0.0
176,178,176,178,0.0
176,179,176,179,0.0
176,180,176,180,0.0
176,181,176,181,0.0
176,182,176,182,0.0
176,183,176,183,0.0
176,184,176,184,0.0
176,185,176,185,0.0
176,186,176,186,0.0
176,187,176,187,0.0
176,188,176,188,0.0
176,189,176,189,0.0
176,190,176,190,0.0
176,191,176,191,0.0
176,192,176,192,0.0
176,193,176,193,0.0
176,194,176,194,0.0
176,195,176,195,0.0
176,196,176,196,0.0
176,197,176,197,0.0
176,198,176,198,0.0
176,199,176,199,0.0
176,200,176,200,0.0
176,201,176,201,0.0
176,202,176,202,0.0
176,203,176,203,0.0
176,204,176,204,0.0
176,205,176,205,0.0
176,206,176,206,0.0
176,207,176,207,0.0
176,208,176,208,0.0
176,209,176,209,0.0
176,210,176,210,0.0
176,211,176,211,0.0
176,212,176,212,0.0
176,213,176,213,0.0
176,214,176,214,0.0
176,215,176,215,0.0
176,216,176,216,0.0
176,217,176,217,0.0
176,218,176,218,0.0
176,219,176,219,0.0
176,220,176,220,0.0
176,221,176,221,0.0
176,222,176,222,0.0
176,223,176,223,0.0
176,224,176,224,0.0
176,225,176,225,0.0
176,226,176,226,0.0
176,227,176,227,0.0
176,228,176,228,0.0
176,229,176,229,0.0
176,230,176,230,0.0
176,231,176,231,0.0
176,232,176,232,0.0
176,233,176,233,0.0
176,234,176,234,0.0
176,235,176,235,0.0
176,236,176,236,0.0
176,237,176,237,0.0
176,238,176,238,0.0
176,239,176,239,0.0
176,240,176,240,0.0
176,241,176,241,0.0
176,242,176,242,0.0
176,243,176,243,0.0
176,244,176,244,0.0
176,245,176,245,0.0
176,246,176,246,0.0
176,247,176,247,0.0
176,248,176,248,0.0
176,249,176,249,0.0
176,250,176,250,0.0
176,251,176,251,0.0
176,252,176,252,0.0
176,253,176,253,0.0
176,254,176,254,0.0
176,255,176,255,0.0
176,256,176,256,0.0
176,257,176,257,0.0
176,258,176,258,0.0
176,259,176,259,0.0
176,260,176,260,0.0
176,261,176,261,0.0
176,262,176,262,0.0
176,263,176,263,0.0
176,264,176,264,0.0
176,265,176,265,0.0
176,266,176,266,0.0
176,267,176,267,0.0
176,268,176,268,0.0
176,269,176,269,0.0
176,270,176,270,0.0
176,271,176,271,0.0
176,272,176,272,0.0
176,273,176,273,0.0
176,274,176,274,0.0
176,275,176,275,0.0
176,276,176,276,0.0
176,277,176,277,0.0
176,278,176,278,0.0
176,279,176,279,0.0
176,280,176,280,0.0
176,281,176,281,0.0
176,282,176,282,0.0
176,283,176,283,0.0
176,284,176,284,0.0
176,285,176,285,0.0
176,286,176,286,0.0
176,287,176,287,0.0
176,288,176,288,0.0
176,289,176,289,0.0
176,290,176,290,0.0
176,291,176,291,0.0
176,292,176,292,0.0
176,293,176,293,0.0
176,294,176,294,0.0
176,295,176,295,0.0
176,296,176,296,0.0
176,297,176,297,0.0
176,298,176,298,0.0
177,178,177,178,0.0
177,179,177,179,0.0
177,180,177,180,0.0
177,181,177,181,0.0
177,182,177,182,0.0
177,183,177,183,0.0
177,184,177,184,0.0
177,185,177,185,0.0
177,186,177,186,0.0
177,187,177,187,0.0
177,188,177,188,0.0
177,189,177,189,0.0
177,190,177,190,0.0
177,191,177,191,0.0
177,192,177,192,0.0
177,193,177,193,0.0
177,194,177,194,0.0
177,195,177,195,0.0
177,196,177,196,0.0
177,197,177,197,0.0
177,198,177,198,0.0
177,199,177,199,0.0
177,200,177,200,0.0
177,201,177,201,0.0
177,202,177,202,0.0
177,203,177,203,0.0
177,204,177,204,0.0
177,205,177,205,0.0
177,206,177,206,0.0
177,207,177,207,0.0
177,208,177,208,0.0
177,209,177,209,0.0
177,210,177,210,0.0
177,211,177,211,0.0
177,212,177,212,0.0
177,213,177,213,0.0
177,214,177,214,0.0
177,215,177,215,0.0
177,216,177,216,0.0
177,217,177,217,0.0
177,218,177,218,0.0
177,219,177,219,0.0
177,220,177,220,0.0
177,221,177,221,0.0
177,222,177,222,0.0
177,223,177,223,0.0
177,224,177,224,0.0
177,225,177,225,0.0
177,226,177,226,0.0
177,227,177,227,0.0
177,228,177,228,0.0
177,229,177,229,0.0
177,230,177,230,0.0
177,231,177,231,0.0
177,232,177,232,0.0
177,233,177,233,0.0
177,234,177,234,0.0
177,235,177,235,0.0
177,236,177,236,0.0
177,237,177,237,0.0
177,238,177,238,0.0
177,239,177,239,0.0
177,240,177,240,0.0
177,241,177,241,0.0
177,242,177,242,0.0
177,243,177,243,0.0
177,244,177,244,0.0
177,245,177,245,0.0
177,246,177,246,0.0
177,247,177,247,0.0
177,248,177,248,0.0
177,249,177,249,0.0
177,250,177,250,0.0
177,251,177,251,0.0
177,252,177,252,0.0
177,253,177,253,0.0
177,254,177,254,0.0
177,255,177,255,0.0
177,256,177,256,0.0
177,257,177,257,0.0
177,258,177,258,0.0
177,259,177,259,0.0
177,260,177,260,0.0
177,261,177,261,0.0
177,262,177,262,0.0
177,263,177,263,0.0
177,264,177,264,0.0
177,265,177,265,0.0
177,266,177,266,0.0
177,267,177,267,0.0
177,268,177,268,0.0
177,269,177,269,0.0
177,270,177,270,0.0
177,271,177,271,0.0
177,272,177,272,0.0
177,273,177,273,0.0
177,274,177,274,0.0
177,275,177,275,0.0
177,276,177,276,0.0
177,277,177,277,0.0
177,278,177,278,0.0
177,279,177,279,0.0
177,280,177,280,0.0
177,281,177,281,0.0
177,282,177,282,0.0
177,283,177,283,0.0
177,284,177,284,0.0
177,285,177,285,0.0
177,286,177,286,0.0
177,287,177,287,0.0
177,288,177,288,0.0
177,289,177,289,0.0
177,290,177,290,0.0
177,291,177,291,0.0
177,292,177,292,0.0
177,293,177,293,0.0
177,294,177,294,0.0
177,295,177,295,0.0
177,296,177,296,0.0
177,297,177,297,0.0
177,298,177,298,0.0
178,179,178,179,0.0
178,180,178,180,0.0
178,181,178,181,0.0
178,182,178,182,0.0
178,183,178,183,0.0
178,184,178,184,0.0
178,185,178,185,0.0
178,186,178,186,0.0
178,187,178,187,0.0
178,188,178,188,0.0
178,189,178,189,0.0
178,190,178,190,0.0
178,191,178,191,0.0
178,192,178,192,0.0
178,193,178,193,0.0
178,194,178,194,0.0
178,195,178,195,0.0
178,196,178,196,0.0
178,197,178,197,0.0
178,198,178,198,0.0
178,199,178,199,0.0
178,200,178,200,0.0
178,201,178,201,0.0
178,202,178,202,0.0
178,203,178,203,0.0
178,204,178,204,0.0
178,205,178,205,0.0
178,206,178,206,0.0
178,207,178,207,0.0
178,208,178,208,0.0
178,209,178,209,0.0
178,210,178,210,0.0
178,211,178,211,0.0
178,212,178,212,0.0
178,213,178,213,0.0
178,214,178,214,0.0
178,215,178,215,0.0
178,216,178,216,0.0
178,217,178,217,0.0
178,218,178,218,0.0
178,219,178,219,0.0
178,220,178,220,0.0
178,221,178,221,0.0
178,222,178,222,0.0
178,223,178,223,0.0
178,224,178,224,0.0
178,225,178,225,0.0
178,226,178,226,0.0
178,227,178,227,0.0
178,228,178,228,0.0
178,229,178,229,0.0
178,230,178,230,0.0
178,231,178,231,0.0
178,232,178,232,0.0
178,233,178,233,0.0
178,234,178,234,0.0
178,235,178,235,0.0
178,236,178,236,0.0
178,237,178,237,0.0
178,238,178,238,0.0
178,239,178,239,0.0
178,240,178,240,0.0
178,241,178,241,0.0
178,242,178,242,0.0
178,243,178,243,0.0
178,244,178,244,0.0
178,245,178,245,0.0
178,246,178,246,0.0
178,247,178,247,0.0
178,248,178,248,0.0
178,249,178,249,0.0
178,250,178,250,0.0
178,251,178,251,0.0
178,252,178,252,0.0
178,253,178,253,0.0
178,254,178,254,0.0
178,255,178,255,0.0
178,256,178,256,0.0
178,257,178,257,0.0
178,258,178,258,0.0
178,259,178,259,0.0
178,260,178,260,0.0
178,261,178,261,0.0
178,262,178,262,0.0
178,263,178,263,0.0
178,264,178,264,0.0
178,265,178,265,0.0
178,266,178,266,0.0
178,267,178,267,0.0
178,268,178,268,0.0
178,269,178,269,0.0
178,270,178,270,0.0
178,271,178,271,0.0
178,272,178,272,0.0
178,273,178,273,0.0
178,274,178,274,0.0
178,275,178,275,0.0
178,276,178,276,0.0
178,277,178,277,0.0
178,278,178,278,0.0
178,279,178,279,0.0
178,280,178,280,0.0
178,281,178,281,0.0
178,282,178,282,0.0
178,283,178,283,0.0
178,284,178,284,0.0
178,285,178,285,0.0
178,286,178,286,0.0
178,287,178,287,0.0
178,288,178,288,0.0
178,289,178,289,0.0
178,290,178,290,0.0
178,291,178,291,0.0
178,292,178,292,0.0
178,293,178,293,0.0
178,294,178,294,0.0
178,295,178,295,0.0
178,296,178,296,0.0
178,297,178,297,0.0
178,298,178,298,0.0
179,180,179,180,0.0
179,181,179,181,0.0
179,182,179,182,0.0
179,183,179,183,0.0
179,184,179,184,0.0
179,185,179,185,0.0
179,186,179,186,0.0
179,187,179,187,0.0
179,188,179,188,0.0
179,189,179,189,0.0
179,190,179,190,0.0
179,191,179,191,0.0
179,192,179,192,0.0
179,193,179,193,0.0
179,194,179,194,0.0
179,195,179,195,0.0
179,196,179,196,0.0
179,197,179,197,0.0
179,198,179,198,0.0
179,199,179,199,0.0
179,200,179,200,0.0
179,201,179,201,0.0
179,202,179,202,0.0
179,203,179,203,0.0
179,204,179,204,0.0
179,205,179,205,0.0
179,206,179,206,0.0
179,207,179,207,0.0
179,208,179,208,0.0
179,209,179,209,0.0
179,210,179,210,0.0
179,211,179,211,0.0
179,212,179,212,0.0
179,213,179,213,0.0
179,214,179,214,0.0
179,215,179,215,0.0
179,216,179,216,0.0
179,217,179,217,0.0
179,218,179,218,0.0
179,219,179,219,0.0
179,220,179,220,0.0
179,221,179,221,0.0
179,222,179,222,0.0
179,223,179,223,0.0
179,224,179,224,0.0
179,225,179,225,0.0
179,226,179,226,0.0
179,227,179,227,0.0
179,228,179,228,0.0
179,229,179,229,0.0
179,230,179,230,0.0
179,231,179,231,0.0
179,232,179,232,0.0
179,233,179,233,0.0
179,234,179,234,0.0
179,235,179,235,0.0
179,236,179,236,0.0
179,237,179,237,0.0
179,238,179,238,0.0
179,239,179,239,0.0
179,240,179,240,0.0
179,241,179,241,0.0
179,242,179,242,0.0
179,243,179,243,0.0
179,244,179,244,0.0
179,245,179,245,0.0
179,246,179,246,0.0
179,247,179,247,0.0
179,248,179,248,0.0
179,249,179,249,0.0
179,250,179,250,0.0
179,251,179,251,0.0
179,252,179,252,0.0
179,253,179,253,0.0
179,254,179,254,0.0
179,255,179,255,0.0
179,256,179,256,0.0
179,257,179,257,0.0
179,258,179,258,0.0
179,259,179,259,0.0
179,260,179,260,0.0
179,261,179,261,0.0
179,262,179,262,0.0
179,263,179,263,0.0
179,264,179,264,0.0
179,265,179,265,0.0
179,266,179,266,0.0
179,267,179,267,0.0
179,268,179,268,0.0
179,269,179,269,0.0
179,270,179,270,0.0
179,271,179,271,0.0
179,272,179,272,0.0
179,273,179,273,0.0
179,274,179,274,0.0
179,275,179,275,0.0
179,276,179,276,0.0
179,277,179,277,0.0
179,278,179,278,0.0
179,279,179,279,0.0
179,280,179,280,0.0
179,281,179,281,0.0
179,282,179,282,0.0
179,283,179,283,0.0
179,284,179,284,0.0
179,285,179,285,0.0
179,286,179,286,0.0
179,287,179,287,0.0
179,288,179,288,0.0
179,289,179,289,0.0
179,290,179,290,0.0
179,291,179,291,0.0
179,292,179,292,0.0
179,293,179,293,0.0
179,294,179,294,0.0
179,295,179,295,0.0
179,296,179,296,0.0
179,297,179,297,0.0
179,298,179,298,0.0
180,181,180,181,0.0
180,182,180,182,0.0
180,183,180,183,0.0
180,184,180,184,0.0
180,185,180,185,0.0
180,186,180,186,0.0
180,187,180,187,0.0
180,188,180,188,0.0
180,189,180,189,0.0
180,190,180,190,0.0
180,191,180,191,0.0
180,192,180,192,0.0
180,193,180,193,0.0
180,194,180,194,0.0
180,195,180,195,0.0
180,196,180,196,0.0
180,197,180,197,0.0
180,198,180,198,0.0
180,199,180,199,0.0
180,200,180,200,0.0
180,201,180,201,0.0
180,202,180,202,0.0
180,203,180,203,0.0
180,204,180,204,0.0
180,205,180,205,0.0
180,206,180,206,0.0
180,207,180,207,0.0
180,208,180,208,0.0
180,209,180,209,0.0
180,210,180,210,0.0
180,211,180,211,0.0
180,212,180,212,0.0
180,213,180,213,0.0
180,214,180,214,0.0
180,215,180,215,0.0
180,216,180,216,0.0
180,217,180,217,0.0
180,218,180,218,0.0
180,219,180,219,0.0
180,220,180,220,0.0
180,221,180,221,0.0
180,222,180,222,0.0
180,223,180,223,0.0
180,224,180,224,0.0
180,225,180,225,0.0
180,226,180,226,0.0
180,227,180,227,0.0
180,228,180,228,0.0
180,229,180,229,0.0
180,230,180,230,0.0
180,231,180,231,0.0
180,232,180,232,0.0
180,233,180,233,0.0
180,234,180,234,0.0
180,235,180,235,0.0
180,236,180,236,0.0
180,237,180,237,0.0
180,238,180,238,0.0
180,239,180,239,0.0
180,240,180,240,0.0
180,241,180,241,0.0
180,242,180,242,0.0
180,243,180,243,0.0
180,244,180,244,0.0
180,245,180,245,0.0
180,246,180,246,0.0
180,247,180,247,0.0
180,248,180,248,0.0
180,249,180,249,0.0
180,250,180,250,0.0
180,251,180,251,0.0
180,252,180,252,0.0
180,253,180,253,0.0
180,254,180,254,0.0
180,255,180,255,0.0
180,256,180,256,0.0
180,257,180,257,0.0
180,258,180,258,0.0
180,259,180,259,0.0
180,260,180,260,0.0
180,261,180,261,0.0
180,262,180,262,0.0
180,263,180,263,0.0
180,264,180,264,0.0
180,265,180,265,0.0
180,266,180,266,0.0
180,267,180,267,0.0
180,268,180,268,0.0
180,269,180,269,0.0
180,270,180,270,0.0
180,271,180,271,0.0
180,272,180,272,0.0
180,273,180,273,0.0
180,274,180,274,0.0
180,275,180,275,0.0
180,276,180,276,0.0
180,277,180,277,0.0
180,278,180,278,0.0
180,279,180,279,0.0
180,280,180,280,0.0
180,281,180,281,0.0
180,282,180,282,0.0
180,283,180,283,0.0
180,284,180,284,0.0
180,285,180,285,0.0
180,286,180,286,0.0
180,287,180,287,0.0
180,288,180,288,0.0
180,289,180,289,0.0
180,290,180,290,0.0
180,291,180,291,0.0
180,292,180,292,0.0
180,293,180,293,0.0
180,294,180,294,0.0
180,295,180,295,0.0
180,296,180,296,0.0
180,297,180,297,0.0
180,298,180,298,0.0
181,182,181,182,0.0
181,183,181,183,0.0
181,184,181,184,0.0
181,185,181,185,0.0
181,186,181,186,0.0
181,187,181,187,0.0
181,188,181,188,0.0
181,189,181,189,0.0
181,190,181,190,0.0
181,191,181,191,0.0
181,192,181,192,0.0
181,193,181,193,0.0
181,194,181,194,0.0
181,195,181,195,0.0
181,196,181,196,0.0
181,197,181,197,0.0
181,198,181,198,0.0
181,199,181,199,0.0
181,200,181,200,0.0
181,201,181,201,0.0
181,202,181,202,0.0
181,203,181,203,0.0
181,204,181,204,0.0
181,205,181,205,0.0
181,206,181,206,0.0
181,207,181,207,0.0
181,208,181,208,0.0
181,209,181,209,0.0
181,210,181,210,0.0
181,211,181,211,0.0
181,212,181,212,0.0
181,213,181,213,0.0
181,214,181,214,0.0
181,215,181,215,0.0
181,216,181,216,0.0
181,217,181,217,0.0
181,218,181,218,0.0
181,219,181,219,0.0
181,220,181,220,0.0
181,221,181,221,0.0
181,222,181,222,0.0
181,223,181,223,0.0
181,224,181,224,0.0
181,225,181,225,0.0
181,226,181,226,0.0
181,227,181,227,0.0
181,228,181,228,0.0
181,229,181,229,0.0
181,230,181,230,0.0
181,231,181,231,0.0
181,232,181,232,0.0
181,233,181,233,0.0
181,234,181,234,0.0
181,235,181,235,0.0
181,236,181,236,0.0
181,237,181,237,0.0
181,238,181,238,0.0
181,239,181,239,0.0
181,240,181,240,0.0
181,241,181,241,0.0
181,242,181,242,0.0
181,243,181,243,0.0
181,244,181,244,0.0
181,245,181,245,0.0
181,246,181,246,0.0
181,247,181,247,0.0
181,248,181,248,0.0
181,249,181,249,0.0
181,250,181,250,0.0
181,251,181,251,0.0
181,252,181,252,0.0
181,253,181,253,0.0
181,254,181,254,0.0
181,255,181,255,0.0
181,256,181,256,0.0
181,257,181,257,0.0
181,258,181,258,0.0
181,259,181,259,0.0
181,260,181,260,0.0
181,261,181,261,0.0
181,262,181,262,0.0
181,263,181,263,0.0
181,264,181,264,0.0
181,265,181,265,0.0
181,266,181,266,0.0
181,267,181,267,0.0
181,268,181,268,0.0
181,269,181,269,0.0
181,270,181,270,0.0
181,271,181,271,0.0
181,272,181,272,0.0
181,273,181,273,0.0
181,274,181,274,0.0
181,275,181,275,0.0
181,276,181,276,0.0
181,277,181,277,0.0
181,278,181,278,0.0
181,279,181,279,0.0
181,280,181,280,0.0
181,281,181,281,0.0
181,282,181,282,0.0
181,283,181,283,0.0
181,284,181,284,0.0
181,285,181,285,0.0
181,286,181,286,0.0
181,287,181,287,0.0
181,288,181,288,0.0
181,289,181,289,0.0
181,290,181,290,0.0
181,291,181,291,0.0
181,292,181,292,0.0
181,293,181,293,0.0
181,294,181,294,0.0
181,295,181,295,0.0
181,296,181,296,0.0
181,297,181,297,0.0
181,298,181,298,0.0
182,183,182,183,0.0
182,184,182,184,0.0
182,185,182,185,0.0
182,186,182,186,0.0
182,187,182,187,0.0
182,188,182,188,0.0
182,189,182,189,0.0
182,190,182,190,0.0
182,191,182,191,0.0
182,192,182,192,0.0
182,193,182,193,0.0
182,194,182,194,0.0
182,195,182,195,0.0
182,196,182,196,0.0
182,197,182,197,0.0
182,198,182,198,0.0
182,199,182,199,0.0
182,200,182,200,0.0
182,201,182,201,0.0
182,202,182,202,0.0
182,203,182,203,0.0
182,204,182,204,0.0
182,205,182,205,0.0
182,206,182,206,0.0
182,207,182,207,0.0
182,208,182,208,0.0
182,209,182,209,0.0
182,210,182,210,0.0
182,211,182,211,0.0
182,212,182,212,0.0
182,213,182,213,0.0
182,214,182,214,0.0
182,215,182,215,0.0
182,216,182,216,0.0
182,217,182,217,0.0
182,218,182,218,0.0
182,219,182,219,0.0
182,220,182,220,0.0
182,221,182,221,0.0
182,222,182,222,0.0
182,223,182,223,0.0
182,224,182,224,0.0
182,225,182,225,0.0
182,226,182,226,0.0
182,227,182,227,0.0
182,228,182,228,0.0
182,229,182,229,0.0
182,230,182,230,0.0
182,231,182,231,0.0
182,232,182,232,0.0
182,233,182,233,0.0
182,234,182,234,0.0
182,235,182,235,0.0
182,236,182,236,0.0
182,237,182,237,0.0
182,238,182,238,0.0
182,239,182,239,0.0
182,240,182,240,0.0
182,241,182,241,0.0
182,242,182,242,0.0
182,243,182,243,0.0
182,244,182,244,0.0
182,245,182,245,0.0
182,246,182,246,0.0
182,247,182,247,0.0
182,248,182,248,0.0
182,249,182,249,0.0
182,250,182,250,0.0
182,251,182,251,0.0
182,252,182,252,0.0
182,253,182,253,0.0
182,254,182,254,0.0
182,255,182,255,0.0
182,256,182,256,0.0
182,257,182,257,0.0
182,258,182,258,0.0
182,259,182,259,0.0
182,260,182,260,0.0
182,261,182,261,0.0
182,262,182,262,0.0
182,263,182,263,0.0
182,264,182,264,0.0
182,265,182,265,0.0
182,266,182,266,0.0
182,267,182,267,0.0
182,268,182,268,0.0
182,269,182,269,0.0
182,270,182,270,0.0
182,271,182,271,0.0
182,272,182,272,0.0
182,273,182,273,0.0
182,274,182,274,0.0
182,275,182,275,0.0
182,276,182,276,0.0
182,277,182,277,0.0
182,278,182,278,0.0
182,279,182,279,0.0
182,280,182,280,0.0
182,281,182,281,0.0
182,282,182,282,0.0
182,283,182,283,0.0
182,284,182,284,0.0
182,285,182,285,0.0
182,286,182,286,0.0
182,287,182,287,0.0
182,288,182,288,0.0
182,289,182,289,0.0
182,290,182,290,0.0
182,291,182,291,0.0
182,292,182,292,0.0
182,293,182,293,0.0
182,294,182,294,0.0
182,295,182,295,0.0
182,296,182,296,0.0
182,297,182,297,0.0
182,298,182,298,0.0
183,184,183,184,0.0
183,185,183,185,0.0
183,186,183,186,0.0
183,187,183,187,0.0
183,188,183,188,0.0
183,189,183,189,0.0
183,190,183,190,0.0
183,191,183,191,0.0
183,192,183,192,0.0
183,193,183,193,0.0
183,194,183,194,0.0
183,195,183,195,0.0
183,196,183,196,0.0
183,197,183,197,0.0
183,198,183,198,0.0
183,199,183,199,0.0
183,200,183,200,0.0
183,201,183,201,0.0
183,202,183,202,0.0
183,203,183,203,0.0
183,204,183,204,0.0
183,205,183,205,0.0
183,206,183,206,0.0
183,207,183,207,0.0
183,208,183,208,0.0
183,209,183,209,0.0
183,210,183,210,0.0
183,211,183,211,0.0
183,212,183,212,0.0
183,213,183,213,0.0
183,214,183,214,0.0
183,215,183,215,0.0
183,216,183,216,0.0
183,217,183,217,0.0
183,218,183,218,0.0
183,219,183,219,0.0
183,220,183,220,0.0
183,221,183,221,0.0
183,222,183,222,0.0
183,223,183,223,0.0
183,224,183,224,0.0
183,225,183,225,0.0
183,226,183,226,0.0
183,227,183,227,0.0
183,228,183,228,0.0
183,229,183,229,0.0
183,230,183,230,0.0
183,231,183,231,0.0
183,232,183,232,0.0
183,233,183,233,0.0
183,234,183,234,0.0
183,235,183,235,0.0
183,236,183,236,0.0
183,237,183,237,0.0
183,238,183,238,0.0
183,239,183,239,0.0
183,240,183,240,0.0
183,241,183,241,0.0
183,242,183,242,0.0
183,243,183,243,0.0
183,244,183,244,0.0
183,245,183,245,0.0
183,246,183,246,0.0
183,247,183,247,0.0
183,248,183,248,0.0
183,249,183,249,0.0
183,250,183,250,0.0
183,251,183,251,0.0
183,252,183,252,0.0
183,253,183,253,0.0
183,254,183,254,0.0
183,255,183,255,0.0
183,256,183,256,0.0
183,257,183,257,0.0
183,258,183,258,0.0
183,259,183,259,0.0
183,260,183,260,0.0
183,261,183,261,0.0
183,262,183,262,0.0
183,263,183,263,0.0
183,264,183,264,0.0
183,265,183,265,0.0
183,266,183,266,0.0
183,267,183,267,0.0
183,268,183,268,0.0
183,269,183,269,0.0
183,270,183,270,0.0
183,271,183,271,0.0
183,272,183,272,0.0
183,273,183,273,0.0
183,274,183,274,0.0
183,275,183,275,0.0
183,276,183,276,0.0
183,277,183,277,0.0
183,278,183,278,0.0
183,279,183,279,0.0
183,280,183,280,0.0
183,281,183,281,0.0
183,282,183,282,0.0
183,283,183,283,0.0
183,284,183,284,0.0
183,285,183,285,0.0
183,286,183,286,0.0
183,287,183,287,0.0
183,288,183,288,0.0
183,289,183,289,0.0
183,290,183,290,0.0
183,291,183,291,0.0
183,292,183,292,0.0
183,293,183,293,0.0
183,294,183,294,0.0
183,295,183,295,0.0
183,296,183,296,0.0
183,297,183,297,0.0
183,298,183,298,0.0
184,185,184,185,0.0
184,186,184,186,0.0
184,187,184,187,0.0
184,188,184,188,0.0
184,189,184,189,0.0
184,190,184,190,0.0
184,191,184,191,0.0
184,192,184,192,0.0
184,193,184,193,0.0
184,194,184,194,0.0
184,195,184,195,0.0
184,196,184,196,0.0
184,197,184,197,0.0
184,198,184,198,0.0
184,199,184,199,0.0
184,200,184,200,0.0
184,201,184,201,0.0
184,202,184,202,0.0
184,203,184,203,0.0
184,204,184,204,0.0
184,205,184,205,0.0
184,206,184,206,0.0
184,207,184,207,0.0
184,208,184,208,0.0
184,209,184,209,0.0
184,210,184,210,0.0
184,211,184,211,0.0
184,212,184,212,0.0
184,213,184,213,0.0
184,214,184,214,0.0
184,215,184,215,0.0
184,216,184,216,0.0
184,217,184,217,0.0
184,218,184,218,0.0
184,219,184,219,0.0
184,220,184,220,0.0
184,221,184,221,0.0
184,222,184,222,0.0
184,223,184,223,0.0
184,224,184,224,0.0
184,225,184,225,0.0
184,226,184,226,0.0
184,227,184,227,0.0
184,228,184,228,0.0
184,229,184,229,0.0
184,230,184,230,0.0
184,231,184,231,0.0
184,232,184,232,0.0
184,233,184,233,0.0
184,234,184,234,0.0
184,235,184,235,0.0
184,236,184,236,0.0
184,237,184,237,0.0
184,238,184,238,0.0
184,239,184,239,0.0
184,240,184,240,0.0
184,241,184,241,0.0
184,242,184,242,0.0
184,243,184,243,0.0
184,244,184,244,0.0
184,245,184,245,0.0
184,246,184,246,0.0
184,247,184,247,0.0
184,248,184,248,0.0
184,249,184,249,0.0
184,250,184,250,0.0
184,251,184,251,0.0
184,252,184,252,0.0
184,253,184,253,0.0
184,254,184,254,0.0
184,255,184,255,0.0
184,256,184,256,0.0
184,257,184,257,0.0
184,258,184,258,0.0
184,259,184,259,0.0
184,260,184,260,0.0
184,261,184,261,0.0
184,262,184,262,0.0
184,263,184,263,0.0
184,264,184,264,0.0
184,265,184,265,0.0
184,266,184,266,0.0
184,267,184,267,0.0
184,268,184,268,0.0
184,269,184,269,0.0
184,270,184,270,0.0
184,271,184,271,0.0
184,272,184,272,0.0
184,273,184,273,0.0
184,274,184,274,0.0
184,275,184,275,0.0
184,276,184,276,0.0
184,277,184,277,0.0
184,278,184,278,0.0
184,279,184,279,0.0
184,280,184,280,0.0
184,281,184,281,0.0
184,282,184,282,0.0
184,283,184,283,0.0
184,284,184,284,0.0
184,285,184,285,0.0
184,286,184,286,0.0
184,287,184,287,0.0
184,288,184,288,0.0
184,289,184,289,0.0
184,290,184,290,0.0
184,291,184,291,0.0
184,292,184,292,0.0
184,293,184,293,0.0
184,294,184,294,0.0
184,295,184,295,0.0
184,296,184,296,0.0
184,297,184,297,0.0
184,298,184,298,0.0
185,186,185,186,0.0
185,187,185,187,0.0
185,188,185,188,0.0
185,189,185,189,0.0
185,190,185,190,0.0
185,191,185,191,0.0
185,192,185,192,0.0
185,193,185,193,0.0
185,194,185,194,0.0
185,195,185,195,0.0
185,196,185,196,0.0
185,197,185,197,0.0
185,198,185,198,0.0
185,199,185,199,0.0
185,200,185,200,0.0
185,201,185,201,0.0
185,202,185,202,0.0
185,203,185,203,0.0
185,204,185,204,0.0
185,205,185,205,0.0
185,206,185,206,0.0
185,207,185,207,0.0
185,208,185,208,0.0
185,209,185,209,0.0
185,210,185,210,0.0
185,211,185,211,0.0
185,212,185,212,0.0
185,213,185,213,0.0
185,214,185,214,0.0
185,215,185,215,0.0
185,216,185,216,0.0
185,217,185,217,0.0
185,218,185,218,0.0
185,219,185,219,0.0
185,220,185,220,0.0
185,221,185,221,0.0
185,222,185,222,0.0
185,223,185,223,0.0
185,224,185,224,0.0
185,225,185,225,0.0
185,226,185,226,0.0
185,227,185,227,0.0
185,228,185,228,0.0
185,229,185,229,0.0
185,230,185,230,0.0
185,231,185,231,0.0
185,232,185,232,0.0
185,233,185,233,0.0
185,234,185,234,0.0
185,235,185,235,0.0
185,236,185,236,0.0
185,237,185,237,0.0
185,238,185,238,0.0
185,239,185,239,0.0
185,240,185,240,0.0
185,241,185,241,0.0
185,242,185,242,0.0
185,243,185,243,0.0
185,244,185,244,0.0
185,245,185,245,0.0
185,246,185,246,0.0
185,247,185,247,0.0
185,248,185,248,0.0
185,249,185,249,0.0
185,250,185,250,0.0
185,251,185,251,0.0
185,252,185,252,0.0
185,253,185,253,0.0
185,254,185,254,0.0
185,255,185,255,0.0
185,256,185,256,0.0
185,257,185,257,0.0
185,258,185,258,0.0
185,259,185,259,0.0
185,260,185,260,0.0
185,261,185,261,0.0
185,262,185,262,0.0
185,263,185,263,0.0
185,264,185,264,0.0
185,265,185,265,0.0
185,266,185,266,0.0
185,267,185,267,0.0
185,268,185,268,0.0
185,269,185,269,0.0
185,270,185,270,0.0
185,271,185,271,0.0
185,272,185,272,0.0
185,273,185,273,0.0
185,274,185,274,0.0
185,275,185,275,0.0
185,276,185,276,0.0
185,277,185,277,0.0
185,278,185,278,0.0
185,279,185,279,0.0
185,280,185,280,0.0
185,281,185,281,0.0
185,282,185,282,0.0
185,283,185,283,0.0
185,284,185,284,0.0
185,285,185,285,0.0
185,286,185,286,0.0
185,287,185,287,0.0
185,288,185,288,0.0
185,289,185,289,0.0
185,290,185,290,0.0
185,291,185,291,0.0
185,292,185,292,0.0
185,293,185,293,0.0
185,294,185,294,0.0
185,295,185,295,0.0
185,296,185,296,0.0
185,297,185,297,0.0
185,298,185,298,0.0
186,187,186,187,0.0
186,188,186,188,0.0
186,189,186,189,0.0
186,190,186,190,0.0
186,191,186,191,0.0
186,192,186,192,0.0
186,193,186,193,0.0
186,194,186,194,0.0
186,195,186,195,0.0
186,196,186,196,0.0
186,197,186,197,0.0
186,198,186,198,0.0
186,199,186,199,0.0
186,200,186,200,0.0
186,201,186,201,0.0
186,202,186,202,0.0
186,203,186,203,0.0
186,204,186,204,0.0
186,205,186,205,0.0
186,206,186,206,0.0
186,207,186,207,0.0
186,208,186,208,0.0
186,209,186,209,0.0
186,210,186,210,0.0
186,211,186,211,0.0
186,212,186,212,0.0
186,213,186,213,0.0
186,214,186,214,0.0
186,215,186,215,0.0
186,216,186,216,0.0
186,217,186,217,0.0
186,218,186,218,0.0
186,219,186,219,0.0
186,220,186,220,0.0
186,221,186,221,0.0
186,222,186,222,0.0
186,223,186,223,0.0
186,224,186,224,0.0
186,225,186,225,0.0
186,226,186,226,0.0
186,227,186,227,0.0
186,228,186,228,0.0
186,229,186,229,0.0
186,230,186,230,0.0
186,231,186,231,0.0
186,232,186,232,0.0
186,233,186,233,0.0
186,234,186,234,0.0
186,235,186,235,0.0
186,236,186,236,0.0
186,237,186,237,0.0
186,238,186,238,0.0
186,239,186,239,0.0
186,240,186,240,0.0
186,241,186,241,0.0
186,242,186,242,0.0
186,243,186,243,0.0
186,244,186,244,0.0
186,245,186,245,0.0
186,246,186,246,0.0
186,247,186,247,0.0
186,248,186,248,0.0
186,249,186,249,0.0
186,250,186,250,0.0
186,251,186,251,0.0
186,252,186,252,0.0
186,253,186,253,0.0
186,254,186,254,0.0
186,255,186,255,0.0
186,256,186,256,0.0
186,257,186,257,0.0
186,258,186,258,0.0
186,259,186,259,0.0
186,260,186,260,0.0
186,261,186,261,0.0
186,262,186,262,0.0
186,263,186,263,0.0
186,264,186,264,0.0
186,265,186,265,0.0
186,266,186,266,0.0
186,267,186,267,0.0
186,268,186,268,0.0
186,269,186,269,0.0
186,270,186,270,0.0
186,271,186,271,0.0
186,272,186,272,0.0
186,273,186,273,0.0
186,274,186,274,0.0
186,275,186,275,0.0
186,276,186,276,0.0
186,277,186,277,0.0
186,278,186,278,0.0
186,279,186,279,0.0
186,280,186,280,0.0
186,281,186,281,0.0
186,282,186,282,0.0
186,283,186,283,0.0
186,284,186,284,0.0
186,285,186,285,0.0
186,286,186,286,0.0
186,287,186,287,0.0
186,288,186,288,0.0
186,289,186,289,0.0
186,290,186,290,0.0
186,291,186,291,0.0
186,292,186,292,0.0
186,293,186,293,0.0
186,294,186,294,0.0
186,295,186,295,0.0
186,296,186,296,0.0
186,297,186,297,0.0
186,298,186,298,0.0
187,188,187,188,0.0
187,189,187,189,0.0
187,190,187,190,0.0
187,191,187,191,0.0
187,192,187,192,0.0
187,193,187,193,0.0
187,194,187,194,0.0
187,195,187,195,0.0
187,196,187,196,0.0
187,197,187,197,0.0
187,198,187,198,0.0
187,199,187,199,0.0
187,200,187,200,0.0
187,201,187,201,0.0
187,202,187,202,0.0
187,203,187,203,0.0
187,204,187,204,0.0
187,205,187,205,0.0
187,206,187,206,0.0
187,207,187,207,0.0
187,208,187,208,0.0
187,209,187,209,0.0
187,210,187,210,0.0
187,211,187,211,0.0
187,212,187,212,0.0
187,213,187,213,0.0
187,214,187,214,0.0
187,215,187,215,0.0
187,216,187,216,0.0
187,217,187,217,0.0
187,218,187,218,0.0
187,219,187,219,0.0
187,220,187,220,0.0
187,221,187,221,0.0
187,222,187,222,0.0
187,223,187,223,0.0
187,224,187,224,0.0
187,225,187,225,0.0
187,226,187,226,0.0
187,227,187,227,0.0
187,228,187,228,0.0
187,229,187,229,0.0
187,230,187,230,0.0
187,231,187,231,0.0
187,232,187,232,0.0
187,233,187,233,0.0
187,234,187,234,0.0
187,235,187,235,0.0
187,236,187,236,0.0
187,237,187,237,0.0
187,238,187,238,0.0
187,239,187,239,0.0
187,240,187,240,0.0
187,241,187,241,0.0
187,242,187,242,0.0
187,243,187,243,0.0
187,244,187,244,0.0
187,245,187,245,0.0
187,246,187,246,0.0
187,247,187,247,0.0
187,248,187,248,0.0
187,249,187,249,0.0
187,250,187,250,0.0
187,251,187,251,0.0
187,252,187,252,0.0
187,253,187,253,0.0
187,254,187,254,0.0
187,255,187,255,0.0
187,256,187,256,0.0
187,257,187,257,0.0
187,258,187,258,0.0
187,259,187,259,0.0
187,260,187,260,0.0
187,261,187,261,0.0
187,262,187,262,0.0
187,263,187,263,0.0
187,264,187,264,0.0
187,265,187,265,0.0
187,266,187,266,0.0
187,267,187,267,0.0
187,268,187,268,0.0
187,269,187,269,0.0
187,270,187,270,0.0
187,271,187,271,0.0
187,272,187,272,0.0
187,273,187,273,0.0
187,274,187,274,0.0
187,275,187,275,0.0
187,276,187,276,0.0
187,277,187,277,0.0
187,278,187,278,0.0
187,279,187,279,0.0
187,280,187,280,0.0
187,281,187,281,0.0
187,282,187,282,0.0
187,283,187,283,0.0
187,284,187,284,0.0
187,285,187,285,0.0
187,286,187,286,0.0
187,287,187,287,0.0
187,288,187,288,0.0
187,289,187,289,0.0
187,290,187,290,0.0
187,291,187,291,0.0
187,292,187,292,0.0
187,293,187,293,0.0
187,294,187,294,0.0
187,295,187,295,0.0
187,296,187,296,0.0
187,297,187,297,0.0
187,298,187,298,0.0
188,189,188,189,0.0
188,190,188,190,0.0
188,191,188,191,0.0
188,192,188,192,0.0
188,193,188,193,0.0
188,194,188,194,0.0
188,195,188,195,0.0
188,196,188,196,0.0
188,197,188,197,0.0
188,198,188,198,0.0
188,199,188,199,0.0
188,200,188,200,0.0
188,201,188,201,0.0
188,202,188,202,0.0
188,203,188,203,0.0
188,204,188,204,0.0
188,205,188,205,0.0
188,206,188,206,0.0
188,207,188,207,0.0
188,208,188,208,0.0
188,209,188,209,0.0
188,210,188,210,0.0
188,211,188,211,0.0
188,212,188,212,0.0
188,213,188,213,0.0
188,214,188,214,0.0
188,215,188,215,0.0
188,216,188,216,0.0
188,217,188,217,0.0
188,218,188,218,0.0
188,219,188,219,0.0
188,220,188,220,0.0
188,221,188,221,0.0
188,222,188,222,0.0
188,223,188,223,0.0
188,224,188,224,0.0
188,225,188,225,0.0
188,226,188,226,0.0
188,227,188,227,0.0
188,228,188,228,0.0
188,229,188,229,0.0
188,230,188,230,0.0
188,231,188,231,0.0
188,232,188,232,0.0
188,233,188,233,0.0
188,234,188,234,0.0
188,235,188,235,0.0
188,236,188,236,0.0
188,237,188,237,0.0
188,238,188,238,0.0
188,239,188,239,0.0
188,240,188,240,0.0
188,241,188,241,0.0
188,242,188,242,0.0
188,243,188,243,0.0
188,244,188,244,0.0
188,245,188,245,0.0
188,246,188,246,0.0
188,247,188,247,0.0
188,248,188,248,0.0
188,249,188,249,0.0
188,250,188,250,0.0
188,251,188,251,0.0
188,252,188,252,0.0
188,253,188,253,0.0
188,254,188,254,0.0
188,255,188,255,0.0
188,256,188,256,0.0
188,257,188,257,0.0
188,258,188,258,0.0
188,259,188,259,0.0
188,260,188,260,0.0
188,261,188,261,0.0
188,262,188,262,0.0
188,263,188,263,0.0
188,264,188,264,0.0
188,265,188,265,0.0
188,266,188,266,0.0
188,267,188,267,0.0
188,268,188,268,0.0
188,269,188,269,0.0
188,270,188,270,0.0
188,271,188,271,0.0
188,272,188,272,0.0
188,273,188,273,0.0
188,274,188,274,0.0
188,275,188,275,0.0
188,276,188,276,0.0
188,277,188,277,0.0
188,278,188,278,0.0
188,279,188,279,0.0
188,280,188,280,0.0
188,281,188,281,0.0
188,282,188,282,0.0
188,283,188,283,0.0
188,284,188,284,0.0
188,285,188,285,0.0
188,286,188,286,0.0
188,287,188,287,0.0
188,288,188,288,0.0
188,289,188,289,0.0
188,290,188,290,0.0
188,291,188,291,0.0
188,292,188,292,0.0
188,293,188,293,0.0
188,294,188,294,0.0
188,295,188,295,0.0
188,296,188,296,0.0
188,297,188,297,0.0
188,298,188,298,0.0
189,190,189,190,0.0
189,191,189,191,0.0
189,192,189,192,0.0
189,193,189,193,0.0
189,194,189,194,0.0
189,195,189,195,0.0
189,196,189,196,0.0
189,197,189,197,0.0
189,198,189,198,0.0
189,199,189,199,0.0
189,200,189,200,0.0
189,201,189,201,0.0
189,202,189,202,0.0
189,203,189,203,0.0
189,204,189,204,0.0
189,205,189,205,0.0
189,206,189,206,0.0
189,207,189,207,0.0
189,208,189,208,0.0
189,209,189,209,0.0
189,210,189,210,0.0
189,211,189,211,0.0
189,212,189,212,0.0
189,213,189,213,0.0
189,214,189,214,0.0
189,215,189,215,0.0
189,216,189,216,0.0
189,217,189,217,0.0
189,218,189,218,0.0
189,219,189,219,0.0
189,220,189,220,0.0
189,221,189,221,0.0
189,222,189,222,0.0
189,223,189,223,0.0
189,224,189,224,0.0
189,225,189,225,0.0
189,226,189,226,0.0
189,227,189,227,0.0
189,228,189,228,0.0
189,229,189,229,0.0
189,230,189,230,0.0
189,231,189,231,0.0
189,232,189,232,0.0
189,233,189,233,0.0
189,234,189,234,0.0
189,235,189,235,0.0
189,236,189,236,0.0
189,237,189,237,0.0
189,238,189,238,0.0
189,239,189,239,0.0
189,240,189,240,0.0
189,241,189,241,0.0
189,242,189,242,0.0
189,243,189,243,0.0
189,244,189,244,0.0
189,245,189,245,0.0
189,246,189,246,0.0
189,247,189,247,0.0
189,248,189,248,0.0
189,249,189,249,0.0
189,250,189,250,0.0
189,251,189,251,0.0
189,252,189,252,0.0
189,253,189,253,0.0
189,254,189,254,0.0
189,255,189,255,0.0
189,256,189,256,0.0
189,257,189,257,0.0
189,258,189,258,0.0
189,259,189,259,0.0
189,260,189,260,0.0
189,261,189,261,0.0
189,262,189,262,0.0
189,263,189,263,0.0
189,264,189,264,0.0
189,265,189,265,0.0
189,266,189,266,0.0
189,267,189,267,0.0
189,268,189,268,0.0
189,269,189,269,0.0
189,270,189,270,0.0
189,271,189,271,0.0
189,272,189,272,0.0
189,273,189,273,0.0
189,274,189,274,0.0
189,275,189,275,0.0
189,276,189,276,0.0
189,277,189,277,0.0
189,278,189,278,0.0
189,279,189,279,0.0
189,280,189,280,0.0
189,281,189,281,0.0
189,282,189,282,0.0
189,283,189,283,0.0
189,284,189,284,0.0
189,285,189,285,0.0
189,286,189,286,0.0
189,287,189,287,0.0
189,288,189,288,0.0
189,289,189,289,0.0
189,290,189,290,0.0
189,291,189,291,0.0
189,292,189,292,0.0
189,293,189,293,0.0
189,294,189,294,0.0
189,295,189,295,0.0
189,296,189,296,0.0
189,297,189,297,0.0
189,298,189,298,0.0
190,191,190,191,0.0
190,192,190,192,0.0
190,193,190,193,0.0
190,194,190,194,0.0
190,195,190,195,0.0
190,196,190,196,0.0
190,197,190,197,0.0
190,198,190,198,0.0
190,199,190,199,0.0
190,200,190,200,0.0
190,201,190,201,0.0
190,202,190,202,0.0
190,203,190,203,0.0
190,204,190,204,0.0
190,205,190,205,0.0
190,206,190,206,0.0
190,207,190,207,0.0
190,208,190,208,0.0
190,209,190,209,0.0
190,210,190,210,0.0
190,211,190,211,0.0
190,212,190,212,0.0
190,213,190,213,0.0
190,214,190,214,0.0
190,215,190,215,0.0
190,216,190,216,0.0
190,217,190,217,0.0
190,218,190,218,0.0
190,219,190,219,0.0
190,220,190,220,0.0
190,221,190,221,0.0
190,222,190,222,0.0
190,223,190,223,0.0
190,224,190,224,0.0
190,225,190,225,0.0
190,226,190,226,0.0
190,227,190,227,0.0
190,228,190,228,0.0
190,229,190,229,0.0
190,230,190,230,0.0
190,231,190,231,0.0
190,232,190,232,0.0
190,233,190,233,0.0
190,234,190,234,0.0
190,235,190,235,0.0
190,236,190,236,0.0
190,237,190,237,0.0
190,238,190,238,0.0
190,239,190,239,0.0
190,240,190,240,0.0
190,241,190,241,0.0
190,242,190,242,0.0
190,243,190,243,0.0
190,244,190,244,0.0
190,245,190,245,0.0
190,246,190,246,0.0
190,247,190,247,0.0
190,248,190,248,0.0
190,249,190,249,0.0
190,250,190,250,0.0
190,251,190,251,0.0
190,252,190,252,0.0
190,253,190,253,0.0
190,254,190,254,0.0
190,255,190,255,0.0
190,256,190,256,0.0
190,257,190,257,0.0
190,258,190,258,0.0
190,259,190,259,0.0
190,260,190,260,0.0
190,261,190,261,0.0
190,262,190,262,0.0
190,263,190,263,0.0
190,264,190,264,0.0
190,265,190,265,0.0
190,266,190,266,0.0
190,267,190,267,0.0
190,268,190,268,0.0
190,269,190,269,0.0
190,270,190,270,0.0
190,271,190,271,0.0
190,272,190,272,0.0
190,273,190,273,0.0
190,274,190,274,0.0
190,275,190,275,0.0
190,276,190,276,0.0
190,277,190,277,0.0
190,278,190,278,0.0
190,279,190,279,0.0
190,280,190,280,0.0
190,281,190,281,0.0
190,282,190,282,0.0
190,283,190,283,0.0
190,284,190,284,0.0
190,285,190,285,0.0
190,286,190,286,0.0
190,287,190,287,0.0
190,288,190,288,0.0
190,289,190,289,0.0
190,290,190,290,0.0
190,291,190,291,0.0
190,292,190,292,0.0
190,293,190,293,0.0
190,294,190,294,0.0
190,295,190,295,0.0
190,296,190,296,0.0
190,297,190,297,0.0
190,298,190,298,0.0
191,192,191,192,0.0
191,193,191,193,0.0
191,194,191,194,0.0
191,195,191,195,0.0
191,196,191,196,0.0
191,197,191,197,0.0
191,198,191,198,0.0
191,199,191,199,0.0
191,200,191,200,0.0
191,201,191,201,0.0
191,202,191,202,0.0
191,203,191,203,0.0
191,204,191,204,0.0
191,205,191,205,0.0
191,206,191,206,0.0
191,207,191,207,0.0
191,208,191,208,0.0
191,209,191,209,0.0
191,210,191,210,0.0
191,211,191,211,0.0
191,212,191,212,0.0
191,213,191,213,0.0
191,214,191,214,0.0
191,215,191,215,0.0
191,216,191,216,0.0
191,217,191,217,0.0
191,218,191,218,0.0
191,219,191,219,0.0
191,220,191,220,0.0
191,221,191,221,0.0
191,222,191,222,0.0
191,223,191,223,0.0
191,224,191,224,0.0
191,225,191,225,0.0
191,226,191,226,0.0
191,227,191,227,0.0
191,228,191,228,0.0
191,229,191,229,0.0
191,230,191,230,0.0
191,231,191,231,0.0
191,232,191,232,0.0
191,233,191,233,0.0
191,234,191,234,0.0
191,235,191,235,0.0
191,236,191,236,0.0
191,237,191,237,0.0
191,238,191,238,0.0
191,239,191,239,0.0
191,240,191,240,0.0
191,241,191,241,0.0
191,242,191,242,0.0
191,243,191,243,0.0
191,244,191,244,0.0
191,245,191,245,0.0
191,246,191,246,0.0
191,247,191,247,0.0
191,248,191,248,0.0
191,249,191,249,0.0
191,250,191,250,0.0
191,251,191,251,0.0
191,252,191,252,0.0
191,253,191,253,0.0
191,254,191,254,0.0
191,255,191,255,0.0
191,256,191,256,0.0
191,257,191,257,0.0
191,258,191,258,0.0
191,259,191,259,0.0
191,260,191,260,0.0
191,261,191,261,0.0
191,262,191,262,0.0
191,263,191,263,0.0
191,264,191,264,0.0
191,265,191,265,0.0
191,266,191,266,0.0
191,267,191,267,0.0
191,268,191,268,0.0
191,269,191,269,0.0
191,270,191,270,0.0
191,271,191,271,0.0
191,272,191,272,0.0
191,273,191,273,0.0
191,274,191,274,0.0
191,275,191,275,0.0
191,276,191,276,0.0
191,277,191,277,0.0
191,278,191,278,0.0
191,279,191,279,0.0
191,280,191,280,0.0
191,281,191,281,0.0
191,282,191,282,0.0
191,283,191,283,0.0
191,284,191,284,0.0
191,285,191,285,0.0
191,286,191,286,0.0
191,287,191,287,0.0
191,288,191,288,0.0
191,289,191,289,0.0
191,290,191,290,0.0
191,291,191,291,0.0
191,292,191,292,0.0
191,293,191,293,0.0
191,294,191,294,0.0
191,295,191,295,0.0
191,296,191,296,0.0
191,297,191,297,0.0
191,298,191,298,0.0
192,193,192,193,0.0
192,194,192,194,0.0
192,195,192,195,0.0
192,196,192,196,0.0
192,197,192,197,0.0
192,198,192,198,0.0
192,199,192,199,0.0
192,200,192,200,0.0
192,201,192,201,0.0
192,202,192,202,0.0
192,203,192,203,0.0
192,204,192,204,0.0
192,205,192,205,0.0
192,206,192,206,0.0
192,207,192,207,0.0
192,208,192,208,0.0
192,209,192,209,0.0
192,210,192,210,0.0
192,211,192,211,0.0
192,212,192,212,0.0
192,213,192,213,0.0
192,214,192,214,0.0
192,215,192,215,0.0
192,216,192,216,0.0
192,217,192,217,0.0
192,218,192,218,0.0
192,219,192,219,0.0
192,220,192,220,0.0
192,221,192,221,0.0
192,222,192,222,0.0
192,223,192,223,0.0
192,224,192,224,0.0
192,225,192,225,0.0
192,226,192,226,0.0
192,227,192,227,0.0
192,228,192,228,0.0
192,229,192,229,0.0
192,230,192,230,0.0
192,231,192,231,0.0
192,232,192,232,0.0
192,233,192,233,0.0
192,234,192,234,0.0
192,235,192,235,0.0
192,236,192,236,0.0
192,237,192,237,0.0
192,238,192,238,0.0
192,239,192,239,0.0
192,240,192,240,0.0
192,241,192,241,0.0
192,242,192,242,0.0
192,243,192,243,0.0
192,244,192,244,0.0
192,245,192,245,0.0
192,246,192,246,0.0
192,247,192,247,0.0
192,248,192,248,0.0
192,249,192,249,0.0
192,250,192,250,0.0
192,251,192,251,0.0
192,252,192,252,0.0
192,253,192,253,0.0
192,254,192,254,0.0
192,255,192,255,0.0
192,256,192,256,0.0
192,257,192,257,0.0
192,258,192,258,0.0
192,259,192,259,0.0
192,260,192,260,0.0
192,261,192,261,0.0
192,262,192,262,0.0
192,263,192,263,0.0
192,264,192,264,0.0
192,265,192,265,0.0
192,266,192,266,0.0
192,267,192,267,0.0
192,268,192,268,0.0
192,269,192,269,0.0
192,270,192,270,0.0
192,271,192,271,0.0
192,272,192,272,0.0
192,273,192,273,0.0
192,274,192,274,0.0
192,275,192,275,0.0
192,276,192,276,0.0
192,277,192,277,0.0
192,278,192,278,0.0
192,279,192,279,0.0
192,280,192,280,0.0
192,281,192,281,0.0
192,282,192,282,0.0
192,283,192,283,0.0
192,284,192,284,0.0
192,285,192,285,0.0
192,286,192,286,0.0
192,287,192,287,0.0
192,288,192,288,0.0
192,289,192,289,0.0
192,290,192,290,0.0
192,291,192,291,0.0
192,292,192,292,0.0
192,293,192,293,0.0
192,294,192,294,0.0
192,295,192,295,0.0
192,296,192,296,0.0
192,297,192,297,0.0
192,298,192,298,0.0
193,194,193,194,0.0
193,195,193,195,0.0
193,196,193,196,0.0
193,197,193,197,0.0
193,198,193,198,0.0
193,199,193,199,0.0
193,200,193,200,0.0
193,201,193,201,0.0
193,202,193,202,0.0
193,203,193,203,0.0
193,204,193,204,0.0
193,205,193,205,0.0
193,206,193,206,0.0
193,207,193,207,0.0
193,208,193,208,0.0
193,209,193,209,0.0
193,210,193,210,0.0
193,211,193,211,0.0
193,212,193,212,0.0
193,213,193,213,0.0
193,214,193,214,0.0
193,215,193,215,0.0
193,216,193,216,0.0
193,217,193,217,0.0
193,218,193,218,0.0
193,219,193,219,0.0
193,220,193,220,0.0
193,221,193,221,0.0
193,222,193,222,0.0
193,223,193,223,0.0
193,224,193,224,0.0
193,225,193,225,0.0
193,226,193,226,0.0
193,227,193,227,0.0
193,228,193,228,0.0
193,229,193,229,0.0
193,230,193,230,0.0
193,231,193,231,0.0
193,232,193,232,0.0
193,233,193,233,0.0
193,234,193,234,0.0
193,235,193,235,0.0
193,236,193,236,0.0
193,237,193,237,0.0
193,238,193,238,0.0
193,239,193,239,0.0
193,240,193,240,0.0
193,241,193,241,0.0
193,242,193,242,0.0
193,243,193,243,0.0
193,244,193,244,0.0
193,245,193,245,0.0
193,246,193,246,0.0
193,247,193,247,0.0
193,248,193,248,0.0
193,249,193,249,0.0
193,250,193,250,0.0
193,251,193,251,0.0
193,252,193,252,0.0
193,253,193,253,0.0
193,254,193,254,0.0
193,255,193,255,0.0
193,256,193,256,0.0
193,257,193,257,0.0
193,258,193,258,0.0
193,259,193,259,0.0
193,260,193,260,0.0
193,261,193,261,0.0
193,262,193,262,0.0
193,263,193,263,0.0
193,264,193,264,0.0
193,265,193,265,0.0
193,266,193,266,0.0
193,267,193,267,0.0
193,268,193,268,0.0
193,269,193,269,0.0
193,270,193,270,0.0
193,271,193,271,0.0
193,272,193,272,0.0
193,273,193,273,0.0
193,274,193,274,0.0
193,275,193,275,0.0
193,276,193,276,0.0
193,277,193,277,0.0
193,278,193,278,0.0
193,279,193,279,0.0
193,280,193,280,0.0
193,281,193,281,0.0
193,282,193,282,0.0
193,283,193,283,0.0
193,284,193,284,0.0
193,285,193,285,0.0
193,286,193,286,0.0
193,287,193,287,0.0
193,288,193,288,0.0
193,289,193,289,0.0
193,290,193,290,0.0
193,291,193,291,0.0
193,292,193,292,0.0
193,293,193,293,0.0
193,294,193,294,0.0
193,295,193,295,0.0
193,296,193,296,0.0
193,297,193,297,0.0
193,298,193,298,0.0
194,195,194,195,0.0
194,196,194,196,0.0
194,197,194,197,0.0
194,198,194,198,0.0
194,199,194,199,0.0
194,200,194,200,0.0
194,201,194,201,0.0
194,202,194,202,0.0
194,203,194,203,0.0
194,204,194,204,0.0
194,205,194,205,0.0
194,206,194,206,0.0
194,207,194,207,0.0
194,208,194,208,0.0
194,209,194,209,0.0
194,210,194,210,0.0
194,211,194,211,0.0
194,212,194,212,0.0
194,213,194,213,0.0
194,214,194,214,0.0
194,215,194,215,0.0
194,216,194,216,0.0
194,217,194,217,0.0
194,218,194,218,0.0
194,219,194,219,0.0
194,220,194,220,0.0
194,221,194,221,0.0
194,222,194,222,0.0
194,223,194,223,0.0
194,224,194,224,0.0
194,225,194,225,0.0
194,226,194,226,0.0
194,227,194,227,0.0
194,228,194,228,0.0
194,229,194,229,0.0
194,230,194,230,0.0
194,231,194,231,0.0
194,232,194,232,0.0
194,233,194,233,0.0
194,234,194,234,0.0
194,235,194,235,0.0
194,236,194,236,0.0
194,237,194,237,0.0
194,238,194,238,0.0
194,239,194,239,0.0
194,240,194,240,0.0
194,241,194,241,0.0
194,242,194,242,0.0
194,243,194,243,0.0
194,244,194,244,0.0
194,245,194,245,0.0
194,246,194,246,0.0
194,247,194,247,0.0
194,248,194,248,0.0
194,249,194,249,0.0
194,250,194,250,0.0
194,251,194,251,0.0
194,252,194,252,0.0
194,253,194,253,0.0
194,254,194,254,0.0
194,255,194,255,0.0
194,256,194,256,0.0
194,257,194,257,0.0
194,258,194,258,0.0
194,259,194,259,0.0
194,260,194,260,0.0
194,261,194,261,0.0
194,262,194,262,0.0
194,263,194,263,0.0
194,264,194,264,0.0
194,265,194,265,0.0
194,266,194,266,0.0
194,267,194,267,0.0
194,268,194,268,0.0
194,269,194,269,0.0
194,270,194,270,0.0
194,271,194,271,0.0
194,272,194,272,0.0
194,273,194,273,0.0
194,274,194,274,0.0
194,275,194,275,0.0
194,276,194,276,0.0
194,277,194,277,0.0
194,278,194,278,0.0
194,279,194,279,0.0
194,280,194,280,0.0
194,281,194,281,0.0
194,282,194,282,0.0
194,283,194,283,0.0
194,284,194,284,0.0
194,285,194,285,0.0
194,286,194,286,0.0
194,287,194,287,0.0
194,288,194,288,0.0
194,289,194,289,0.0
194,290,194,290,0.0
194,291,194,291,0.0
194,292,194,292,0.0
194,293,194,293,0.0
194,294,194,294,0.0
194,295,194,295,0.0
194,296,194,296,0.0
194,297,194,297,0.0
194,298,194,298,0.0
195,196,195,196,0.0
195,197,195,197,0.0
195,198,195,198,0.0
195,199,195,199,0.0
195,200,195,200,0.0
195,201,195,201,0.0
195,202,195,202,0.0
195,203,195,203,0.0
195,204,195,204,0.0
195,205,195,205,0.0
195,206,195,206,0.0
195,207,195,207,0.0
195,208,195,208,0.0
195,209,195,209,0.0
195,210,195,210,0.0
195,211,195,211,0.0
195,212,195,212,0.0
195,213,195,213,0.0
195,214,195,214,0.0
195,215,195,215,0.0
195,216,195,216,0.0
195,217,195,217,0.0
195,218,195,218,0.0
195,219,195,219,0.0
195,220,195,220,0.0
195,221,195,221,0.0
195,222,195,222,0.0
195,223,195,223,0.0
195,224,195,224,0.0
195,225,195,225,0.0
195,226,195,226,0.0
195,227,195,227,0.0
195,228,195,228,0.0
195,229,195,229,0.0
195,230,195,230,0.0
195,231,195,231,0.0
195,232,195,232,0.0
195,233,195,233,0.0
195,234,195,234,0.0
195,235,195,235,0.0
195,236,195,236,0.0
195,237,195,237,0.0
195,238,195,238,0.0
195,239,195,239,0.0
195,240,195,240,0.0
195,241,195,241,0.0
195,242,195,242,0.0
195,243,195,243,0.0
195,244,195,244,0.0
195,245,195,245,0.0
195,246,195,246,0.0
195,247,195,247,0.0
195,248,195,248,0.0
195,249,195,249,0.0
195,250,195,250,0.0
195,251,195,251,0.0
195,252,195,252,0.0
195,253,195,253,0.0
195,254,195,254,0.0
195,255,195,255,0.0
195,256,195,256,0.0
195,257,195,257,0.0
195,258,195,258,0.0
195,259,195,259,0.0
195,260,195,260,0.0
195,261,195,261,0.0
195,262,195,262,0.0
195,263,195,263,0.0
195,264,195,264,0.0
195,265,195,265,0.0
195,266,195,266,0.0
195,267,195,267,0.0
195,268,195,268,0.0
195,269,195,269,0.0
195,270,195,270,0.0
195,271,195,271,0.0
195,272,195,272,0.0
195,273,195,273,0.0
195,274,195,274,0.0
195,275,195,275,0.0
195,276,195,276,0.0
195,277,195,277,0.0
195,278,195,278,0.0
195,279,195,279,0.0
195,280,195,280,0.0
195,281,195,281,0.0
195,282,195,282,0.0
195,283,195,283,0.0
195,284,195,284,0.0
195,285,195,285,0.0
195,286,195,286,0.0
195,287,195,287,0.0
195,288,195,288,0.0
195,289,195,289,0.0
195,290,195,290,0.0
195,291,195,291,0.0
195,292,195,292,0.0
195,293,195,293,0.0
195,294,195,294,0.0
195,295,195,295,0.0
195,296,195,296,0.0
195,297,195,297,0.0
195,298,195,298,0.0
196,197,196,197,0.0
196,198,196,198,0.0
196,199,196,199,0.0
196,200,196,200,0.0
196,201,196,201,0.0
196,202,196,202,0.0
196,203,196,203,0.0
196,204,196,204,0.0
196,205,196,205,0.0
196,206,196,206,0.0
196,207,196,207,0.0
196,208,196,208,0.0
196,209,196,209,0.0
196,210,196,210,0.0
196,211,196,211,0.0
196,212,196,212,0.0
196,213,196,213,0.0
196,214,196,214,0.0
196,215,196,215,0.0
196,216,196,216,0.0
196,217,196,217,0.0
196,218,196,218,0.0
196,219,196,219,0.0
196,220,196,220,0.0
196,221,196,221,0.0
196,222,196,222,0.0
196,223,196,223,0.0
196,224,196,224,0.0
196,225,196,225,0.0
196,226,196,226,0.0
196,227,196,227,0.0
196,228,196,228,0.0
196,229,196,229,0.0
196,230,196,230,0.0
196,231,196,231,0.0
196,232,196,232,0.0
196,233,196,233,0.0
196,234,196,234,0.0
196,235,196,235,0.0
196,236,196,236,0.0
196,237,196,237,0.0
196,238,196,238,0.0
196,239,196,239,0.0
196,240,196,240,0.0
196,241,196,241,0.0
196,242,196,242,0.0
196,243,196,243,0.0
196,244,196,244,0.0
196,245,196,245,0.0
196,246,196,246,0.0
196,247,196,247,0.0
196,248,196,248,0.0
196,249,196,249,0.0
196,250,196,250,0.0
196,251,196,251,0.0
196,252,196,252,0.0
196,253,196,253,0.0
196,254,196,254,0.0
196,255,196,255,0.0
196,256,196,256,0.0
196,257,196,257,0.0
196,258,196,258,0.0
196,259,196,259,0.0
196,260,196,260,0.0
196,261,196,261,0.0
196,262,196,262,0.0
196,263,196,263,0.0
196,264,196,264,0.0
196,265,196,265,0.0
196,266,196,266,0.0
196,267,196,267,0.0
196,268,196,268,0.0
196,269,196,269,0.0
196,270,196,270,0.0
196,271,196,271,0.0
196,272,196,272,0.0
196,273,196,273,0.0
196,274,196,274,0.0
196,275,196,275,0.0
196,276,196,276,0.0
196,277,196,277,0.0
196,278,196,278,0.0
196,279,196,279,0.0
196,280,196,280,0.0
196,281,196,281,0.0
196,282,196,282,0.0
196,283,196,283,0.0
196,284,196,284,0.0
196,285,196,285,0.0
196,286,196,286,0.0
196,287,196,287,0.0
196,288,196,288,0.0
196,289,196,289,0.0
196,290,196,290,0.0
196,291,196,291,0.0
196,292,196,292,0.0
196,293,196,293,0.0
196,294,196,294,0.0
196,295,196,295,0.0
196,296,196,296,0.0
196,297,196,297,0.0
196,298,196,298,0.0
197,198,197,198,0.0
197,199,197,199,0.0
197,200,197,200,0.0
197,201,197,201,0.0
197,202,197,202,0.0
197,203,197,203,0.0
197,204,197,204,0.0
197,205,197,205,0.0
197,206,197,206,0.0
197,207,197,207,0.0
197,208,197,208,0.0
197,209,197,209,0.0
197,210,197,210,0.0
197,211,197,211,0.0
197,212,197,212,0.0
197,213,197,213,0.0
197,214,197,214,0.0
197,215,197,215,0.0
197,216,197,216,0.0
197,217,197,217,0.0
197,218,197,218,0.0
197,219,197,219,0.0
197,220,197,220,0.0
197,221,197,221,0.0
197,222,197,222,0.0
197,223,197,223,0.0
197,224,197,224,0.0
197,225,197,225,0.0
197,226,197,226,0.0
197,227,197,227,0.0
197,228,197,228,0.0
197,229,197,229,0.0
197,230,197,230,0.0
197,231,197,231,0.0
197,232,197,232,0.0
197,233,197,233,0.0
197,234,197,234,0.0
197,235,197,235,0.0
197,236,197,236,0.0
197,237,197,237,0.0
197,238,197,238,0.0
197,239,197,239,0.0
197,240,197,240,0.0
197,241,197,241,0.0
197,242,197,242,0.0
197,243,197,243,0.0
197,244,197,244,0.0
197,245,197,245,0.0
197,246,197,246,0.0
197,247,197,247,0.0
197,248,197,248,0.0
197,249,197,249,0.0
197,250,197,250,0.0
197,251,197,251,0.0
197,252,197,252,0.0
197,253,197,253,0.0
197,254,197,254,0.0
197,255,197,255,0.0
197,256,197,256,0.0
197,257,197,257,0.0
197,258,197,258,0.0
197,259,197,259,0.0
197,260,197,260,0.0
197,261,197,261,0.0
197,262,197,262,0.0
197,263,197,263,0.0
197,264,197,264,0.0
197,265,197,265,0.0
197,266,197,266,0.0
197,267,197,267,0.0
197,268,197,268,0.0
197,269,197,269,0.0
197,270,197,270,0.0
197,271,197,271,0.0
197,272,197,272,0.0
197,273,197,273,0.0
197,274,197,274,0.0
197,275,197,275,0.0
197,276,197,276,0.0
197,277,197,277,0.0
197,278,197,278,0.0
197,279,197,279,0.0
197,280,197,280,0.0
197,281,197,281,0.0
197,282,197,282,0.0
197,283,197,283,0.0
197,284,197,284,0.0
197,285,197,285,0.0
197,286,197,286,0.0
197,287,197,287,0.0
197,288,197,288,0.0
197,289,197,289,0.0
197,290,197,290,0.0
197,291,197,291,0.0
197,292,197,292,0.0
197,293,197,293,0.0
197,294,197,294,0.0
197,295,197,295,0.0
197,296,197,296,0.0
197,297,197,297,0.0
197,298,197,298,0.0
198,199,198,199,0.0
198,200,198,200,0.0
198,201,198,201,0.0
198,202,198,202,0.0
198,203,198,203,0.0
198,204,198,204,0.0
198,205,198,205,0.0
198,206,198,206,0.0
198,207,198,207,0.0
198,208,198,208,0.0
198,209,198,209,0.0
198,210,198,210,0.0
198,211,198,211,0.0
198,212,198,212,0.0
198,213,198,213,0.0
198,214,198,214,0.0
198,215,198,215,0.0
198,216,198,216,0.0
198,217,198,217,0.0
198,218,198,218,0.0
198,219,198,219,0.0
198,220,198,220,0.0
198,221,198,221,0.0
198,222,198,222,0.0
198,223,198,223,0.0
198,224,198,224,0.0
198,225,198,225,0.0
198,226,198,226,0.0
198,227,198,227,0.0
198,228,198,228,0.0
198,229,198,229,0.0
198,230,198,230,0.0
198,231,198,231,0.0
198,232,198,232,0.0
198,233,198,233,0.0
198,234,198,234,0.0
198,235,198,235,0.0
198,236,198,236,0.0
198,237,198,237,0.0
198,238,198,238,0.0
198,239,198,239,0.0
198,240,198,240,0.0
198,241,198,241,0.0
198,242,198,242,0.0
198,243,198,243,0.0
198,244,198,244,0.0
198,245,198,245,0.0
198,246,198,246,0.0
198,247,198,247,0.0
198,248,198,248,0.0
198,249,198,249,0.0
198,250,198,250,0.0
198,251,198,251,0.0
198,252,198,252,0.0
198,253,198,253,0.0
198,254,198,254,0.0
198,255,198,255,0.0
198,256,198,256,0.0
198,257,198,257,0.0
198,258,198,258,0.0
198,259,198,259,0.0
198,260,198,260,0.0
198,261,198,261,0.0
198,262,198,262,0.0
198,263,198,263,0.0
198,264,198,264,0.0
198,265,198,265,0.0
198,266,198,266,0.0
198,267,198,267,0.0
198,268,198,268,0.0
198,269,198,269,0.0
198,270,198,270,0.0
198,271,198,271,0.0
198,272,198,272,0.0
198,273,198,273,0.0
198,274,198,274,0.0
198,275,198,275,0.0
198,276,198,276,0.0
198,277,198,277,0.0
198,278,198,278,0.0
198,279,198,279,0.0
198,280,198,280,0.0
198,281,198,281,0.0
198,282,198,282,0.0
198,283,198,283,0.0
198,284,198,284,0.0
198,285,198,285,0.0
198,286,198,286,0.0
198,287,198,287,0.0
198,288,198,288,0.0
198,289,198,289,0.0
198,290,198,290,0.0
198,291,198,291,0.0
198,292,198,292,0.0
198,293,198,293,0.0
198,294,198,294,0.0
198,295,198,295,0.0
198,296,198,296,0.0
198,297,198,297,0.0
198,298,198,298,0.0
199,200,199,200,0.0
199,201,199,201,0.0
199,202,199,202,0.0
199,203,199,203,0.0
199,204,199,204,0.0
199,205,199,205,0.0
199,206,199,206,0.0
199,207,199,207,0.0
199,208,199,208,0.0
199,209,199,209,0.0
199,210,199,210,0.0
199,211,199,211,0.0
199,212,199,212,0.0
199,213,199,213,0.0
199,214,199,214,0.0
199,215,199,215,0.0
199,216,199,216,0.0
199,217,199,217,0.0
199,218,199,218,0.0
199,219,199,219,0.0
199,220,199,220,0.0
199,221,199,221,0.0
199,222,199,222,0.0
199,223,199,223,0.0
199,224,199,224,0.0
199,225,199,225,0.0
199,226,199,226,0.0
199,227,199,227,0.0
199,228,199,228,0.0
199,229,199,229,0.0
199,230,199,230,0.0
199,231,199,231,0.0
199,232,199,232,0.0
199,233,199,233,0.0
199,234,199,234,0.0
199,235,199,235,0.0
199,236,199,236,0.0
199,237,199,237,0.0
199,238,199,238,0.0
199,239,199,239,0.0
199,240,199,240,0.0
199,241,199,241,0.0
199,242,199,242,0.0
199,243,199,243,0.0
199,244,199,244,0.0
199,245,199,245,0.0
199,246,199,246,0.0
199,247,199,247,0.0
199,248,199,248,0.0
199,249,199,249,0.0
199,250,199,250,0.0
199,251,199,251,0.0
199,252,199,252,0.0
199,253,199,253,0.0
199,254,199,254,0.0
199,255,199,255,0.0
199,256,199,256,0.0
199,257,199,257,0.0
199,258,199,258,0.0
199,259,199,259,0.0
199,260,199,260,0.0
199,261,199,261,0.0
199,262,199,262,0.0
199,263,199,263,0.0
199,264,199,264,0.0
199,265,199,265,0.0
199,266,199,266,0.0
199,267,199,267,0.0
199,268,199,268,0.0
199,269,199,269,0.0
199,270,199,270,0.0
199,271,199,271,0.0
199,272,199,272,0.0
199,273,199,273,0.0
199,274,199,274,0.0
199,275,199,275,0.0
199,276,199,276,0.0
199,277,199,277,0.0
199,278,199,278,0.0
199,279,199,279,0.0
199,280,199,280,0.0
199,281,199,281,0.0
199,282,199,282,0.0
199,283,199,283,0.0
199,284,199,284,0.0
199,285,199,285,0.0
199,286,199,286,0.0
199,287,199,287,0.0
199,288,199,288,0.0
199,289,199,289,0.0
199,290,199,290,0.0
199,291,199,291,0.0
199,292,199,292,0.0
199,293,199,293,0.0
199,294,199,294,0.0
199,295,199,295,0.0
199,296,199,296,0.0
199,297,199,297,0.0
199,298,199,298,0.0
200,201,200,201,0.0
200,202,200,202,0.0
200,203,200,203,0.0
200,204,200,204,0.0
200,205,200,205,0.0
200,206,200,206,0.0
200,207,200,207,0.0
200,208,200,208,0.0
200,209,200,209,0.0
200,210,200,210,0.0
200,211,200,211,0.0
200,212,200,212,0.0
200,213,200,213,0.0
200,214,200,214,0.0
200,215,200,215,0.0
200,216,200,216,0.0
200,217,200,217,0.0
200,218,200,218,0.0
200,219,200,219,0.0
200,220,200,220,0.0
200,221,200,221,0.0
200,222,200,222,0.0
200,223,200,223,0.0
200,224,200,224,0.0
200,225,200,225,0.0
200,226,200,226,0.0
200,227,200,227,0.0
200,228,200,228,0.0
200,229,200,229,0.0
200,230,200,230,0.0
200,231,200,231,0.0
200,232,200,232,0.0
200,233,200,233,0.0
200,234,200,234,0.0
200,235,200,235,0.0
200,236,200,236,0.0
200,237,200,237,0.0
200,238,200,238,0.0
200,239,200,239,0.0
200,240,200,240,0.0
200,241,200,241,0.0
200,242,200,242,0.0
200,243,200,243,0.0
200,244,200,244,0.0
200,245,200,245,0.0
200,246,200,246,0.0
200,247,200,247,0.0
200,248,200,248,0.0
200,249,200,249,0.0
200,250,200,250,0.0
200,251,200,251,0.0
200,252,200,252,0.0
200,253,200,253,0.0
200,254,200,254,0.0
200,255,200,255,0.0
200,256,200,256,0.0
200,257,200,257,0.0
200,258,200,258,0.0
200,259,200,259,0.0
200,260,200,260,0.0
200,261,200,261,0.0
200,262,200,262,0.0
200,263,200,263,0.0
200,264,200,264,0.0
200,265,200,265,0.0
200,266,200,266,0.0
200,267,200,267,0.0
200,268,200,268,0.0
200,269,200,269,0.0
200,270,200,270,0.0
200,271,200,271,0.0
200,272,200,272,0.0
200,273,200,273,0.0
200,274,200,274,0.0
200,275,200,275,0.0
200,276,200,276,0.0
200,277,200,277,0.0
200,278,200,278,0.0
200,279,200,279,0.0
200,280,200,280,0.0
200,281,200,281,0.0
200,282,200,282,0.0
200,283,200,283,0.0
200,284,200,284,0.0
200,285,200,285,0.0
200,286,200,286,0.0
200,287,200,287,0.0
200,288,200,288,0.0
200,289,200,289,0.0
200,290,200,290,0.0
200,291,200,291,0.0
200,292,200,292,0.0
200,293,200,293,0.0
200,294,200,294,0.0
200,295,200,295,0.0
200,296,200,296,0.0
200,297,200,297,0.0
200,298,200,298,0.0
201,202,201,202,0.0
201,203,201,203,0.0
201,204,201,204,0.0
201,205,201,205,0.0
201,206,201,206,0.0
201,207,201,207,0.49454736513868364
201,208,201,208,-0.042919967506306556
201,209,201,209,-0.28917007598290234
201,210,201,210,-0.12636512318026757
201,211,201,211,0.09354294672814634
201,212,201,212,0.0
201,213,201,213,0.009709469138671026
201,214,201,214,0.0025540080676085255
201,215,201,215,-0.006549538116371957
201,216,201,216,0.0
201,217,201,217,0.02710759920058304
201,218,201,218,0.028652657720426165
201,219,201,219,-0.04537401442967778
201,220,201,220,0.1141694288442503
201,221,201,221,0.030989038815005244
201,222,201,222,0.09395865312957588
201,223,201,223,0.0
201,224,201,224,-0.3930500033422196
201,225,201,225,-0.28309327004188856
201,226,201,226,-0.4035807364222839
201,227,201,227,-0.3916921008154597
201,228,201,228,0.0
201,229,201,229,0.0
201,230,201,230,0.0
201,231,201,231,0.0
201,232,201,232,0.0
201,233,201,233,0.0012118769479235185
201,234,201,234,0.1375139472823979
201,235,201,235,0.0032065962419030028
201,236,201,236,-0.026303839460893784
201,237,201,237,0.009438387461658489
201,238,201,238,0.04148266480464582
201,239,201,239,0.0062648597619254474
201,240,201,240,0.029902081361189246
201,241,201,241,0.05072231658818754
201,242,201,242,0.03184397521137853
201,243,201,243,0.033659197385632555
201,244,201,244,0.0
201,245,201,245,0.0
201,246,201,246,0.0
201,247,201,247,0.0
201,248,201,248,0.0
201,249,201,249,0.0
201,250,201,250,0.03388918852222057
201,251,201,251,0.03526360564322709
201,252,201,252,-0.02618122461523214
201,253,201,253,-0.017960344508294177
201,254,201,254,0.0
201,255,201,255,0.0
201,256,201,256,0.03536118018433213
201,257,201,257,0.0182446177216141
201,258,201,258,0.0035702110156051207
201,259,201,259,0.0006422923859139855
201,260,201,260,0.025718434653649726
201,261,201,261,0.017879340686674
201,262,201,262,0.04238074198987269
201,263,201,263,0.0
201,264,201,264,0.0
201,265,201,265,0.01893009983225266
201,266,201,266,-0.006669906101537773
201,267,201,267,0.0
201,268,201,268,0.0
201,269,201,269,0.0
201,270,201,270,0.0
201,271,201,271,0.0
201,272,201,272,0.0
201,273,201,273,0.0
201,274,201,274,0.0
201,275,201,275,0.0
201,276,201,276,0.04824743064597838
201,277,201,277,0.0
201,278,201,278,0.0
201,279,201,279,0.0
201,280,201,280,0.0
201,281,201,281,0.0
201,282,201,282,0.0
201,283,201,283,0.0251769702522046
201,284,201,284,0.03243082017827229
201,285,201,285,0.024858178967841274
201,286,201,286,0.025596670176799705
201,287,201,287,0.03299696297644442
201,288,201,288,0.037488811001142264
201,289,201,289,0.020578848648062073
201,290,201,290,0.024440318307530004
201,291,201,291,0.0
201,292,201,292,0.0
201,293,201,293,0.0
201,294,201,294,0.05685062872069857
201,295,201,295,0.05946867379058843
201,296,201,296,0.0
201,297,201,297,0.0
201,298,201,298,0.0
202,203,202,203,0.0
202,204,202,204,0.0
202,205,202,205,0.0
202,206,202,206,0.0
202,207,202,207,0.0
202,208,202,208,0.0
202,209,202,209,0.0
202,210,202,210,0.0
202,211,202,211,0.0
202,212,202,212,0.0
202,213,202,213,0.0
202,214,202,214,0.0
202,215,202,215,0.0
202,216,202,216,0.0
202,217,202,217,0.0
202,218,202,218,0.0
202,219,202,219,0.0
202,220,202,220,0.0
202,221,202,221,0.0
202,222,202,222,0.0
202,223,202,223,0.0
202,224,202,224,0.0
202,225,202,225,0.0
202,226,202,226,0.0
202,227,202,227,0.0
202,228,202,228,0.0
202,229,202,229,0.0
202,230,202,230,0.0
202,231,202,231,0.0
202,232,202,232,0.0
202,233,202,233,0.0
202,234,202,234,0.0
202,235,202,235,0.0
202,236,202,236,0.0
202,237,202,237,0.0
202,238,202,238,0.0
202,239,202,239,0.0
202,240,202,240,0.0
202,241,202,241,0.0
202,242,202,242,0.0
202,243,202,243,0.0
202,244,202,244,0.0
202,245,202,245,0.0
202,246,202,246,0.0
202,247,202,247,0.0
202,248,202,248,0.0
202,249,202,249,0.0
202,250,202,250,0.0
202,251,202,251,0.0
202,252,202,252,0.0
202,253,202,253,0.0
202,254,202,254,0.0
202,255,202,255,0.0
202,256,202,256,0.0
202,257,202,257,0.0
202,258,202,258,0.0
202,259,202,259,0.0
202,260,202,260,0.0
202,261,202,261,0.0
202,262,202,262,0.0
202,263,202,263,0.0
202,264,202,264,0.0
202,265,202,265,0.0
202,266,202,266,0.0
202,267,202,267,0.0
202,268,202,268,0.0
202,269,202,269,0.0
202,270,202,270,0.0
202,271,202,271,0.0
202,272,202,272,0.0
202,273,202,273,0.0
202,274,202,274,0.0
202,275,202,275,0.0
202,276,202,276,0.0
202,277,202,277,0.0
202,278,202,278,0.0
202,279,202,279,0.0
202,280,202,280,0.0
202,281,202,281,0.0
202,282,202,282,0.0
202,283,202,283,0.0
202,284,202,284,0.0
202,285,202,285,0.0
202,286,202,286,0.0
202,287,202,287,0.0
202,288,202,288,0.0
202,289,202,289,0.0
202,290,202,290,0.0
202,291,202,291,0.0
202,292,202,292,0.0
202,293,202,293,0.0
202,294,202,294,0.0
202,295,202,295,0.0
202,296,202,296,0.0
202,297,202,297,0.0
202,298,202,298,0.0
203,204,203,204,0.0
203,205,203,205,0.0
203,206,203,206,0.0
203,207,203,207,0.0
203,208,203,208,0.0
203,209,203,209,0.0
203,210,203,210,0.0
203,211,203,211,0.0
203,212,203,212,0.0
203,213,203,213,0.0
203,214,203,214,0.0
203,215,203,215,0.0
203,216,203,216,0.0
203,217,203,217,0.0
203,218,203,218,0.0
203,219,203,219,0.0
203,220,203,220,0.0
203,221,203,221,0.0
203,222,203,222,0.0
203,223,203,223,0.0
203,224,203,224,0.0
203,225,203,225,0.0
203,226,203,226,0.0
203,227,203,227,0.0
203,228,203,228,0.0
203,229,203,229,0.0
203,230,203,230,0.0
203,231,203,231,0.0
203,232,203,232,0.0
203,233,203,233,0.0
203,234,203,234,0.0
203,235,203,235,0.0
203,236,203,236,0.0
203,237,203,237,0.0
203,238,203,238,0.0
203,239,203,239,0.0
203,240,203,240,0.0
203,241,203,241,0.0
203,242,203,242,0.0
203,243,203,243,0.0
203,244,203,244,0.0
203,245,203,245,0.0
203,246,203,246,0.0
203,247,203,247,0.0
203,248,203,248,0.0
203,249,203,249,0.0
203,250,203,250,0.0
203,251,203,251,0.0
203,252,203,252,0.0
203,253,203,253,0.0
203,254,203,254,0.0
203,255,203,255,0.0
203,256,203,256,0.0
203,257,203,257,0.0
203,258,203,258,0.0
203,259,203,259,0.0
203,260,203,260,0.0
203,261,203,261,0.0
203,262,203,262,0.0
203,263,203,263,0.0
203,264,203,264,0.0
203,265,203,265,0.0
203,266,203,266,0.0
203,267,203,267,0.0
203,268,203,268,0.0
203,269,203,269,0.0
203,270,203,270,0.0
203,271,203,271,0.0
203,272,203,272,0.0
203,273,203,273,0.0
203,274,203,274,0.0
203,275,203,275,0.0
203,276,203,276,0.0
203,277,203,277,0.0
203,278,203,278,0.0
203,279,203,279,0.0
203,280,203,280,0.0
203,281,203,281,0.0
203,282,203,282,0.0
203,283,203,283,0.0
203,284,203,284,0.0
203,285,203,285,0.0
203,286,203,286,0.0
203,287,203,287,0.0
203,288,203,288,0.0
203,289,203,289,0.0
203,290,203,290,0.0
203,291,203,291,0.0
203,292,203,292,0.0
203,293,203,293,0.0
203,294,203,294,0.0
203,295,203,295,0.0
203,296,203,296,0.0
203,297,203,297,0.0
203,298,203,298,0.0
204,205,204,205,0.0
204,206,204,206,0.0
204,207,204,207,0.0
204,208,204,208,0.0
204,209,204,209,0.0
204,210,204,210,0.0
204,211,204,211,0.0
204,212,204,212,0.0
204,213,204,213,0.0
204,214,204,214,0.0
204,215,204,215,0.0
204,216,204,216,0.0
204,217,204,217,0.0
204,218,204,218,0.0
204,219,204,219,0.0
204,220,204,220,0.0
204,221,204,221,0.0
204,222,204,222,0.0
204,223,204,223,0.0
204,224,204,224,0.0
204,225,204,225,0.0
204,226,204,226,0.0
204,227,204,227,0.0
204,228,204,228,0.0
204,229,204,229,0.0
204,230,204,230,0.0
204,231,204,231,0.0
204,232,204,232,0.0
204,233,204,233,0.0
204,234,204,234,0.0
204,235,204,235,0.0
204,236,204,236,0.0
204,237,204,237,0.0
204,238,204,238,0.0
204,239,204,239,0.0
204,240,204,240,0.0
204,241,204,241,0.0
204,242,204,242,0.0
204,243,204,243,0.0
204,244,204,244,0.0
204,245,204,245,0.0
204,246,204,246,0.0
204,247,204,247,0.0
204,248,204,248,0.0
204,249,204,249,0.0
204,250,204,250,0.0
204,251,204,251,0.0
204,252,204,252,0.0
204,253,204,253,0.0
204,254,204,254,0.0
204,255,204,255,0.0
204,256,204,256,0.0
204,257,204,257,0.0
204,258,204,258,0.0
204,259,204,259,0.0
204,260,204,260,0.0
204,261,204,261,0.0
204,262,204,262,0.0
204,263,204,263,0.0
204,264,204,264,0.0
204,265,204,265,0.0
204,266,204,266,0.0
204,267,204,267,0.0
204,268,204,268,0.0
204,269,204,269,0.0
204,270,204,270,0.0
204,271,204,271,0.0
204,272,204,272,0.0
204,273,204,273,0.0
204,274,204,274,0.0
204,275,204,275,0.0
204,276,204,276,0.0
204,277,204,277,0.0
204,278,204,278,0.0
204,279,204,279,0.0
204,280,204,280,0.0
204,281,204,281,0.0
204,282,204,282,0.0
204,283,204,283,0.0
204,284,204,284,0.0
204,285,204,285,0.0
204,286,204,286,0.0
204,287,204,287,0.0
204,288,204,288,0.0
204,289,204,289,0.0
204,290,204,290,0.0
204,291,204,291,0.0
204,292,204,292,0.0
204,293,204,293,0.0
204,294,204,294,0.0
204,295,204,295,0.0
204,296,204,296,0.0
204,297,204,297,0.0
204,298,204,298,0.0
205,206,205,206,0.0
205,207,205,207,0.0
205,208,205,208,0.0
205,209,205,209,0.0
205,210,205,210,0.0
205,211,205,211,0.0
205,212,205,212,0.0
205,213,205,213,0.0
205,214,205,214,0.0
205,215,205,215,0.0
205,216,205,216,0.0
205,217,205,217,0.0
205,218,205,218,0.0
205,219,205,219,0.0
205,220,205,220,0.0
205,221,205,221,0.0
205,222,205,222,0.0
205,223,205,223,0.0
205,224,205,224,0.0
205,225,205,225,0.0
205,226,205,226,0.0
205,227,205,227,0.0
205,228,205,228,0.0
205,229,205,229,0.0
205,230,205,230,0.0
205,231,205,231,0.0
205,232,205,232,0.0
205,233,205,233,0.0
205,234,205,234,0.0
205,235,205,235,0.0
205,236,205,236,0.0
205,237,205,237,0.0
205,238,205,238,0.0
205,239,205,239,0.0
205,240,205,240,0.0
205,241,205,241,0.0
205,242,205,242,0.0
205,243,205,243,0.0
205,244,205,244,0.0
205,245,205,245,0.0
205,246,205,246,0.0
205,247,205,247,0.0
205,248,205,248,0.0
205,249,205,249,0.0
205,250,205,250,0.0
205,251,205,251,0.0
205,252,205,252,0.0
205,253,205,253,0.0
205,254,205,254,0.0
205,255,205,255,0.0
205,256,205,256,0.0
205,257,205,257,0.0
205,258,205,258,0.0
205,259,205,259,0.0
205,260,205,260,0.0
205,261,205,261,0.0
205,262,205,262,0.0
205,263,205,263,0.0
205,264,205,264,0.0
205,265,205,265,0.0
205,266,205,266,0.0
205,267,205,267,0.0
205,268,205,268,0.0
205,269,205,269,0.0
205,270,205,270,0.0
205,271,205,271,0.0
205,272,205,272,0.0
205,273,205,273,0.0
205,274,205,274,0.0
205,275,205,275,0.0
205,276,205,276,0.0
205,277,205,277,0.0
205,278,205,278,0.0
205,279,205,279,0.0
205,280,205,280,0.0
205,281,205,281,0.0
205,282,205,282,0.0
205,283,205,283,0.0
205,284,205,284,0.0
205,285,205,285,0.0
205,286,205,286,0.0
205,287,205,287,0.0
205,288,205,288,0.0
205,289,205,289,0.0
205,290,205,290,0.0
205,291,205,291,0.0
205,292,205,292,0.0
205,293,205,293,0.0
205,294,205,294,0.0
205,295,205,295,0.0
205,296,205,296,0.0
205,297,205,297,0.0
205,298,205,298,0.0
206,207,206,207,0.0
206,208,206,208,0.0
206,209,206,209,0.0
206,210,206,210,0.0
206,211,206,211,0.0
206,212,206,212,0.0
206,213,206,213,0.0
206,214,206,214,0.0
206,215,206,215,0.0
206,216,206,216,0.0
206,217,206,217,0.0
206,218,206,218,0.0
206,219,206,219,0.0
206,220,206,220,0.0
206,221,206,221,0.0
206,222,206,222,0.0
206,223,206,223,0.0
206,224,206,224,0.0
206,225,206,225,0.0
206,226,206,226,0.0
206,227,206,227,0.0
206,228,206,228,0.0
206,229,206,229,0.0
206,230,206,230,0.0
206,231,206,231,0.0
206,232,206,232,0.0
206,233,206,233,0.0
206,234,206,234,0.0
206,235,206,235,0.0
206,236,206,236,0.0
206,237,206,237,0.0
206,238,206,238,0.0
206,239,206,239,0.0
206,240,206,240,0.0
206,241,206,241,0.0
206,242,206,242,0.0
206,243,206,243,0.0
206,244,206,244,0.0
206,245,206,245,0.0
206,246,206,246,0.0
206,247,206,247,0.0
206,248,206,248,0.0
206,249,206,249,0.0
206,250,206,250,0.0
206,251,206,251,0.0
206,252,206,252,0.0
206,253,206,253,0.0
206,254,206,254,0.0
206,255,206,255,0.0
206,256,206,256,0.0
206,257,206,257,0.0
206,258,206,258,0.0
206,259,206,259,0.0
206,260,206,260,0.0
206,261,206,261,0.0
206,262,206,262,0.0
206,263,206,263,0.0
206,264,206,264,0.0
206,265,206,265,0.0
206,266,206,266,0.0
206,267,206,267,0.0
206,268,206,268,0.0
206,269,206,269,0.0
206,270,206,270,0.0
206,271,206,271,0.0
206,272,206,272,0.0
206,273,206,273,0.0
206,274,206,274,0.0
206,275,206,275,0.0
206,276,206,276,0.0
206,277,206,277,0.0
206,278,206,278,0.0
206,279,206,279,0.0
206,280,206,280,0.0
206,281,206,281,0.0
206,282,206,282,0.0
206,283,206,283,0.0
206,284,206,284,0.0
206,285,206,285,0.0
206,286,206,286,0.0
206,287,206,287,0.0
206,288,206,288,0.0
206,289,206,289,0.0
206,290,206,290,0.0
206,291,206,291,0.0
206,292,206,292,0.0
206,293,206,293,0.0
206,294,206,294,0.0
206,295,206,295,0.0
206,296,206,296,0.0
206,297,206,297,0.0
206,298,206,298,0.0
207,208,207,208,0.055380361529318384
207,209,207,209,-0.14529233919900902
207,210,207,210,-0.05660942630971763
207,211,207,211,0.13012708851281146
207,212,207,212,0.0
207,213,207,213,0.01685494915986079
207,214,207,214,0.012114953865370355
207,215,207,215,-0.008247103420884316
207,216,207,216,0.0
207,217,207,217,0.05071197794841355
207,218,207,218,0.0521884638399521
207,219,207,219,-0.036567233355007375
207,220,207,220,0.15210935389214628
207,221,207,221,0.07287848581112771
207,222,207,222,0.13827135645408808
207,223,207,223,0.0
207,224,207,224,-0.2536769853565874
207,225,207,225,-0.14586489861808005
207,226,207,226,-0.26500112018212896
207,227,207,227,-0.2776633569401096
207,228,207,228,0.0
207,229,207,229,0.0
207,230,207,230,0.0
207,231,207,231,0.0
207,232,207,232,0.0
207,233,207,233,0.023679983148420743
207,234,207,234,0.07851708183472654
207,235,207,235,-0.13827339645587333
207,236,207,236,-0.10022052431824342
207,237,207,237,-0.013665145375709814
207,238,207,238,0.06265450297351029
207,239,207,239,0.055264740495548685
207,240,207,240,0.03551341980329693
207,241,207,241,0.05954652457796398
207,242,207,242,0.047403048993913253
207,243,207,243,0.0480672631222476
207,244,207,244,0.0
207,245,207,245,0.0
207,246,207,246,0.0
207,247,207,247,0.0
207,248,207,248,0.0
207,249,207,249,0.0
207,250,207,250,0.06274634419809816
207,251,207,251,0.06447354155383213
207,252,207,252,-0.06175578974180596
207,253,207,253,-0.06275377711436213
207,254,207,254,0.0
207,255,207,255,0.0
207,256,207,256,0.07210924169876337
207,257,207,257,0.07054612185516287
207,258,207,258,0.0033393155054907884
207,259,207,259,0.0004654317360981612
207,260,207,260,0.06116155962426445
207,261,207,261,0.06259224384730047
207,262,207,262,0.06994182380949363
207,263,207,263,0.0
207,264,207,264,0.0
207,265,207,265,0.0263728014773683
207,266,207,266,0.00975373694240293
207,267,207,267,0.0
207,268,207,268,0.0
207,269,207,269,0.0
207,270,207,270,0.0
207,271,207,271,0.0
207,272,207,272,0.0
207,273,207,273,0.0
207,274,207,274,0.0
207,275,207,275,0.0
207,276,207,276,0.0638207950168302
207,277,207,277,0.0
207,278,207,278,0.0
207,279,207,279,0.0
207,280,207,280,0.0
207,281,207,281,0.0
207,282,207,282,0.0
207,283,207,283,0.07706352755514106
207,284,207,284,0.06829819365282454
207,285,207,285,0.0736484714332457
207,286,207,286,0.07048600576510837
207,287,207,287,0.06449158726982972
207,288,207,288,0.06353715661553926
207,289,207,289,0.07383905564948649
207,290,207,290,0.0614175778441932
207,291,207,291,0.0
207,292,207,292,0.0
207,293,207,293,0.0
207,294,207,294,0.07223702637272139
207,295,207,295,0.0732114682821018
207,296,207,296,0.0
207,297,207,297,0.0
207,298,207,298,0.0
208,209,208,209,0.07502958914138887
208,210,208,210,0.1363475570384051
208,211,208,211,0.01255375653347728
208,212,208,212,0.0
208,213,208,213,0.07316902261463304
208,214,208,214,0.06434182120991488
208,215,208,215,-0.0569424828328345
208,216,208,216,0.0
208,217,208,217,0.02867503429007614
208,218,208,218,0.029545833181839877
208,219,208,219,-0.0010822787056652702
208,220,208,220,0.06982123020897814
208,221,208,221,0.04914835193983755
208,222,208,222,0.06938710095796165
208,223,208,223,0.0
208,224,208,224,0.10839974182786166
208,225,208,225,0.06875664722432773
208,226,208,226,0.10993287809093324
208,227,208,227,0.10413992479687534
208,228,208,228,0.0
208,229,208,229,0.0
208,230,208,230,0.0
208,231,208,231,0.0
208,232,208,232,0.0
208,233,208,233,0.019343456229686893
208,234,208,234,-0.048631003133162695
208,235,208,235,-0.15640905932327895
208,236,208,236,-0.08167893698476231
208,237,208,237,-0.056293046467905006
208,238,208,238,0.02308225734922413
208,239,208,239,0.0469065839252893
208,240,208,240,-0.00492367079858733
208,241,208,241,0.0004121760720057161
208,242,208,242,0.007002692128030133
208,243,208,243,0.005378259721752721
208,244,208,244,0.0
208,245,208,245,0.0
208,246,208,246,0.0
208,247,208,247,0.0
208,248,208,248,0.0
208,249,208,249,0.0
208,250,208,250,0.020795730416889303
208,251,208,251,0.021966512621225058
208,252,208,252,-0.029064051502962172
208,253,208,253,-0.0398410130990638
208,254,208,254,0.0
208,255,208,255,0.0
208,256,208,256,0.036768486301345424
208,257,208,257,0.049182397133397365
208,258,208,258,-0.001343364412757207
208,259,208,259,-0.0004902113063813954
208,260,208,260,0.029069681889213196
208,261,208,261,0.03979212578286156
208,262,208,262,0.040161307402588456
208,263,208,263,0.0
208,264,208,264,0.0
208,265,208,265,-0.007565628351498582
208,266,208,266,-0.0005001306242351163
208,267,208,267,0.0
208,268,208,268,0.0
208,269,208,269,0.0
208,270,208,270,0.0
208,271,208,271,0.0
208,272,208,272,0.0
208,273,208,273,0.0
208,274,208,274,0.0
208,275,208,275,0.0
208,276,208,276,0.011884991620379587
208,277,208,277,0.0
208,278,208,278,0.0
208,279,208,279,0.0
208,280,208,280,0.0
208,281,208,281,0.0
208,282,208,282,0.0
208,283,208,283,0.08370612253423129
208,284,208,284,0.04358911872298437
208,285,208,285,0.069815689959357
208,286,208,286,0.061331119125417714
208,287,208,287,0.034404613618708724
208,288,208,288,0.02748515834966355
208,289,208,289,0.08289352687724173
208,290,208,290,0.03578484264727764
208,291,208,291,0.0
208,292,208,292,0.0
208,293,208,293,0.0
208,294,208,294,0.017695129945154823
208,295,208,295,0.017314818001078112
208,296,208,296,0.0
208,297,208,297,0.0
208,298,208,298,0.0
209,210,209,210,0.23921465466251082
209,211,209,211,-0.07772799164018203
209,212,209,212,0.0
209,213,209,213,-0.015016246010374575
209,214,209,214,-0.0028464511016128425
209,215,209,215,0.02759215172499121
209,216,209,216,0.0
209,217,209,217,-0.0019946216123121795
209,218,209,218,-0.003431094912683782
209,219,209,219,0.059144961610798685
209,220,209,220,-0.09902131872497076
209,221,209,221,-0.01830444568648649
209,222,209,222,-0.07943288719386515
209,223,209,223,0.0
209,224,209,224,0.7600403020198933
209,225,209,225,0.9689382507753386
209,226,209,226,0.7367638430970718
209,227,209,227,0.7098119165595025
209,228,209,228,0.0
209,229,209,229,0.0
209,230,209,230,0.0
209,231,209,231,0.0
209,232,209,232,0.0
209,233,209,233,-0.003512811189874342
209,234,209,234,-0.27391260039944465
209,235,209,235,-0.05690563313817181
209,236,209,236,0.04041902323680777
209,237,209,237,0.028152429267438866
209,238,209,238,-0.018862413548606308
209,239,209,239,0.04347360548279916
209,240,209,240,0.008029983045785756
209,241,209,241,-0.02722637088106629
209,242,209,242,0.003923519367589913
209,243,209,243,0.0004883088339956126
209,244,209,244,0.0
209,245,209,245,0.0
209,246,209,246,0.0
209,247,209,247,0.0
209,248,209,248,0.0
209,249,209,249,0.0
209,250,209,250,0.01169857887175837
209,251,209,251,0.01546510754723612
209,252,209,252,-0.024135356589997024
209,253,209,253,-0.04666894021687655
209,254,209,254,0.0
209,255,209,255,0.0
209,256,209,256,0.0091993313395427
209,257,209,257,0.04575033215288379
209,258,209,258,-0.00029831236922967544
209,259,209,259,-0.0006236228253623003
209,260,209,260,0.02406004663434346
209,261,209,261,0.0466150487982885
209,262,209,262,0.002776782091556462
209,263,209,263,0.0
209,264,209,264,0.0
209,265,209,265,0.09170466143798668
209,266,209,266,0.1379018646273756
209,267,209,267,0.0
209,268,209,268,0.0
209,269,209,269,0.0
209,270,209,270,0.0
209,271,209,271,0.0
209,272,209,272,0.0
209,273,209,273,0.0
209,274,209,274,0.0
209,275,209,275,0.0
209,276,209,276,-0.0005460033309577579
209,277,209,277,0.0
209,278,209,278,0.0
209,279,209,279,0.0
209,280,209,280,0.0
209,281,209,281,0.0
209,282,209,282,0.0
209,283,209,283,0.035555895072250696
209,284,209,284,0.03821076735967726
209,285,209,285,0.04860215652432159
209,286,209,286,0.04289464637423076
209,287,209,287,0.03206528148657669
209,288,209,288,0.009153981744500113
209,289,209,289,0.04373994351696649
209,290,209,290,0.051733246557824034
209,291,209,291,0.0
209,292,209,292,0.0
209,293,209,293,0.0
209,294,209,294,-0.009995342991883331
209,295,209,295,-0.013304796694810233
209,296,209,296,0.0
209,297,209,297,0.0
209,298,209,298,0.0
210,211,210,211,-0.06633042069784917
210,212,210,212,0.0
210,213,210,213,0.03200824604725679
210,214,210,214,0.028828782130595802
210,215,210,215,-0.019734112163312098
210,216,210,216,0.0
210,217,210,217,-0.0031698566841914864
210,218,210,218,-0.003339442112026271
210,219,210,219,0.0301111110631472
210,220,210,220,-0.027450436926653273
210,221,210,221,0.014172231068570037
210,222,210,222,-0.014861327647818728
210,223,210,223,0.0
210,224,210,224,0.3019810534606102
210,225,210,225,0.23389467106489914
210,226,210,226,0.3043206483350626
210,227,210,227,0.29778378272354433
210,228,210,228,0.0
210,229,210,229,0.0
210,230,210,230,0.0
210,231,210,231,0.0
210,232,210,232,0.0
210,233,210,233,0.03598594524888458
210,234,210,234,-0.1362929950126328
210,235,210,235,-0.0831743674430839
210,236,210,236,-0.023717921524484053
210,237,210,237,-0.020783941430331573
210,238,210,238,-0.0026913398371538654
210,239,210,239,0.02829674541829444
210,240,210,240,0.0005845616519348189
210,241,210,241,-0.006476327780300963
210,242,210,242,0.004184821242211207
210,243,210,243,0.003578808716189069
210,244,210,244,0.0
210,245,210,245,0.0
210,246,210,246,0.0
210,247,210,247,0.0
210,248,210,248,0.0
210,249,210,249,0.0
210,250,210,250,0.0056538893717733895
210,251,210,251,0.005354051771787975
210,252,210,252,-0.012986102807995975
210,253,210,253,-0.019955383021259893
210,254,210,254,0.0
210,255,210,255,0.0
210,256,210,256,0.015528312342480992
210,257,210,257,0.025201283416212316
210,258,210,258,-0.00010435584839608093
210,259,210,259,-0.0002040380760871755
210,260,210,260,0.012940086324436805
210,261,210,261,0.019928062179948174
210,262,210,262,0.011387992064928852
210,263,210,263,0.0
210,264,210,264,0.0
210,265,210,265,0.003109592083254118
210,266,210,266,0.021410464431449488
210,267,210,267,0.0
210,268,210,268,0.0
210,269,210,269,0.0
210,270,210,270,0.0
210,271,210,271,0.0
210,272,210,272,0.0
210,273,210,273,0.0
210,274,210,274,0.0
210,275,210,275,0.0
210,276,210,276,-0.003391842008770038
210,277,210,277,0.0
210,278,210,278,0.0
210,279,210,279,0.0
210,280,210,280,0.0
210,281,210,281,0.0
210,282,210,282,0.0
210,283,210,283,0.041353705204576326
210,284,210,284,0.021283254001914945
210,285,210,285,0.036287002443959535
210,286,210,286,0.03128164520996416
210,287,210,287,0.015910399615992627
210,288,210,288,0.011729400980171417
210,289,210,289,0.047337340098762226
210,290,210,290,0.023033705565357488
210,291,210,291,0.0
210,292,210,292,0.0
210,293,210,293,0.0
210,294,210,294,-0.0053203967110951956
210,295,210,295,-0.006126327437425806
210,296,210,296,0.0
210,297,210,297,0.0
210,298,210,298,0.0
211,212,211,212,0.0
211,213,211,213,0.016825728495984526
211,214,211,214,0.016389878796747637
211,215,211,215,0.016785216124019807
211,216,211,216,0.0
211,217,211,217,0.033179424553466036
211,218,211,218,0.03385553093841865
211,219,211,219,0.0021418667737320325
211,220,211,220,0.056615564988410576
211,221,211,221,0.03947986168468253
211,222,211,222,0.0556663738174441
211,223,211,223,0.0
211,224,211,224,-0.19992101671351242
211,225,211,225,-0.08242157673216546
211,226,211,226,-0.21245664735260017
211,227,211,227,-0.23151861389326303
211,228,211,228,0.0
211,229,211,229,0.0
211,230,211,230,0.0
211,231,211,231,0.0
211,232,211,232,0.0
211,233,211,233,0.023601228409162085
211,234,211,234,0.07428444287214214
211,235,211,235,-0.07594858951950756
211,236,211,236,0.02117059297397657
211,237,211,237,0.0056055785549806066
211,238,211,238,0.04073774631308855
211,239,211,239,0.036436078698091824
211,240,211,240,0.02909064699940739
211,241,211,241,0.04602483149251493
211,242,211,242,0.04115678398655248
211,243,211,243,0.04208507675032771
211,244,211,244,0.0
211,245,211,245,0.0
211,246,211,246,0.0
211,247,211,247,0.0
211,248,211,248,0.0
211,249,211,249,0.0
211,250,211,250,0.055475517825750414
211,251,211,251,0.05545343519524705
211,252,211,252,-0.06479457896513496
211,253,211,253,-0.06919976042113028
211,254,211,254,0.0
211,255,211,255,0.0
211,256,211,256,0.07358931448747005
211,257,211,257,0.0764983572425736
211,258,211,258,-0.0005292324086880664
211,259,211,259,0.0022873948592946037
211,260,211,260,0.06456581460711416
211,261,211,261,0.06890045295429653
211,262,211,262,0.04470943370012914
211,263,211,263,0.0
211,264,211,264,0.0
211,265,211,265,0.029501559943376283
211,266,211,266,0.016415787973704382
211,267,211,267,0.0
211,268,211,268,0.0
211,269,211,269,0.0
211,270,211,270,0.0
211,271,211,271,0.0
211,272,211,272,0.0
211,273,211,273,0.0
211,274,211,274,0.0
211,275,211,275,0.0
211,276,211,276,0.041020171183248084
211,277,211,277,0.0
211,278,211,278,0.0
211,279,211,279,0.0
211,280,211,280,0.0
211,281,211,281,0.0
211,282,211,282,0.0
211,283,211,283,0.06550332302895048
211,284,211,284,0.055570962706393584
211,285,211,285,0.060697425498997565
211,286,211,286,0.05964030547160318
211,287,211,287,0.05396479965158903
211,288,211,288,0.04302805496592527
211,289,211,289,0.06341073977230226
211,290,211,290,0.05175413406083496
211,291,211,291,0.0
211,292,211,292,0.0
211,293,211,293,0.0
211,294,211,294,0.04272318176837772
211,295,211,295,0.04571989195096735
211,296,211,296,0.0
211,297,211,297,0.0
211,298,211,298,0.0
212,213,212,213,0.0
212,214,212,214,0.0
212,215,212,215,0.0
212,216,212,216,0.0
212,217,212,217,0.0
212,218,212,218,0.0
212,219,212,219,0.0
212,220,212,220,0.0
212,221,212,221,0.0
212,222,212,222,0.0
212,223,212,223,0.0
212,224,212,224,0.0
212,225,212,225,0.0
212,226,212,226,0.0
212,227,212,227,0.0
212,228,212,228,0.0
212,229,212,229,0.0
212,230,212,230,0.0
212,231,212,231,0.0
212,232,212,232,0.0
212,233,212,233,0.0
212,234,212,234,0.0
212,235,212,235,0.0
212,236,212,236,0.0
212,237,212,237,0.0
212,238,212,238,0.0
212,239,212,239,0.0
212,240,212,240,0.0
212,241,212,241,0.0
212,242,212,242,0.0
212,243,212,243,0.0
212,244,212,244,0.0
212,245,212,245,0.0
212,246,212,246,0.0
212,247,212,247,0.0
212,248,212,248,0.0
212,249,212,249,0.0
212,250,212,250,0.0
212,251,212,251,0.0
212,252,212,252,0.0
212,253,212,253,0.0
212,254,212,254,0.0
212,255,212,255,0.0
212,256,212,256,0.0
212,257,212,257,0.0
212,258,212,258,0.0
212,259,212,259,0.0
212,260,212,260,0.0
212,261,212,261,0.0
212,262,212,262,0.0
212,263,212,263,0.0
212,264,212,264,0.0
212,265,212,265,0.0
212,266,212,266,0.0
212,267,212,267,0.0
212,268,212,268,0.0
212,269,212,269,0.0
212,270,212,270,0.0
212,271,212,271,0.0
212,272,212,272,0.0
212,273,212,273,0.0
212,274,212,274,0.0
212,275,212,275,0.0
212,276,212,276,0.0
212,277,212,277,0.0
212,278,212,278,0.0
212,279,212,279,0.0
212,280,212,280,0.0
212,281,212,281,0.0
212,282,212,282,0.0
212,283,212,283,0.0
212,284,212,284,0.0
212,285,212,285,0.0
212,286,212,286,0.0
212,287,212,287,0.0
212,288,212,288,0.0
212,289,212,289,0.0
212,290,212,290,0.0
212,291,212,291,0.0
212,292,212,292,0.0
212,293,212,293,0.0
212,294,212,294,0.0
212,295,212,295,0.0
212,296,212,296,0.0
212,297,212,297,0.0
212,298,212,298,0.0
213,214,213,214,0.7346350987144372
213,215,213,215,-0.053797865474348415
213,216,213,216,0.0
213,217,213,217,0.0011764824435869501
213,218,213,218,0.002221069276292411
213,219,213,219,0.004729820919702849
213,220,213,220,0.010476130818335384
213,221,213,221,0.010624304417619647
213,222,213,222,0.010946460819625893
213,223,213,223,0.0
213,224,213,224,-0.026981317416459448
213,225,213,225,-0.015482664205988499
213,226,213,226,-0.026928532042508918
213,227,213,227,-0.02691327572508738
213,228,213,228,0.0
213,229,213,229,0.0
213,230,213,230,0.0
213,231,213,231,0.0
213,232,213,232,0.0
213,233,213,233,0.012859598446526297
213,234,213,234,-0.0027317417298381042
213,235,213,235,-0.02215175506117241
213,236,213,236,-0.019561865745070798
213,237,213,237,-0.020785391678085956
213,238,213,238,0.002829007084496417
213,239,213,239,0.0027531248941220434
213,240,213,240,-0.00962505531275916
213,241,213,241,-0.007817571293439468
213,242,213,242,-0.0061893695926598675
213,243,213,243,-0.006266373986759774
213,244,213,244,0.0
213,245,213,245,0.0
213,246,213,246,0.0
213,247,213,247,0.0
213,248,213,248,0.0
213,249,213,249,0.0
213,250,213,250,-0.0008875460399104578
213,251,213,251,-0.003500487109234789
213,252,213,252,-0.0014578218498599506
213,253,213,253,0.0008821025218916838
213,254,213,254,0.0
213,255,213,255,0.0
213,256,213,256,0.003695280560837294
213,257,213,257,0.0005499260366667171
213,258,213,258,-0.0014979280083752171
213,259,213,259,8.307370682703455e-05
213,260,213,260,0.0015981151496592672
213,261,213,261,-0.0008859530488428741
213,262,213,262,0.0016696575044763688
213,263,213,263,0.0
213,264,213,264,0.0
213,265,213,265,-0.002707140863757262
213,266,213,266,-0.004108724565672158
213,267,213,267,0.0
213,268,213,268,0.0
213,269,213,269,0.0
213,270,213,270,0.0
213,271,213,271,0.0
213,272,213,272,0.0
213,273,213,273,0.0
213,274,213,274,0.0
213,275,213,275,0.0
213,276,213,276,-0.0038153797246939197
213,277,213,277,0.0
213,278,213,278,0.0
213,279,213,279,0.0
213,280,213,280,0.0
213,281,213,281,0.0
213,282,213,282,0.0
213,283,213,283,0.016024801060824375
213,284,213,284,0.005746966440467583
213,285,213,285,0.01122670406191104
213,286,213,286,0.010018044153293434
213,287,213,287,0.004416206753200283
213,288,213,288,-0.0013042081361009693
213,289,213,289,0.014519002378626791
213,290,213,290,0.0026397123903840105
213,291,213,291,0.0
213,292,213,292,0.0
213,293,213,293,0.0
213,294,213,294,-0.002776194665773571
213,295,213,295,-0.0028068309637208333
213,296,213,296,0.0
213,297,213,297,0.0
213,298,213,298,0.0
214,215,214,215,0.32760319786362996
214,216,214,216,0.0
214,217,214,217,0.003116232241829907
214,218,214,218,0.0039705927970168755
214,219,214,219,0.008059789400052366
214,220,214,220,0.004669523689190677
214,221,214,221,0.009393784289337641
214,222,214,222,0.006361933111969231
214,223,214,223,0.0
214,224,214,224,-0.009511624910652876
214,225,214,225,-0.0036837392673075633
214,226,214,226,-0.009405403384774115
214,227,214,227,-0.009365335718643794
214,228,214,228,0.0
214,229,214,229,0.0
214,230,214,230,0.0
214,231,214,231,0.0
214,232,214,232,0.0
214,233,214,233,0.014630755358216578
214,234,214,234,-0.004416484844701122
214,235,214,235,-0.024172696361765424
214,236,214,236,-0.00709461303903993
214,237,214,237,-0.017283813219102658
214,238,214,238,0.005819467654631484
214,239,214,239,0.005919311012636097
214,240,214,240,-0.004906094786544721
214,241,214,241,-0.0032711238444730587
214,242,214,242,-0.0012928713508252592
214,243,214,243,-0.0015426534137410574
214,244,214,244,0.0
214,245,214,245,0.0
214,246,214,246,0.0
214,247,214,247,0.0
214,248,214,248,0.0
214,249,214,249,0.0
214,250,214,250,0.0017989655585199365
214,251,214,251,0.00048364909997051755
214,252,214,252,-0.0044735487303006185
214,253,214,253,-0.005220528809183375
214,254,214,254,0.0
214,255,214,255,0.0
214,256,214,256,0.006830430825670399
214,257,214,257,0.006426932962976841
214,258,214,258,-0.0028009677261096643
214,259,214,259,0.00028243639523406054
214,260,214,260,0.00472831540676747
214,261,214,261,0.005190443933497784
214,262,214,262,0.00335613455470404
214,263,214,263,0.0
214,264,214,264,0.0
214,265,214,265,-0.0016759543066600408
214,266,214,266,-0.002032696334423867
214,267,214,267,0.0
214,268,214,268,0.0
214,269,214,269,0.0
214,270,214,270,0.0
214,271,214,271,0.0
214,272,214,272,0.0
214,273,214,273,0.0
214,274,214,274,0.0
214,275,214,275,0.0
214,276,214,276,-0.0012256400093455814
214,277,214,277,0.0
214,278,214,278,0.0
214,279,214,279,0.0
214,280,214,280,0.0
214,281,214,281,0.0
214,282,214,282,0.0
214,283,214,283,0.017928913973953402
214,284,214,284,0.008711221467510355
214,285,214,285,0.013621077005560712
214,286,214,286,0.013022469205481143
214,287,214,287,0.00796817405932766
214,288,214,288,0.0020209732265125658
214,289,214,289,0.017219338013655983
214,290,214,290,0.007270707215139061
214,291,214,291,0.0
214,292,214,292,0.0
214,293,214,293,0.0
214,294,214,294,-0.0011098411841411156
214,295,214,295,-0.0008882568548966467
214,296,214,296,0.0
214,297,214,297,0.0
214,298,214,298,0.0
215,216,215,216,0.0
215,217,215,217,0.010090287244078422
215,218,215,218,0.009313078983538167
215,219,215,219,0.006674487312666295
215,220,215,220,-0.0033195426044326346
215,221,215,221,0.0010046593895503607
215,222,215,222,-0.0018599555435953952
215,223,215,223,0.0
215,224,215,224,0.02668402836969336
215,225,215,225,0.02691118823140989
215,226,215,226,0.025107525347033276
215,227,215,227,0.021568307233058782
215,228,215,228,0.0
215,229,215,229,0.0
215,230,215,230,0.0
215,231,215,231,0.0
215,232,215,232,0.0
215,233,215,233,-0.003674382734892515
215,234,215,234,-0.0017092396727894314
215,235,215,235,0.014016562374740523
215,236,215,236,0.043624904030731895
215,237,215,237,0.02170595456185084
215,238,215,238,0.006790075655323629
215,239,215,239,0.0013951384221958885
215,240,215,240,0.012635605570733885
215,241,215,241,0.011980622436969974
215,242,215,242,0.011321569202036046
215,243,215,243,0.011434442281965516
215,244,215,244,0.0
215,245,215,245,0.0
215,246,215,246,0.0
215,247,215,247,0.0
215,248,215,248,0.0
215,249,215,249,0.0
215,250,215,250,0.009624290192886641
215,251,215,251,0.010638948121590367
215,252,215,252,-0.010157317436830883
215,253,215,253,-0.013388749945699269
215,254,215,254,0.0
215,255,215,255,0.0
215,256,215,256,0.009888679309073662
215,257,215,257,0.012029699911095261
215,258,215,258,-0.003804648266234937
215,259,215,259,0.0014450573064873492
215,260,215,260,0.01048570584852333
215,261,215,261,0.013262365830545065
215,262,215,262,0.0009670396386677858
215,263,215,263,0.0
215,264,215,264,0.0
215,265,215,265,0.007844411984872002
215,266,215,266,0.008919870762274264
215,267,215,267,0.0
215,268,215,268,0.0
215,269,215,269,0.0
215,270,215,270,0.0
215,271,215,271,0.0
215,272,215,272,0.0
215,273,215,273,0.0
215,274,215,274,0.0
215,275,215,275,0.0
215,276,215,276,0.006803105332034664
215,277,215,277,0.0
215,278,215,278,0.0
215,279,215,279,0.0
215,280,215,280,0.0
215,281,215,281,0.0
215,282,215,282,0.0
215,283,215,283,-0.0015508742347270957
215,284,215,284,0.0063559914530626855
215,285,215,285,0.0019999962065067847
215,286,215,286,0.0032726303715058295
215,287,215,287,0.007628470054255647
215,288,215,288,0.005400923454778666
215,289,215,289,0.00046662508496871904
215,290,215,290,0.009809047923899058
215,291,215,291,0.0
215,292,215,292,0.0
215,293,215,293,0.0
215,294,215,294,0.0032312626030881844
215,295,215,295,0.004018234657674888
215,296,215,296,0.0
215,297,215,297,0.0
215,298,215,298,0.0
216,217,216,217,0.0
216,218,216,218,0.0
216,219,216,219,0.0
216,220,216,220,0.0
216,221,216,221,0.0
216,222,216,222,0.0
216,223,216,223,0.0
216,224,216,224,0.0
216,225,216,225,0.0
216,226,216,226,0.0
216,227,216,227,0.0
216,228,216,228,0.0
216,229,216,229,0.0
216,230,216,230,0.0
216,231,216,231,0.0
216,232,216,232,0.0
216,233,216,233,0.0
216,234,216,234,0.0
216,235,216,235,0.0
216,236,216,236,0.0
216,237,216,237,0.0
216,238,216,238,0.0
216,239,216,239,0.0
216,240,216,240,0.0
216,241,216,241,0.0
216,242,216,242,0.0
216,243,216,243,0.0
216,244,216,244,0.0
216,245,216,245,0.0
216,246,216,246,0.0
216,247,216,247,0.0
216,248,216,248,0.0
216,249,216,249,0.0
216,250,216,250,0.0
216,251,216,251,0.0
216,252,216,252,0.0
216,253,216,253,0.0
216,254,216,254,0.0
216,255,216,255,0.0
216,256,216,256,0.0
216,257,216,257,0.0
216,258,216,258,0.0
216,259,216,259,0.0
216,260,216,260,0.0
216,261,216,261,0.0
216,262,216,262,0.0
216,263,216,263,0.0
216,264,216,264,0.0
216,265,216,265,0.0
216,266,216,266,0.0
216,267,216,267,0.0
216,268,216,268,0.0
216,269,216,269,0.0
216,270,216,270,0.0
216,271,216,271,0.0
216,272,216,272,0.0
216,273,216,273,0.0
216,274,216,274,0.0
216,275,216,275,0.0
216,276,216,276,0.0
216,277,216,277,0.0
216,278,216,278,0.0
216,279,216,279,0.0
216,280,216,280,0.0
216,281,216,281,0.0
216,282,216,282,0.0
216,283,216,283,0.0
216,284,216,284,0.0
216,285,216,285,0.0
216,286,216,286,0.0
216,287,216,287,0.0
216,288,216,288,0.0
216,289,216,289,0.0
216,290,216,290,0.0
216,291,216,291,0.0
216,292,216,292,0.0
216,293,216,293,0.0
216,294,216,294,0.0
216,295,216,295,0.0
216,296,216,296,0.0
216,297,216,297,0.0
216,298,216,298,0.0
217,218,217,218,0.9986234917152621
217,219,217,219,0.21898622207893823
217,220,217,220,0.446465793476736
217,221,217,221,0.6680626566559206
217,222,217,222,0.568091347778075
217,223,217,223,0.0
217,224,217,224,-0.01364844754533804
217,225,217,225,0.01845545038436994
217,226,217,226,-0.03768973287236404
217,227,217,227,-0.03721542822931381
217,228,217,228,0.0
217,229,217,229,0.0
217,230,217,230,0.0
217,231,217,231,0.0
217,232,217,232,0.0
217,233,217,233,0.09298289845261662
217,234,217,234,0.07233426274648908
217,235,217,235,-0.002705123583782252
217,236,217,236,0.03952686304071412
217,237,217,237,0.045543914903244526
217,238,217,238,0.0435766616119639
217,239,217,239,0.05932558043070706
217,240,217,240,0.04914392890552965
217,241,217,241,0.05329944071557231
217,242,217,242,0.055421007605006255
217,243,217,243,0.05421992613299442
217,244,217,244,0.0
217,245,217,245,0.0
217,246,217,246,0.0
217,247,217,247,0.0
217,248,217,248,0.0
217,249,217,249,0.0
217,250,217,250,0.05202351056499163
217,251,217,251,0.05265056128499258
217,252,217,252,-0.051714552307208214
217,253,217,253,-0.053008484348211066
217,254,217,254,0.0
217,255,217,255,0.0
217,256,217,256,0.05000077328879682
217,257,217,257,0.052258102786992236
217,258,217,258,-0.0012560847059216338
217,259,217,259,-0.0019289050892881147
217,260,217,260,0.05161356339543005
217,261,217,261,0.05303064192130625
217,262,217,262,0.04816219269452666
217,263,217,263,0.0
217,264,217,264,0.0
217,265,217,265,0.12194248663765274
217,266,217,266,0.11985709843073422
217,267,217,267,0.0
217,268,217,268,0.0
217,269,217,269,0.0
217,270,217,270,0.0
217,271,217,271,0.0
217,272,217,272,0.0
217,273,217,273,0.0
217,274,217,274,0.0
217,275,217,275,0.0
217,276,217,276,0.05064225811004551
217,277,217,277,0.0
217,278,217,278,0.0
217,279,217,279,0.0
217,280,217,280,0.0
217,281,217,281,0.0
217,282,217,282,0.0
217,283,217,283,0.06655554488919574
217,284,217,284,0.06950559602077219
217,285,217,285,0.06995305106796536
217,286,217,286,0.06839128085494084
217,287,217,287,0.06734947676270807
217,288,217,288,0.048492276800101534
217,289,217,289,0.06661063559857709
217,290,217,290,0.06831971797412624
217,291,217,291,0.0
217,292,217,292,0.0
217,293,217,293,0.0
217,294,217,294,0.04797650987443979
217,295,217,295,0.047094890342522656
217,296,217,296,0.0
217,297,217,297,0.0
217,298,217,298,0.0
218,219,218,219,0.21892963961810924
218,220,218,220,0.46114728810404604
218,221,218,221,0.6720644592924987
218,222,218,222,0.5784706992949673
218,223,218,223,0.0
218,224,218,224,-0.015868285993954987
218,225,218,225,0.017008274162084856
218,226,218,226,-0.039925638608689355
218,227,218,227,-0.03940345098199619
218,228,218,228,0.0
218,229,218,229,0.0
218,230,218,230,0.0
218,231,218,231,0.0
218,232,218,232,0.0
218,233,218,233,0.09255696115564399
218,234,218,234,0.07283936378745326
218,235,218,235,-0.0035765440656710893
218,236,218,236,0.03844494283075288
218,237,218,237,0.04443713607146428
218,238,218,238,0.04382742738125341
218,239,218,239,0.059162349691063695
218,240,218,240,0.048823938779866564
218,241,218,241,0.05316565498462846
218,242,218,242,0.05519893657384218
218,243,218,243,0.05403153154075156
218,244,218,244,0.0
218,245,218,245,0.0
218,246,218,246,0.0
218,247,218,247,0.0
218,248,218,248,0.0
218,249,218,249,0.0
218,250,218,250,0.05171853591042512
218,251,218,251,0.05237903963896503
218,252,218,252,-0.051412934399328224
218,253,218,253,-0.05274235608902169
218,254,218,254,0.0
218,255,218,255,0.0
218,256,218,256,0.04981345711439241
218,257,218,257,0.051991720579857924
218,258,218,258,-0.0016415518616223893
218,259,218,259,-0.0021230110755263557
218,260,218,260,0.05135097806332499
218,261,218,261,0.05277832207859502
218,262,218,262,0.047974047086297274
218,263,218,263,0.0
218,264,218,264,0.0
218,265,218,265,0.12185476291603044
218,266,218,266,0.11962599591455876
218,267,218,267,0.0
218,268,218,268,0.0
218,269,218,269,0.0
218,270,218,270,0.0
218,271,218,271,0.0
218,272,218,272,0.0
218,273,218,273,0.0
218,274,218,274,0.0
218,275,218,275,0.0
218,276,218,276,0.05045042554213243
218,277,218,277,0.0
218,278,218,278,0.0
218,279,218,279,0.0
218,280,218,280,0.0
218,281,218,281,0.0
218,282,218,282,0.0
218,283,218,283,0.0662820227050944
218,284,218,284,0.06928883110491747
218,285,218,285,0.06973501103583134
218,286,218,286,0.06810673297281973
218,287,218,287,0.06706867882791957
218,288,218,288,0.04829429787062671
218,289,218,289,0.06636387730126579
218,290,218,290,0.06811027235332281
218,291,218,291,0.0
218,292,218,292,0.0
218,293,218,293,0.0
218,294,218,294,0.04790179949979628
218,295,218,295,0.04703463822134842
218,296,218,296,0.0
218,297,218,297,0.0
218,298,218,298,0.0
219,220,219,220,-0.021733771683250476
219,221,219,221,0.5593835541838251
219,222,219,222,0.1814008648047166
219,223,219,223,0.0
219,224,219,224,0.0847916871027114
219,225,219,225,0.08105604992153596
219,226,219,226,0.06654044022592957
219,227,219,227,0.06602055749497548
219,228,219,228,0.0
219,229,219,229,0.0
219,230,219,230,0.0
219,231,219,231,0.0
219,232,219,232,0.0
219,233,219,233,0.03173255993525238
219,234,219,234,-0.012163212975038903
219,235,219,235,0.07754227493090765
219,236,219,236,0.07086680223956064
219,237,219,237,0.003589466499114257
219,238,219,238,0.01974994776016976
219,239,219,239,0.020117916568481435
219,240,219,240,0.027090706648220872
219,241,219,241,0.021494227930312748
219,242,219,242,0.023453661711021135
219,243,219,243,0.023558540917039218
219,244,219,244,0.0
219,245,219,245,0.0
219,246,219,246,0.0
219,247,219,247,0.0
219,248,219,248,0.0
219,249,219,249,0.0
219,250,219,250,0.024018190404518306
219,251,219,251,0.02272559157001057
219,252,219,252,-0.024641602019351807
219,253,219,253,-0.027046876000722326
219,254,219,254,0.0
219,255,219,255,0.0
219,256,219,256,0.023220971352358045
219,257,219,257,0.026955864746014295
219,258,219,258,-0.0037795137898277106
219,259,219,259,0.0020569572191267856
219,260,219,260,0.024904813277748555
219,261,219,261,0.026850458758526922
219,262,219,262,0.011877812699849485
219,263,219,263,0.0
219,264,219,264,0.0
219,265,219,265,0.09897986335248588
219,266,219,266,0.10321582734190779
219,267,219,267,0.0
219,268,219,268,0.0
219,269,219,269,0.0
219,270,219,270,0.0
219,271,219,271,0.0
219,272,219,272,0.0
219,273,219,273,0.0
219,274,219,274,0.0
219,275,219,275,0.0
219,276,219,276,0.019497270924503974
219,277,219,277,0.0
219,278,219,278,0.0
219,279,219,279,0.0
219,280,219,280,0.0
219,281,219,281,0.0
219,282,219,282,0.0
219,283,219,283,0.0306750182638247
219,284,219,284,0.03892187662990099
219,285,219,285,0.03588020896331062
219,286,219,286,0.03639019879238697
219,287,219,287,0.039136786385040236
219,288,219,288,0.016457101982060823
219,289,219,289,0.03142665646877665
219,290,219,290,0.04179948248117953
219,291,219,291,0.0
219,292,219,292,0.0
219,293,219,293,0.0
219,294,219,294,0.016309242222438035
219,295,219,295,0.016992236192360108
219,296,219,296,0.0
219,297,219,297,0.0
219,298,219,298,0.0
220,221,220,221,0.6499042903049906
220,222,220,222,0.9573067770524485
220,223,220,223,0.0
220,224,220,224,-0.16078473981210903
220,225,220,225,-0.09382556966715849
220,226,220,226,-0.1765140042429457
220,227,220,227,-0.1758996090180777
220,228,220,228,0.0
220,229,220,229,0.0
220,230,220,230,0.0
220,231,220,231,0.0
220,232,220,232,0.0
220,233,220,233,0.07286577539162135
220,234,220,234,0.1298049569395559
220,235,220,235,-0.1210093654804275
220,236,220,236,-0.0656028665393734
220,237,220,237,0.06152806247125232
220,238,220,238,0.04953600535051816
220,239,220,239,0.07005195182080011
220,240,220,240,0.035778154553489865
220,241,220,241,0.052302078053104356
220,242,220,242,0.05283102696956018
220,243,220,243,0.050709574281473706
220,244,220,244,0.0
220,245,220,245,0.0
220,246,220,246,0.0
220,247,220,247,0.0
220,248,220,248,0.0
220,249,220,249,0.0
220,250,220,250,0.05137928524699483
220,251,220,251,0.051191410995863475
220,252,220,252,-0.05112229379140738
220,253,220,253,-0.04891718059095579
220,254,220,254,0.0
220,255,220,255,0.0
220,256,220,256,0.05283461072893348
220,257,220,257,0.051080221713649315
220,258,220,258,-0.0013767910857594107
220,259,220,259,-0.002517761904639514
220,260,220,260,0.05103568318209017
220,261,220,261,0.04898801810156928
220,262,220,262,0.059924350721613076
220,263,220,263,0.0
220,264,220,264,0.0
220,265,220,265,0.0631505792067855
220,266,220,266,0.05246666504407678
220,267,220,267,0.0
220,268,220,268,0.0
220,269,220,269,0.0
220,270,220,270,0.0
220,271,220,271,0.0
220,272,220,272,0.0
220,273,220,273,0.0
220,274,220,274,0.0
220,275,220,275,0.0
220,276,220,276,0.05355266002006415
220,277,220,277,0.0
220,278,220,278,0.0
220,279,220,279,0.0
220,280,220,280,0.0
220,281,220,281,0.0
220,282,220,282,0.0
220,283,220,283,0.07224857034236216
220,284,220,284,0.06322045734740717
220,285,220,285,0.0690125431626035
220,286,220,286,0.06607464349894629
220,287,220,287,0.05967369096765033
220,288,220,288,0.05392585583564576
220,289,220,289,0.07013229119484307
220,290,220,290,0.05637191111638005
220,291,220,291,0.0
220,292,220,292,0.0
220,293,220,293,0.0
220,294,220,294,0.054556176462718424
220,295,220,295,0.05145703627230853
220,296,220,296,0.0
220,297,220,297,0.0
220,298,220,298,0.0
221,222,221,222,0.8346917068958098
221,223,221,223,0.0
221,224,221,224,-0.03656903392094154
221,225,221,225,0.005245208465565338
221,226,221,226,-0.06388117753882817
221,227,221,227,-0.06333977776877936
221,228,221,228,0.0
221,229,221,229,0.0
221,230,221,230,0.0
221,231,221,231,0.0
221,232,221,232,0.0
221,233,221,233,0.08772104684015417
221,234,221,234,0.0852512449160824
221,235,221,235,-0.018706160878921126
221,236,221,236,0.012535134671870236
221,237,221,237,0.05332649708248533
221,238,221,238,0.05826788490683117
221,239,221,239,0.07764101551036412
221,240,221,240,0.055697559310826227
221,241,221,241,0.06280892823605304
221,242,221,242,0.06540568383539462
221,243,221,243,0.06348559885093917
221,244,221,244,0.0
221,245,221,245,0.0
221,246,221,246,0.0
221,247,221,247,0.0
221,248,221,248,0.0
221,249,221,249,0.0
221,250,221,250,0.06792073837467694
221,251,221,251,0.06593668145678729
221,252,221,252,-0.06891280071092834
221,253,221,253,-0.06749229107977474
221,254,221,254,0.0
221,255,221,255,0.0
221,256,221,256,0.06863880305759767
221,257,221,257,0.07045952068541877
221,258,221,258,-0.0031602939148665027
221,259,221,259,0.0009797933164765577
221,260,221,260,0.0689237124847046
221,261,221,261,0.06728582809504653
221,262,221,262,0.06259832106391218
221,263,221,263,0.0
221,264,221,264,0.0
221,265,221,265,0.1335243283045872
221,266,221,266,0.1299441230052408
221,267,221,267,0.0
221,268,221,268,0.0
221,269,221,269,0.0
221,270,221,270,0.0
221,271,221,271,0.0
221,272,221,272,0.0
221,273,221,273,0.0
221,274,221,274,0.0
221,275,221,275,0.0
221,276,221,276,0.06393368303524812
221,277,221,277,0.0
221,278,221,278,0.0
221,279,221,279,0.0
221,280,221,280,0.0
221,281,221,281,0.0
221,282,221,282,0.0
221,283,221,283,0.08926366906106468
221,284,221,284,0.08888061839518926
221,285,221,285,0.09099379303244602
221,286,221,286,0.08901015211350821
221,287,221,287,0.08611350895380566
221,288,221,288,0.06201943675986108
221,289,221,289,0.08828902196481997
221,290,221,290,0.08584628149554797
221,291,221,291,0.0
221,292,221,292,0.0
221,293,221,293,0.0
221,294,221,294,0.06167010445551714
221,295,221,295,0.059850499450813506
221,296,221,296,0.0
221,297,221,297,0.0
221,298,221,298,0.0
222,223,222,223,0.0
222,224,222,224,-0.13100772748624318
222,225,222,225,-0.0672951533298411
222,226,222,226,-0.15224895146024894
222,227,222,227,-0.15152780997421705
222,228,222,228,0.0
222,229,222,229,0.0
222,230,222,230,0.0
222,231,222,231,0.0
222,232,222,232,0.0
222,233,222,233,0.08550795022295778
222,234,222,234,0.12708554278173959
222,235,222,235,-0.09794671925736151
222,236,222,236,-0.04486755472314542
222,237,222,237,0.06441015443379357
222,238,222,238,0.05723234982563574
222,239,222,239,0.07985469318428014
222,240,222,240,0.046280094707913735
222,241,222,241,0.06110492208603747
222,242,222,242,0.06244408793573687
222,243,222,243,0.06014133900129587
222,244,222,244,0.0
222,245,222,245,0.0
222,246,222,246,0.0
222,247,222,247,0.0
222,248,222,248,0.0
222,249,222,249,0.0
222,250,222,250,0.0624872722255935
222,251,222,251,0.061486491109046984
222,252,222,252,-0.06270245112671885
222,253,222,253,-0.06029233235612378
222,254,222,254,0.0
222,255,222,255,0.0
222,256,222,256,0.06394051246010418
222,257,222,257,0.06307044508927535
222,258,222,258,-0.0018744874796693789
222,259,222,259,-0.0012179509311323205
222,260,222,260,0.06261440895256273
222,261,222,261,0.0602508697287839
222,262,222,262,0.06687023840008081
222,263,222,263,0.0
222,264,222,264,0.0
222,265,222,265,0.09394035907529576
222,266,222,266,0.08482968332170235
222,267,222,267,0.0
222,268,222,268,0.0
222,269,222,269,0.0
222,270,222,270,0.0
222,271,222,271,0.0
222,272,222,272,0.0
222,273,222,273,0.0
222,274,222,274,0.0
222,275,222,275,0.0
222,276,222,276,0.062485451444700774
222,277,222,277,0.0
222,278,222,278,0.0
222,279,222,279,0.0
222,280,222,280,0.0
222,281,222,281,0.0
222,282,222,282,0.0
222,283,222,283,0.0857112952565677
222,284,222,284,0.07863560386415937
222,285,222,285,0.08379211810092284
222,286,222,286,0.08092804918549128
222,287,222,287,0.07503830573027769
222,288,222,288,0.062192706024007845
222,289,222,289,0.08376729497094323
222,290,222,290,0.07240187185194182
222,291,222,291,0.0
222,292,222,292,0.0
222,293,222,293,0.0
222,294,222,294,0.06243222874329278
222,295,222,295,0.059524464807710176
222,296,222,296,0.0
222,297,222,297,0.0
222,298,222,298,0.0
223,224,223,224,0.0
223,225,223,225,0.0
223,226,223,226,0.0
223,227,223,227,0.0
223,228,223,228,0.0
223,229,223,229,0.0
223,230,223,230,0.0
223,231,223,231,0.0
223,232,223,232,0.0
223,233,223,233,0.0
223,234,223,234,0.0
223,235,223,235,0.0
223,236,223,236,0.0
223,237,223,237,0.0
223,238,223,238,0.0
223,239,223,239,0.0
223,240,223,240,0.0
223,241,223,241,0.0
223,242,223,242,0.0
223,243,223,243,0.0
223,244,223,244,0.0
223,245,223,245,0.0
223,246,223,246,0.0
223,247,223,247,0.0
223,248,223,248,0.0
223,249,223,249,0.0
223,250,223,250,0.0
223,251,223,251,0.0
223,252,223,252,0.0
223,253,223,253,0.0
223,254,223,254,0.0
223,255,223,255,0.0
223,256,223,256,0.0
223,257,223,257,0.0
223,258,223,258,0.0
223,259,223,259,0.0
223,260,223,260,0.0
223,261,223,261,0.0
223,262,223,262,0.0
223,263,223,263,0.0
223,264,223,264,0.0
223,265,223,265,0.0
223,266,223,266,0.0
223,267,223,267,0.0
223,268,223,268,0.0
223,269,223,269,0.0
223,270,223,270,0.0
223,271,223,271,0.0
223,272,223,272,0.0
223,273,223,273,0.0
223,274,223,274,0.0
223,275,223,275,0.0
223,276,223,276,0.0
223,277,223,277,0.0
223,278,223,278,0.0
223,279,223,279,0.0
223,280,223,280,0.0
223,281,223,281,0.0
223,282,223,282,0.0
223,283,223,283,0.0
223,284,223,284,0.0
223,285,223,285,0.0
223,286,223,286,0.0
223,287,223,287,0.0
223,288,223,288,0.0
223,289,223,289,0.0
223,290,223,290,0.0
223,291,223,291,0.0
223,292,223,292,0.0
223,293,223,293,0.0
223,294,223,294,0.0
223,295,223,295,0.0
223,296,223,296,0.0
223,297,223,297,0.0
223,298,223,298,0.0
224,225,224,225,0.7737689139408337
224,226,224,226,0.9765478179152536
224,227,224,227,0.951582164546728
224,228,224,228,0.0
224,229,224,229,0.0
224,230,224,230,0.0
224,231,224,231,0.0
224,232,224,232,0.0
224,233,224,233,0.005597721684076116
224,234,224,234,-0.36098575693138957
224,235,224,235,-0.027227341872312686
224,236,224,236,0.04356932771705082
224,237,224,237,0.009945525274393636
224,238,224,238,-0.025745197498606185
224,239,224,239,0.03804895193687842
224,240,224,240,0.003448983221140614
224,241,224,241,-0.04365741116204056
224,242,224,242,-0.007038494334145765
224,243,224,243,-0.010658727625165735
224,244,224,244,0.0
224,245,224,245,0.0
224,246,224,246,0.0
224,247,224,247,0.0
224,248,224,248,0.0
224,249,224,249,0.0
224,250,224,250,-0.005481101226814608
224,251,224,251,-0.001635251837476881
224,252,224,252,-0.005670623301029183
224,253,224,253,-0.028583916409264064
224,254,224,254,0.0
224,255,224,255,0.0
224,256,224,256,-0.011341360308350019
224,257,224,257,0.02515524472635106
224,258,224,258,-0.0018336623238456196
224,259,224,259,-0.0007355836238661043
224,260,224,260,0.00582553420009572
224,261,224,261,0.028575062856548865
224,262,224,262,-0.010570796231668537
224,263,224,263,0.0
224,264,224,264,0.0
224,265,224,265,0.12216301571930141
224,266,224,266,0.18365121146424981
224,267,224,267,0.0
224,268,224,268,0.0
224,269,224,269,0.0
224,270,224,270,0.0
224,271,224,271,0.0
224,272,224,272,0.0
224,273,224,273,0.0
224,274,224,274,0.0
224,275,224,275,0.0
224,276,224,276,-0.018152586737374545
224,277,224,277,0.0
224,278,224,278,0.0
224,279,224,279,0.0
224,280,224,280,0.0
224,281,224,281,0.0
224,282,224,282,0.0
224,283,224,283,0.030675890907663796
224,284,224,284,0.029336224869026036
224,285,224,285,0.04360565522332893
224,286,224,286,0.03663850147113574
224,287,224,287,0.021960156742311866
224,288,224,288,-0.002470991590346013
224,289,224,289,0.0429567194428444
224,290,224,290,0.04458501481825158
224,291,224,291,0.0
224,292,224,292,0.0
224,293,224,293,0.0
224,294,224,294,-0.031151805373584272
224,295,224,295,-0.03652668391343495
224,296,224,296,0.0
224,297,224,297,0.0
224,298,224,298,0.0
225,226,225,226,0.7112665994594835
225,227,225,227,0.6875558951061035
225,228,225,228,0.0
225,229,225,229,0.0
225,230,225,230,0.0
225,231,225,231,0.0
225,232,225,232,0.0
225,233,225,233,0.02905000389966358
225,234,225,234,-0.2520258363813358
225,235,225,235,-0.02507357540940285
225,236,225,236,0.06290484759539829
225,237,225,237,0.041194947542563136
225,238,225,238,-0.009687660601468527
225,239,225,239,0.053118800353576426
225,240,225,240,0.01985386170348091
225,241,225,241,-0.015641586995222508
225,242,225,242,0.014830712576901358
225,243,225,243,0.011201821288721282
225,244,225,244,0.0
225,245,225,245,0.0
225,246,225,246,0.0
225,247,225,247,0.0
225,248,225,248,0.0
225,249,225,249,0.0
225,250,225,250,0.021428011105674247
225,251,225,251,0.024854358465230972
225,252,225,252,-0.03267924504582705
225,253,225,253,-0.053575609440096914
225,254,225,254,0.0
225,255,225,255,0.0
225,256,225,256,0.017315459781892494
225,257,225,257,0.05185290017327119
225,258,225,258,-0.0013395196896982967
225,259,225,259,-0.0003611587078849548
225,260,225,260,0.03266884529428542
225,261,225,261,0.053489511261807766
225,262,225,262,0.010604388944797519
225,263,225,263,0.0
225,264,225,264,0.0
225,265,225,265,0.30121127443050427
225,266,225,266,0.34642376366627553
225,267,225,267,0.0
225,268,225,268,0.0
225,269,225,269,0.0
225,270,225,270,0.0
225,271,225,271,0.0
225,272,225,272,0.0
225,273,225,273,0.0
225,274,225,274,0.0
225,275,225,275,0.0
225,276,225,276,0.013697160085057902
225,277,225,277,0.0
225,278,225,278,0.0
225,279,225,279,0.0
225,280,225,280,0.0
225,281,225,281,0.0
225,282,225,282,0.0
225,283,225,283,0.07706926218154214
225,284,225,284,0.08450212485044266
225,285,225,285,0.09316826798119986
225,286,225,286,0.08689090332833575
225,287,225,287,0.0774174609102105
225,288,225,288,0.016991857674847503
225,289,225,289,0.08356851574020958
225,290,225,290,0.09506421626115735
225,291,225,291,0.0
225,292,225,292,0.0
225,293,225,293,0.0
225,294,225,294,-0.0015808748808743322
225,295,225,295,-0.005073819142607076
225,296,225,296,0.0
225,297,225,297,0.0
225,298,225,298,0.0
226,227,226,227,0.9712283728382937
226,228,226,228,0.0
226,229,226,229,0.0
226,230,226,230,0.0
226,231,226,231,0.0
226,232,226,232,0.0
226,233,226,233,-0.02485151717615271
226,234,226,234,-0.3801311799203883
226,235,226,235,-0.039341704529864005
226,236,226,236,0.02199675542331288
226,237,226,237,-0.005165711343736044
226,238,226,238,-0.03767733239003257
226,239,226,239,0.022530237131724803
226,240,226,240,-0.010427823511039769
226,241,226,241,-0.05754780814717837
226,242,226,242,-0.02143313745107083
226,243,226,243,-0.024749527369123985
226,244,226,244,0.0
226,245,226,245,0.0
226,246,226,246,0.0
226,247,226,247,0.0
226,248,226,248,0.0
226,249,226,249,0.0
226,250,226,250,-0.019819542398474367
226,251,226,251,-0.01597978171177854
226,252,226,252,0.008474825473028367
226,253,226,253,-0.014615706742749947
226,254,226,254,0.0
226,255,226,255,0.0
226,256,226,256,-0.02501778154068916
226,257,226,257,0.011277633863358628
226,258,226,258,-0.00100414309865426
226,259,226,259,-0.0006993281914237393
226,260,226,260,-0.008339851527037225
226,261,226,261,0.014633255856898656
226,262,226,262,-0.023086008613145078
226,263,226,263,0.0
226,264,226,264,0.0
226,265,226,265,-0.06913431458327576
226,266,226,266,-0.006929707609773483
226,267,226,267,0.0
226,268,226,268,0.0
226,269,226,269,0.0
226,270,226,270,0.0
226,271,226,271,0.0
226,272,226,272,0.0
226,273,226,273,0.0
226,274,226,274,0.0
226,275,226,275,0.0
226,276,226,276,-0.036107327630671815
226,277,226,277,0.0
226,278,226,278,0.0
226,279,226,279,0.0
226,280,226,280,0.0
226,281,226,281,0.0
226,282,226,282,0.0
226,283,226,283,-0.013185498494344456
226,284,226,284,-0.01877808845478738
226,285,226,285,-0.0035893495641965783
226,286,226,286,-0.009559770111537138
226,287,226,287,-0.02476385939021316
226,288,226,288,-0.014987078682509848
226,289,226,289,0.00028274635976423935
226,290,226,290,-0.0013190704805748426
226,291,226,291,0.0
226,292,226,292,0.0
226,293,226,293,0.0
226,294,226,294,-0.044014354111890905
226,295,226,295,-0.0493226754275369
226,296,226,296,0.0
226,297,226,297,0.0
226,298,226,298,0.0
227,228,227,228,0.0
227,229,227,229,0.0
227,230,227,230,0.0
227,231,227,231,0.0
227,232,227,232,0.0
227,233,227,233,-0.01694706037614881
227,234,227,234,-0.3765147994906667
227,235,227,235,-0.022690611885420188
227,236,227,236,0.020304939803788565
227,237,227,237,-0.015329736592148662
227,238,227,238,-0.03681377983696906
227,239,227,239,0.016964395545964604
227,240,227,240,-0.011901968883210677
227,241,227,241,-0.05852367676984657
227,242,227,242,-0.023835056668246524
227,243,227,243,-0.026665677529354847
227,244,227,244,0.0
227,245,227,245,0.0
227,246,227,246,0.0
227,247,227,247,0.0
227,248,227,248,0.0
227,249,227,249,0.0
227,250,227,250,-0.026015586850630233
227,251,227,251,-0.024034280043231392
227,252,227,252,0.016859078277923992
227,253,227,253,-0.0010065085825351665
227,254,227,254,0.0
227,255,227,255,0.0
227,256,227,256,-0.03137475772376274
227,257,227,257,-0.002678456464900401
227,258,227,258,-0.0008440287347019087
227,259,227,259,-0.0005194219091379038
227,260,227,260,-0.016703471147800682
227,261,227,261,0.0010399061961916408
227,262,227,262,-0.028553374230335334
227,263,227,263,0.0
227,264,227,264,0.0
227,265,227,265,-0.05958894044048973
227,266,227,266,0.0004565380809885368
227,267,227,267,0.0
227,268,227,268,0.0
227,269,227,269,0.0
227,270,227,270,0.0
227,271,227,271,0.0
227,272,227,272,0.0
227,273,227,273,0.0
227,274,227,274,0.0
227,275,227,275,0.0
227,276,227,276,-0.040677017308828355
227,277,227,277,0.0
227,278,227,278,0.0
227,279,227,279,0.0
227,280,227,280,0.0
227,281,227,281,0.0
227,282,227,282,0.0
227,283,227,283,-0.020285704598046725
227,284,227,284,-0.024720876146833347
227,285,227,285,-0.010948191444818636
227,286,227,286,-0.016867717174022974
227,287,227,287,-0.030583359488381076
227,288,227,288,-0.020787675735363623
227,289,227,289,-0.006559310423565614
227,290,227,290,-0.008596155780861033
227,291,227,291,0.0
227,292,227,292,0.0
227,293,227,293,0.0
227,294,227,294,-0.048770331680024426
227,295,227,295,-0.05404030620459582
227,296,227,296,0.0
227,297,227,297,0.0
227,298,227,298,0.0
228,229,228,229,0.0
228,230,228,230,0.0
228,231,228,231,0.0
228,232,228,232,0.0
228,233,228,233,0.0
228,234,228,234,0.0
228,235,228,235,0.0
228,236,228,236,0.0
228,237,228,237,0.0
228,238,228,238,0.0
228,239,228,239,0.0
228,240,228,240,0.0
228,241,228,241,0.0
228,242,228,242,0.0
228,243,228,243,0.0
228,244,228,244,0.0
228,245,228,245,0.0
228,246,228,246,0.0
228,247,228,247,0.0
228,248,228,248,0.0
228,249,228,249,0.0
228,250,228,250,0.0
228,251,228,251,0.0
228,252,228,252,0.0
228,253,228,253,0.0
228,254,228,254,0.0
228,255,228,255,0.0
228,256,228,256,0.0
228,257,228,257,0.0
228,258,228,258,0.0
228,259,228,259,0.0
228,260,228,260,0.0
228,261,228,261,0.0
228,262,228,262,0.0
228,263,228,263,0.0
228,264,228,264,0.0
228,265,228,265,0.0
228,266,228,266,0.0
228,267,228,267,0.0
228,268,228,268,0.0
228,269,228,269,0.0
228,270,228,270,0.0
228,271,228,271,0.0
228,272,228,272,0.0
228,273,228,273,0.0
228,274,228,274,0.0
228,275,228,275,0.0
228,276,228,276,0.0
228,277,228,277,0.0
228,278,228,278,0.0
228,279,228,279,0.0
228,280,228,280,0.0
228,281,228,281,0.0
228,282,228,282,0.0
228,283,228,283,0.0
228,284,228,284,0.0
228,285,228,285,0.0
228,286,228,286,0.0
228,287,228,287,0.0
228,288,228,288,0.0
228,289,228,289,0.0
228,290,228,290,0.0
228,291,228,291,0.0
228,292,228,292,0.0
228,293,228,293,0.0
228,294,228,294,0.0
228,295,228,295,0.0
228,296,228,296,0.0
228,297,228,297,0.0
228,298,228,298,0.0
229,230,229,230,0.0
229,231,229,231,0.0
229,232,229,232,0.0
229,233,229,233,0.0
229,234,229,234,0.0
229,235,229,235,0.0
229,236,229,236,0.0
229,237,229,237,0.0
229,238,229,238,0.0
229,239,229,239,0.0
229,240,229,240,0.0
229,241,229,241,0.0
229,242,229,242,0.0
229,243,229,243,0.0
229,244,229,244,0.0
229,245,229,245,0.0
229,246,229,246,0.0
229,247,229,247,0.0
229,248,229,248,0.0
229,249,229,249,0.0
229,250,229,250,0.0
229,251,229,251,0.0
229,252,229,252,0.0
229,253,229,253,0.0
229,254,229,254,0.0
229,255,229,255,0.0
229,256,229,256,0.0
229,257,229,257,0.0
229,258,229,258,0.0
229,259,229,259,0.0
229,260,229,260,0.0
229,261,229,261,0.0
229,262,229,262,0.0
229,263,229,263,0.0
229,264,229,264,0.0
229,265,229,265,0.0
229,266,229,266,0.0
229,267,229,267,0.0
229,268,229,268,0.0
229,269,229,269,0.0
229,270,229,270,0.0
229,271,229,271,0.0
229,272,229,272,0.0
229,273,229,273,0.0
229,274,229,274,0.0
229,275,229,275,0.0
229,276,229,276,0.0
229,277,229,277,0.0
229,278,229,278,0.0
229,279,229,279,0.0
229,280,229,280,0.0
229,281,229,281,0.0
229,282,229,282,0.0
229,283,229,283,0.0
229,284,229,284,0.0
229,285,229,285,0.0
229,286,229,286,0.0
229,287,229,287,0.0
229,288,229,288,0.0
229,289,229,289,0.0
229,290,229,290,0.0
229,291,229,291,0.0
229,292,229,292,0.0
229,293,229,293,0.0
229,294,229,294,0.0
229,295,229,295,0.0
229,296,229,296,0.0
229,297,229,297,0.0
229,298,229,298,0.0
230,231,230,231,0.0
230,232,230,232,0.0
230,233,230,233,0.0
230,234,230,234,0.0
230,235,230,235,0.0
230,236,230,236,0.0
230,237,230,237,0.0
230,238,230,238,0.0
230,239,230,239,0.0
230,240,230,240,0.0
230,241,230,241,0.0
230,242,230,242,0.0
230,243,230,243,0.0
230,244,230,244,0.0
230,245,230,245,0.0
230,246,230,246,0.0
230,247,230,247,0.0
230,248,230,248,0.0
230,249,230,249,0.0
230,250,230,250,0.0
230,251,230,251,0.0
230,252,230,252,0.0
230,253,230,253,0.0
230,254,230,254,0.0
230,255,230,255,0.0
230,256,230,256,0.0
230,257,230,257,0.0
230,258,230,258,0.0
230,259,230,259,0.0
230,260,230,260,0.0
230,261,230,261,0.0
230,262,230,262,0.0
230,263,230,263,0.0
230,264,230,264,0.0
230,265,230,265,0.0
230,266,230,266,0.0
230,267,230,267,0.0
230,268,230,268,0.0
230,269,230,269,0.0
230,270,230,270,0.0
230,271,230,271,0.0
230,272,230,272,0.0
230,273,230,273,0.0
230,274,230,274,0.0
230,275,230,275,0.0
230,276,230,276,0.0
230,277,230,277,0.0
230,278,230,278,0.0
230,279,230,279,0.0
230,280,230,280,0.0
230,281,230,281,0.0
230,282,230,282,0.0
230,283,230,283,0.0
230,284,230,284,0.0
230,285,230,285,0.0
230,286,230,286,0.0
230,287,230,287,0.0
230,288,230,288,0.0
230,289,230,289,0.0
230,290,230,290,0.0
230,291,230,291,0.0
230,292,230,292,0.0
230,293,230,293,0.0
230,294,230,294,0.0
230,295,230,295,0.0
230,296,230,296,0.0
230,297,230,297,0.0
230,298,230,298,0.0
231,232,231,232,0.0
231,233,231,233,0.0
231,234,231,234,0.0
231,235,231,235,0.0
231,236,231,236,0.0
231,237,231,237,0.0
231,238,231,238,0.0
231,239,231,239,0.0
231,240,231,240,0.0
231,241,231,241,0.0
231,242,231,242,0.0
231,243,231,243,0.0
231,244,231,244,0.0
231,245,231,245,0.0
231,246,231,246,0.0
231,247,231,247,0.0
231,248,231,248,0.0
231,249,231,249,0.0
231,250,231,250,0.0
231,251,231,251,0.0
231,252,231,252,0.0
231,253,231,253,0.0
231,254,231,254,0.0
231,255,231,255,0.0
231,256,231,256,0.0
231,257,231,257,0.0
231,258,231,258,0.0
231,259,231,259,0.0
231,260,231,260,0.0
231,261,231,261,0.0
231,262,231,262,0.0
231,263,231,263,0.0
231,264,231,264,0.0
231,265,231,265,0.0
231,266,231,266,0.0
231,267,231,267,0.0
231,268,231,268,0.0
231,269,231,269,0.0
231,270,231,270,0.0
231,271,231,271,0.0
231,272,231,272,0.0
231,273,231,273,0.0
231,274,231,274,0.0
231,275,231,275,0.0
231,276,231,276,0.0
231,277,231,277,0.0
231,278,231,278,0.0
231,279,231,279,0.0
231,280,231,280,0.0
231,281,231,281,0.0
231,282,231,282,0.0
231,283,231,283,0.0
231,284,231,284,0.0
231,285,231,285,0.0
231,286,231,286,0.0
231,287,231,287,0.0
231,288,231,288,0.0
231,289,231,289,0.0
231,290,231,290,0.0
231,291,231,291,0.0
231,292,231,292,0.0
231,293,231,293,0.0
231,294,231,294,0.0
231,295,231,295,0.0
231,296,231,296,0.0
231,297,231,297,0.0
231,298,231,298,0.0
232,233,232,233,0.0
232,234,232,234,0.0
232,235,232,235,0.0
232,236,232,236,0.0
232,237,232,237,0.0
232,238,232,238,0.0
232,239,232,239,0.0
232,240,232,240,0.0
232,241,232,241,0.0
232,242,232,242,0.0
232,243,232,243,0.0
232,244,232,244,0.0
232,245,232,245,0.0
232,246,232,246,0.0
232,247,232,247,0.0
232,248,232,248,0.0
232,249,232,249,0.0
232,250,232,250,0.0
232,251,232,251,0.0
232,252,232,252,0.0
232,253,232,253,0.0
232,254,232,254,0.0
232,255,232,255,0.0
232,256,232,256,0.0
232,257,232,257,0.0
232,258,232,258,0.0
232,259,232,259,0.0
232,260,232,260,0.0
232,261,232,261,0.0
232,262,232,262,0.0
232,263,232,263,0.0
232,264,232,264,0.0
232,265,232,265,0.0
232,266,232,266,0.0
232,267,232,267,0.0
232,268,232,268,0.0
232,269,232,269,0.0
232,270,232,270,0.0
232,271,232,271,0.0
232,272,232,272,0.0
232,273,232,273,0.0
232,274,232,274,0.0
232,275,232,275,0.0
232,276,232,276,0.0
232,277,232,277,0.0
232,278,232,278,0.0
232,279,232,279,0.0
232,280,232,280,0.0
232,281,232,281,0.0
232,282,232,282,0.0
232,283,232,283,0.0
232,284,232,284,0.0
232,285,232,285,0.0
232,286,232,286,0.0
232,287,232,287,0.0
232,288,232,288,0.0
232,289,232,289,0.0
232,290,232,290,0.0
232,291,232,291,0.0
232,292,232,292,0.0
232,293,232,293,0.0
232,294,232,294,0.0
232,295,232,295,0.0
232,296,232,296,0.0
232,297,232,297,0.0
232,298,232,298,0.0
233,234,233,234,0.12362594973702655
233,235,233,235,-0.010663419271633955
233,236,233,236,0.16739827859385709
233,237,233,237,0.24877282823173316
233,238,233,238,0.27230024478423265
233,239,233,239,0.2996856558568399
233,240,233,240,0.26688123400673996
233,241,233,241,0.24896523163012726
233,242,233,242,0.260882361279227
233,243,233,243,0.2566375204784977
233,244,233,244,0.0
233,245,233,245,0.0
233,246,233,246,0.0
233,247,233,247,0.0
233,248,233,248,0.0
233,249,233,249,0.0
233,250,233,250,0.24513591381124425
233,251,233,251,0.2409209787749007
233,252,233,252,-0.22596262118071164
233,253,233,253,-0.21424661792453217
233,254,233,254,0.0
233,255,233,255,0.0
233,256,233,256,0.221995890203825
233,257,233,257,0.21273960392296112
233,258,233,258,-0.0010592890676961197
233,259,233,259,-0.0018496357454114896
233,260,233,260,0.22508787449979126
233,261,233,261,0.21393000376950858
233,262,233,262,0.22812254069023286
233,263,233,263,0.0
233,264,233,264,0.0
233,265,233,265,0.16477161627729406
233,266,233,266,0.16444383144198896
233,267,233,267,0.0
233,268,233,268,0.0
233,269,233,269,0.0
233,270,233,270,0.0
233,271,233,271,0.0
233,272,233,272,0.0
233,273,233,273,0.0
233,274,233,274,0.0
233,275,233,275,0.0
233,276,233,276,0.22942063550121738
233,277,233,277,0.0
233,278,233,278,0.0
233,279,233,279,0.0
233,280,233,280,0.0
233,281,233,281,0.0
233,282,233,282,0.0
233,283,233,283,0.2265063373163315
233,284,233,284,0.2345012936734613
233,285,233,285,0.2342286857857617
233,286,233,286,0.23173822315486925
233,287,233,287,0.23000830789461946
233,288,233,288,0.21951039529196792
233,289,233,289,0.22698180162874404
233,290,233,290,0.2276207930948619
233,291,233,291,0.0
233,292,233,292,0.0
233,293,233,293,0.0
233,294,233,294,0.21245095378561135
233,295,233,295,0.2111608775081172
233,296,233,296,0.0
233,297,233,297,0.0
233,298,233,298,0.0
234,235,234,235,0.03537389411160492
234,236,234,236,0.055250163805842405
234,237,234,237,0.1180945251081777
234,238,234,238,0.13412673715141626
234,239,234,239,0.12188996935392082
234,240,234,240,0.11800474457361314
234,241,234,241,0.12326898485740616
234,242,234,242,0.11565178375397626
234,243,234,243,0.11325877412746013
234,244,234,244,0.0
234,245,234,245,0.0
234,246,234,246,0.0
234,247,234,247,0.0
234,248,234,248,0.0
234,249,234,249,0.0
234,250,234,250,0.10416456203455822
234,251,234,251,0.10171325482542862
234,252,234,252,-0.08933887834070534
234,253,234,253,-0.07488881368759953
234,254,234,254,0.0
234,255,234,255,0.0
234,256,234,256,0.08740262740220973
234,257,234,257,0.07124367786434117
234,258,234,258,0.00065585614739086
234,259,234,259,-0.0032119584315674255
234,260,234,260,0.0888878494058701
234,261,234,261,0.0749533715993062
234,262,234,262,0.10374386806710954
234,263,234,263,0.0
234,264,234,264,0.0
234,265,234,265,0.08103540764497509
234,266,234,266,0.05870193458961018
234,267,234,267,0.0
234,268,234,268,0.0
234,269,234,269,0.0
234,270,234,270,0.0
234,271,234,271,0.0
234,272,234,272,0.0
234,273,234,273,0.0
234,274,234,274,0.0
234,275,234,275,0.0
234,276,234,276,0.11059016908951291
234,277,234,277,0.0
234,278,234,278,0.0
234,279,234,279,0.0
234,280,234,280,0.0
234,281,234,281,0.0
234,282,234,282,0.0
234,283,234,283,0.08668295755921439
234,284,234,284,0.09710338402859996
234,285,234,285,0.08905857049527181
234,286,234,286,0.09068006692584464
234,287,234,287,0.0979925662060263
234,288,234,288,0.09757795795125342
234,289,234,289,0.08341132953984731
234,290,234,290,0.08962613797715387
234,291,234,291,0.0
234,292,234,292,0.0
234,293,234,293,0.0
234,294,234,294,0.10675986671405735
234,295,234,295,0.10791415754150394
234,296,234,296,0.0
234,297,234,297,0.0
234,298,234,298,0.0
235,236,235,236,0.15287904453561713
235,237,235,237,0.10689231273378319
235,238,235,238,-0.043639392770384824
235,239,235,239,-0.07114989442868273
235,240,235,240,0.007462248488475501
235,241,235,241,-0.017273915400185934
235,242,235,242,-0.019185750199900858
235,243,235,243,-0.018040405935379117
235,244,235,244,0.0
235,245,235,245,0.0
235,246,235,246,0.0
235,247,235,247,0.0
235,248,235,248,0.0
235,249,235,249,0.0
235,250,235,250,-0.042430010187269177
235,251,235,251,-0.045140183796623976
235,252,235,252,0.05128264409309629
235,253,235,253,0.061992157252006214
235,254,235,254,0.0
235,255,235,255,0.0
235,256,235,256,-0.07109126561066696
235,257,235,257,-0.08284656036854629
235,258,235,258,0.0004273608924276731
235,259,235,259,-0.00015887320160311582
235,260,235,260,-0.0511024162272297
235,261,235,261,-0.06185313777283645
235,262,235,262,-0.06903947805421987
235,263,235,263,0.0
235,264,235,264,0.0
235,265,235,265,0.08255392997868587
235,266,235,266,0.08093119002692574
235,267,235,267,0.0
235,268,235,268,0.0
235,269,235,269,0.0
235,270,235,270,0.0
235,271,235,271,0.0
235,272,235,272,0.0
235,273,235,273,0.0
235,274,235,274,0.0
235,275,235,275,0.0
235,276,235,276,-0.03676037336689368
235,277,235,277,0.0
235,278,235,278,0.0
235,279,235,279,0.0
235,280,235,280,0.0
235,281,235,281,0.0
235,282,235,282,0.0
235,283,235,283,-0.10266707787750051
235,284,235,284,-0.060335738951222864
235,285,235,285,-0.0894743157597672
235,286,235,286,-0.07952462773700471
235,287,235,287,-0.049509975455758845
235,288,235,288,-0.062488252926911854
235,289,235,289,-0.10832611641298187
235,290,235,290,-0.05643018712685209
235,291,235,291,0.0
235,292,235,292,0.0
235,293,235,293,0.0
235,294,235,294,-0.0479224947113195
235,295,235,295,-0.04933657449391703
235,296,235,296,0.0
235,297,235,297,0.0
235,298,235,298,0.0
236,237,236,237,0.1695853758130686
236,238,236,238,0.1003650261027046
236,239,236,239,0.11279597430646432
236,240,236,240,0.13883890996938292
236,241,236,241,0.12297683125246296
236,242,236,242,0.13043807660267845
236,243,236,243,0.12880041320379582
236,244,236,244,0.0
236,245,236,245,0.0
236,246,236,246,0.0
236,247,236,247,0.0
236,248,236,248,0.0
236,249,236,249,0.0
236,250,236,250,0.1208672577564067
236,251,236,251,0.12250446208598435
236,252,236,252,-0.11849097147924495
236,253,236,253,-0.12368334784620304
236,254,236,254,0.0
236,255,236,255,0.0
236,256,236,256,0.10760935939359526
236,257,236,257,0.11397139781587402
236,258,236,258,0.0007222336023525904
236,259,236,259,0.0006236877415785652
236,260,236,260,0.117907216999578
236,261,236,261,0.12338503413790984
236,262,236,262,0.08779746049725086
236,263,236,263,0.0
236,264,236,264,0.0
236,265,236,265,0.10421150061536047
236,266,236,266,0.10552531112671518
236,267,236,267,0.0
236,268,236,268,0.0
236,269,236,269,0.0
236,270,236,270,0.0
236,271,236,271,0.0
236,272,236,272,0.0
236,273,236,273,0.0
236,274,236,274,0.0
236,275,236,275,0.0
236,276,236,276,0.10755132952219716
236,277,236,277,0.0
236,278,236,278,0.0
236,279,236,279,0.0
236,280,236,280,0.0
236,281,236,281,0.0
236,282,236,282,0.0
236,283,236,283,0.08419706905034172
236,284,236,284,0.11179652658860534
236,285,236,285,0.09768876076701205
236,286,236,286,0.10208441016720747
236,287,236,287,0.11540032066161206
236,288,236,288,0.09097334690684154
236,289,236,289,0.08155540723544735
236,290,236,290,0.11404634731650921
236,291,236,291,0.0
236,292,236,292,0.0
236,293,236,293,0.0
236,294,236,294,0.09317633914928507
236,295,236,295,0.0916602701576352
236,296,236,296,0.0
236,297,236,297,0.0
236,298,236,298,0.0
237,238,237,238,0.6256830942280404
237,239,237,239,0.5847227200927041
237,240,237,240,0.5671643691711327
237,241,237,241,0.500971672761481
237,242,237,242,0.5203333115560368
237,243,237,243,0.5104948430256165
237,244,237,244,0.0
237,245,237,245,0.0
237,246,237,246,0.0
237,247,237,247,0.0
237,248,237,248,0.0
237,249,237,249,0.0
237,250,237,250,0.45491393997799906
237,251,237,251,0.4464418583986218
237,252,237,252,-0.4022273305627187
237,253,237,253,-0.3729070343615914
237,254,237,254,0.0
237,255,237,255,0.0
237,256,237,256,0.3794213426317585
237,257,237,257,0.3633456933635411
237,258,237,258,0.0024801100672792085
237,259,237,259,-0.0008851769369718026
237,260,237,260,0.40024294566274315
237,261,237,261,0.3721965159547493
237,262,237,262,0.4109142799342701
237,263,237,263,0.0
237,264,237,264,0.0
237,265,237,265,0.061810569360820605
237,266,237,266,0.06201804558413399
237,267,237,267,0.0
237,268,237,268,0.0
237,269,237,269,0.0
237,270,237,270,0.0
237,271,237,271,0.0
237,272,237,272,0.0
237,273,237,273,0.0
237,274,237,274,0.0
237,275,237,275,0.0
237,276,237,276,0.4318481030394715
237,277,237,277,0.0
237,278,237,278,0.0
237,279,237,279,0.0
237,280,237,280,0.0
237,281,237,281,0.0
237,282,237,282,0.0
237,283,237,283,0.2933917965617052
237,284,237,284,0.3511678659847491
237,285,237,285,0.3260447384331433
237,286,237,286,0.32611838351804623
237,287,237,287,0.34858359580930837
237,288,237,288,0.386701370868901
237,289,237,289,0.2877768087517887
237,290,237,290,0.34198992562893377
237,291,237,291,0.0
237,292,237,292,0.0
237,293,237,293,0.0
237,294,237,294,0.39994936094299954
237,295,237,295,0.3968010000002907
237,296,237,296,0.0
237,297,237,297,0.0
237,298,237,298,0.0
238,239,238,239,0.7397448941326645
238,240,238,240,0.7431272415322479
238,241,238,241,0.6881152916248702
238,242,238,242,0.6896697171162988
238,243,238,243,0.6869795813267097
238,244,238,244,0.0
238,245,238,245,0.0
238,246,238,246,0.0
238,247,238,247,0.0
238,248,238,248,0.0
238,249,238,249,0.0
238,250,238,250,0.591837479738409
238,251,238,251,0.5805733409318379
238,252,238,252,-0.5236858111755678
238,253,238,253,-0.48467746325371125
238,254,238,254,0.0
238,255,238,255,0.0
238,256,238,256,0.5180171933972876
238,257,238,257,0.48152854924146854
238,258,238,258,0.002683409902774324
238,259,238,259,0.0012419789348737593
238,260,238,260,0.5211556116864451
238,261,238,261,0.48359056813994167
238,262,238,262,0.5578664349713855
238,263,238,263,0.0
238,264,238,264,0.0
238,265,238,265,0.05747078359765251
238,266,238,266,0.05509798483307793
238,267,238,267,0.0
238,268,238,268,0.0
238,269,238,269,0.0
238,270,238,270,0.0
238,271,238,271,0.0
238,272,238,272,0.0
238,273,238,273,0.0
238,274,238,274,0.0
238,275,238,275,0.0
238,276,238,276,0.5630342379347213
238,277,238,277,0.0
238,278,238,278,0.0
238,279,238,279,0.0
238,280,238,280,0.0
238,281,238,281,0.0
238,282,238,282,0.0
238,283,238,283,0.41644233407006187
238,284,238,284,0.46743007630616257
238,285,238,285,0.453668360552531
238,286,238,286,0.4446688726021687
238,287,238,287,0.45467426512343156
238,288,238,288,0.5182617656608296
238,289,238,289,0.4135530787943915
238,290,238,290,0.4526435769457876
238,291,238,291,0.0
238,292,238,292,0.0
238,293,238,293,0.0
238,294,238,294,0.5317292333364435
238,295,238,295,0.5297002636952939
238,296,238,296,0.0
238,297,238,297,0.0
238,298,238,298,0.0
239,240,239,240,0.916230649583782
239,241,239,241,0.8271647562455522
239,242,239,242,0.8518625763476548
239,243,239,243,0.8415485996262805
239,244,239,244,0.0
239,245,239,245,0.0
239,246,239,246,0.0
239,247,239,247,0.0
239,248,239,248,0.0
239,249,239,249,0.0
239,250,239,250,0.616598831175883
239,251,239,251,0.6019175154127709
239,252,239,252,-0.552135071661829
239,253,239,253,-0.5123328604789225
239,254,239,254,0.0
239,255,239,255,0.0
239,256,239,256,0.5409708080491508
239,257,239,257,0.5105638852773468
239,258,239,258,0.0011803472987287108
239,259,239,259,0.0032502191699536067
239,260,239,260,0.5496287946466172
239,261,239,261,0.5110516175759965
239,262,239,262,0.5715887262906406
239,263,239,263,0.0
239,264,239,264,0.0
239,265,239,265,0.07034057630176306
239,266,239,266,0.07214439865234971
239,267,239,267,0.0
239,268,239,268,0.0
239,269,239,269,0.0
239,270,239,270,0.0
239,271,239,271,0.0
239,272,239,272,0.0
239,273,239,273,0.0
239,274,239,274,0.0
239,275,239,275,0.0
239,276,239,276,0.5747247702562399
239,277,239,277,0.0
239,278,239,278,0.0
239,279,239,279,0.0
239,280,239,280,0.0
239,281,239,281,0.0
239,282,239,282,0.0
239,283,239,283,0.4453092461439206
239,284,239,284,0.49117441761079095
239,285,239,285,0.48066947075265887
239,286,239,286,0.4715840004587751
239,287,239,287,0.4780786970304401
239,288,239,288,0.5315146834922923
239,289,239,289,0.44186852927025866
239,290,239,290,0.4755559884641964
239,291,239,291,0.0
239,292,239,292,0.0
239,293,239,293,0.0
239,294,239,294,0.5374955372454313
239,295,239,295,0.5342069249557095
239,296,239,296,0.0
239,297,239,297,0.0
239,298,239,298,0.0
240,241,240,241,0.9082316836319204
240,242,240,242,0.9103928969360527
240,243,240,243,0.910340903910008
240,244,240,244,0.0
240,245,240,245,0.0
240,246,240,246,0.0
240,247,240,247,0.0
240,248,240,248,0.0
240,249,240,249,0.0
240,250,240,250,0.6165746706109455
240,251,240,251,0.60160366293634
240,252,240,252,-0.5488711793289207
240,253,240,253,-0.5069403969976001
240,254,240,254,0.0
240,255,240,255,0.0
240,256,240,256,0.5377040809133676
240,257,240,257,0.4998534697705299
240,258,240,258,0.0009191559800282758
240,259,240,259,0.0014858979167638256
240,260,240,260,0.5464045984204083
240,261,240,261,0.5057908129927853
240,262,240,262,0.563111593931102
240,263,240,263,0.0
240,264,240,264,0.0
240,265,240,265,0.06803603269414028
240,266,240,266,0.06738815007362246
240,267,240,267,0.0
240,268,240,268,0.0
240,269,240,269,0.0
240,270,240,270,0.0
240,271,240,271,0.0
240,272,240,272,0.0
240,273,240,273,0.0
240,274,240,274,0.0
240,275,240,275,0.0
240,276,240,276,0.5756704506938137
240,277,240,277,0.0
240,278,240,278,0.0
240,279,240,279,0.0
240,280,240,280,0.0
240,281,240,281,0.0
240,282,240,282,0.0
240,283,240,283,0.4162982353601977
240,284,240,284,0.477575501350918
240,285,240,285,0.4579789936102024
240,286,240,286,0.45093989685819336
240,287,240,287,0.4667635272059733
240,288,240,288,0.5249884860851515
240,289,240,289,0.41224694568354037
240,290,240,290,0.4640345718877263
240,291,240,291,0.0
240,292,240,292,0.0
240,293,240,293,0.0
240,294,240,294,0.5380333378020252
240,295,240,295,0.5357206238473126
240,296,240,296,0.0
240,297,240,297,0.0
240,298,240,298,0.0
241,242,241,242,0.886445676813598
241,243,241,243,0.888761307061105
241,244,241,244,0.0
241,245,241,245,0.0
241,246,241,246,0.0
241,247,241,247,0.0
241,248,241,248,0.0
241,249,241,249,0.0
241,250,241,250,0.6079098660158478
241,251,241,251,0.5937888856133369
241,252,241,252,-0.543781138644828
241,253,241,253,-0.5047491689047843
241,254,241,254,0.0
241,255,241,255,0.0
241,256,241,256,0.5358458215037838
241,257,241,257,0.4997122638930952
241,258,241,258,0.00013771981370678014
241,259,241,259,0.002315463386240101
241,260,241,260,0.5414130786655795
241,261,241,261,0.5035474526533216
241,262,241,262,0.5562695591065456
241,263,241,263,0.0
241,264,241,264,0.0
241,265,241,265,0.0672163540031205
241,266,241,266,0.06345305159339495
241,267,241,267,0.0
241,268,241,268,0.0
241,269,241,269,0.0
241,270,241,270,0.0
241,271,241,271,0.0
241,272,241,272,0.0
241,273,241,273,0.0
241,274,241,274,0.0
241,275,241,275,0.0
241,276,241,276,0.5673450593982756
241,277,241,277,0.0
241,278,241,278,0.0
241,279,241,279,0.0
241,280,241,280,0.0
241,281,241,281,0.0
241,282,241,282,0.0
241,283,241,283,0.4189989440982937
241,284,241,284,0.47509279247186187
241,285,241,285,0.4573467464285464
241,286,241,286,0.4507778618070769
241,287,241,287,0.4647403925893998
241,288,241,288,0.5189967597827835
241,289,241,289,0.41425922610161237
241,290,241,290,0.460988915506766
241,291,241,291,0.0
241,292,241,292,0.0
241,293,241,293,0.0
241,294,241,294,0.5318104017355355
241,295,241,295,0.5304139082394662
241,296,241,296,0.0
241,297,241,297,0.0
241,298,241,298,0.0
242,243,242,243,0.994991637032679
242,244,242,244,0.0
242,245,242,245,0.0
242,246,242,246,0.0
242,247,242,247,0.0
242,248,242,248,0.0
242,249,242,249,0.0
242,250,242,250,0.6016905802430494
242,251,242,251,0.5884230499057105
242,252,242,252,-0.5391449978421636
242,253,242,253,-0.5017558810331951
242,254,242,254,0.0
242,255,242,255,0.0
242,256,242,256,0.5292032975725132
242,257,242,257,0.4967580762953995
242,258,242,258,0.0008818344789202362
242,259,242,259,-0.0010155396260472605
242,260,242,260,0.5367241841968933
242,261,242,261,0.5007878739330134
242,262,242,262,0.5501618506883463
242,263,242,263,0.0
242,264,242,264,0.0
242,265,242,265,0.06851319430052591
242,266,242,266,0.06721528855257108
242,267,242,267,0.0
242,268,242,268,0.0
242,269,242,269,0.0
242,270,242,270,0.0
242,271,242,271,0.0
242,272,242,272,0.0
242,273,242,273,0.0
242,274,242,274,0.0
242,275,242,275,0.0
242,276,242,276,0.5605952562997822
242,277,242,277,0.0
242,278,242,278,0.0
242,279,242,279,0.0
242,280,242,280,0.0
242,281,242,281,0.0
242,282,242,282,0.0
242,283,242,283,0.41807784415523014
242,284,242,284,0.4732618700539579
242,285,242,285,0.4565649958156631
242,286,242,286,0.44932218225368953
242,287,242,287,0.46224138111464586
242,288,242,288,0.5143850284124435
242,289,242,289,0.4148286080404748
242,290,242,290,0.46010107525404287
242,291,242,291,0.0
242,292,242,292,0.0
242,293,242,293,0.0
242,294,242,294,0.5248137065719208
242,295,242,295,0.5224604348319614
242,296,242,296,0.0
242,297,242,297,0.0
242,298,242,298,0.0
243,244,243,244,0.0
243,245,243,245,0.0
243,246,243,246,0.0
243,247,243,247,0.0
243,248,243,248,0.0
243,249,243,249,0.0
243,250,243,250,0.5976224663901969
243,251,243,251,0.5845021903840925
243,252,243,252,-0.5352199677860305
243,253,243,253,-0.4980494856030386
243,254,243,254,0.0
243,255,243,255,0.0
243,256,243,256,0.5259633096625048
243,257,243,257,0.4928799762590242
243,258,243,258,0.00054483856997995
243,259,243,259,-0.0014989535107343321
243,260,243,260,0.5328491321556007
243,261,243,261,0.49712216048254215
243,262,243,262,0.5466870149901105
243,263,243,263,0.0
243,264,243,264,0.0
243,265,243,265,0.06730633653680569
243,266,243,266,0.06580941910505536
243,267,243,267,0.0
243,268,243,268,0.0
243,269,243,269,0.0
243,270,243,270,0.0
243,271,243,271,0.0
243,272,243,272,0.0
243,273,243,273,0.0
243,274,243,274,0.0
243,275,243,275,0.0
243,276,243,276,0.5570502507845948
243,277,243,277,0.0
243,278,243,278,0.0
243,279,243,279,0.0
243,280,243,280,0.0
243,281,243,281,0.0
243,282,243,282,0.0
243,283,243,283,0.41436559344006474
243,284,243,284,0.4693750288547268
243,285,243,285,0.4527169672508701
243,286,243,286,0.4455641274656369
243,287,243,287,0.4584767612286579
243,288,243,288,0.5110209517490257
243,289,243,289,0.41111519585949036
243,290,243,290,0.4564212244528251
243,291,243,291,0.0
243,292,243,292,0.0
243,293,243,293,0.0
243,294,243,294,0.5217507858817755
243,295,243,295,0.5195116072548075
243,296,243,296,0.0
243,297,243,297,0.0
243,298,243,298,0.0
244,245,244,245,0.0
244,246,244,246,0.0
244,247,244,247,0.0
244,248,244,248,0.0
244,249,244,249,0.0
244,250,244,250,0.0
244,251,244,251,0.0
244,252,244,252,0.0
244,253,244,253,0.0
244,254,244,254,0.0
244,255,244,255,0.0
244,256,244,256,0.0
244,257,244,257,0.0
244,258,244,258,0.0
244,259,244,259,0.0
244,260,244,260,0.0
244,261,244,261,0.0
244,262,244,262,0.0
244,263,244,263,0.0
244,264,244,264,0.0
244,265,244,265,0.0
244,266,244,266,0.0
244,267,244,267,0.0
244,268,244,268,0.0
244,269,244,269,0.0
244,270,244,270,0.0
244,271,244,271,0.0
244,272,244,272,0.0
244,273,244,273,0.0
244,274,244,274,0.0
244,275,244,275,0.0
244,276,244,276,0.0
244,277,244,277,0.0
244,278,244,278,0.0
244,279,244,279,0.0
244,280,244,280,0.0
244,281,244,281,0.0
244,282,244,282,0.0
244,283,244,283,0.0
244,284,244,284,0.0
244,285,244,285,0.0
244,286,244,286,0.0
244,287,244,287,0.0
244,288,244,288,0.0
244,289,244,289,0.0
244,290,244,290,0.0
244,291,244,291,0.0
244,292,244,292,0.0
244,293,244,293,0.0
244,294,244,294,0.0
244,295,244,295,0.0
244,296,244,296,0.0
244,297,244,297,0.0
244,298,244,298,0.0
245,246,245,246,0.0
245,247,245,247,0.0
245,248,245,248,0.0
245,249,245,249,0.0
245,250,245,250,0.0
245,251,245,251,0.0
245,252,245,252,0.0
245,253,245,253,0.0
245,254,245,254,0.0
245,255,245,255,0.0
245,256,245,256,0.0
245,257,245,257,0.0
245,258,245,258,0.0
245,259,245,259,0.0
245,260,245,260,0.0
245,261,245,261,0.0
245,262,245,262,0.0
245,263,245,263,0.0
245,264,245,264,0.0
245,265,245,265,0.0
245,266,245,266,0.0
245,267,245,267,0.0
245,268,245,268,0.0
245,269,245,269,0.0
245,270,245,270,0.0
245,271,245,271,0.0
245,272,245,272,0.0
245,273,245,273,0.0
245,274,245,274,0.0
245,275,245,275,0.0
245,276,245,276,0.0
245,277,245,277,0.0
245,278,245,278,0.0
245,279,245,279,0.0
245,280,245,280,0.0
245,281,245,281,0.0
245,282,245,282,0.0
245,283,245,283,0.0
245,284,245,284,0.0
245,285,245,285,0.0
245,286,245,286,0.0
245,287,245,287,0.0
245,288,245,288,0.0
245,289,245,289,0.0
245,290,245,290,0.0
245,291,245,291,0.0
245,292,245,292,0.0
245,293,245,293,0.0
245,294,245,294,0.0
245,295,245,295,0.0
245,296,245,296,0.0
245,297,245,297,0.0
245,298,245,298,0.0
246,247,246,247,0.0
246,248,246,248,0.0
246,249,246,249,0.0
246,250,246,250,0.0
246,251,246,251,0.0
246,252,246,252,0.0
246,253,246,253,0.0
246,254,246,254,0.0
246,255,246,255,0.0
246,256,246,256,0.0
246,257,246,257,0.0
246,258,246,258,0.0
246,259,246,259,0.0
246,260,246,260,0.0
246,261,246,261,0.0
246,262,246,262,0.0
246,263,246,263,0.0
246,264,246,264,0.0
246,265,246,265,0.0
246,266,246,266,0.0
246,267,246,267,0.0
246,268,246,268,0.0
246,269,246,269,0.0
246,270,246,270,0.0
246,271,246,271,0.0
246,272,246,272,0.0
246,273,246,273,0.0
246,274,246,274,0.0
246,275,246,275,0.0
246,276,246,276,0.0
246,277,246,277,0.0
246,278,246,278,0.0
246,279,246,279,0.0
246,280,246,280,0.0
246,281,246,281,0.0
246,282,246,282,0.0
246,283,246,283,0.0
246,284,246,284,0.0
246,285,246,285,0.0
246,286,246,286,0.0
246,287,246,287,0.0
246,288,246,288,0.0
246,289,246,289,0.0
246,290,246,290,0.0
246,291,246,291,0.0
246,292,246,292,0.0
246,293,246,293,0.0
246,294,246,294,0.0
246,295,246,295,0.0
246,296,246,296,0.0
246,297,246,297,0.0
246,298,246,298,0.0
247,248,247,248,0.0
247,249,247,249,0.0
247,250,247,250,0.0
247,251,247,251,0.0
247,252,247,252,0.0
247,253,247,253,0.0
247,254,247,254,0.0
247,255,247,255,0.0
247,256,247,256,0.0
247,257,247,257,0.0
247,258,247,258,0.0
247,259,247,259,0.0
247,260,247,260,0.0
247,261,247,261,0.0
247,262,247,262,0.0
247,263,247,263,0.0
247,264,247,264,0.0
247,265,247,265,0.0
247,266,247,266,0.0
247,267,247,267,0.0
247,268,247,268,0.0
247,269,247,269,0.0
247,270,247,270,0.0
247,271,247,271,0.0
247,272,247,272,0.0
247,273,247,273,0.0
247,274,247,274,0.0
247,275,247,275,0.0
247,276,247,276,0.0
247,277,247,277,0.0
247,278,247,278,0.0
247,279,247,279,0.0
247,280,247,280,0.0
247,281,247,281,0.0
247,282,247,282,0.0
247,283,247,283,0.0
247,284,247,284,0.0
247,285,247,285,0.0
247,286,247,286,0.0
247,287,247,287,0.0
247,288,247,288,0.0
247,289,247,289,0.0
247,290,247,290,0.0
247,291,247,291,0.0
247,292,247,292,0.0
247,293,247,293,0.0
247,294,247,294,0.0
247,295,247,295,0.0
247,296,247,296,0.0
247,297,247,297,0.0
247,298,247,298,0.0
248,249,248,249,0.0
248,250,248,250,0.0
248,251,248,251,0.0
248,252,248,252,0.0
248,253,248,253,0.0
248,254,248,254,0.0
248,255,248,255,0.0
248,256,248,256,0.0
248,257,248,257,0.0
248,258,248,258,0.0
248,259,248,259,0.0
248,260,248,260,0.0
248,261,248,261,0.0
248,262,248,262,0.0
248,263,248,263,0.0
248,264,248,264,0.0
248,265,248,265,0.0
248,266,248,266,0.0
248,267,248,267,0.0
248,268,248,268,0.0
248,269,248,269,0.0
248,270,248,270,0.0
248,271,248,271,0.0
248,272,248,272,0.0
248,273,248,273,0.0
248,274,248,274,0.0
248,275,248,275,0.0
248,276,248,276,0.0
248,277,248,277,0.0
248,278,248,278,0.0
248,279,248,279,0.0
248,280,248,280,0.0
248,281,248,281,0.0
248,282,248,282,0.0
248,283,248,283,0.0
248,284,248,284,0.0
248,285,248,285,0.0
248,286,248,286,0.0
248,287,248,287,0.0
248,288,248,288,0.0
248,289,248,289,0.0
248,290,248,290,0.0
248,291,248,291,0.0
248,292,248,292,0.0
248,293,248,293,0.0
248,294,248,294,0.0
248,295,248,295,0.0
248,296,248,296,0.0
248,297,248,297,0.0
248,298,248,298,0.0
249,250,249,250,0.0
249,251,249,251,0.0
249,252,249,252,0.0
249,253,249,253,0.0
249,254,249,254,0.0
249,255,249,255,0.0
249,256,249,256,0.0
249,257,249,257,0.0
249,258,249,258,0.0
249,259,249,259,0.0
249,260,249,260,0.0
249,261,249,261,0.0
249,262,249,262,0.0
249,263,249,263,0.0
249,264,249,264,0.0
249,265,249,265,0.0
249,266,249,266,0.0
249,267,249,267,0.0
249,268,249,268,0.0
249,269,249,269,0.0
249,270,249,270,0.0
249,271,249,271,0.0
249,272,249,272,0.0
249,273,249,273,0.0
249,274,249,274,0.0
249,275,249,275,0.0
249,276,249,276,0.0
249,277,249,277,0.0
249,278,249,278,0.0
249,279,249,279,0.0
249,280,249,280,0.0
249,281,249,281,0.0
249,282,249,282,0.0
249,283,249,283,0.0
249,284,249,284,0.0
249,285,249,285,0.0
249,286,249,286,0.0
249,287,249,287,0.0
249,288,249,288,0.0
249,289,249,289,0.0
249,290,249,290,0.0
249,291,249,291,0.0
249,292,249,292,0.0
249,293,249,293,0.0
249,294,249,294,0.0
249,295,249,295,0.0
249,296,249,296,0.0
249,297,249,297,0.0
249,298,249,298,0.0
250,251,250,251,0.9013520543870884
250,252,250,252,-0.9644393159963249
250,253,250,253,-0.7765134496364787
250,254,250,254,0.0
250,255,250,255,0.0
250,256,250,256,0.94513466058947
250,257,250,257,0.7686569437765408
250,258,250,258,0.004640207616309387
250,259,250,259,0.0029363713371251066
250,260,250,260,0.959809130451902
250,261,250,261,0.774707454533197
250,262,250,262,0.8189710345452751
250,263,250,263,0.0
250,264,250,264,0.0
250,265,250,265,0.06407960207719374
250,266,250,266,0.06293321995384442
250,267,250,267,0.0
250,268,250,268,0.0
250,269,250,269,0.0
250,270,250,270,0.0
250,271,250,271,0.0
250,272,250,272,0.0
250,273,250,273,0.0
250,274,250,274,0.0
250,275,250,275,0.0
250,276,250,276,0.8317281507711553
250,277,250,277,0.0
250,278,250,278,0.0
250,279,250,279,0.0
250,280,250,280,0.0
250,281,250,281,0.0
250,282,250,282,0.0
250,283,250,283,0.6207200526480063
250,284,250,284,0.6994255727894996
250,285,250,285,0.6763006967022446
250,286,250,286,0.6653075250557468
250,287,250,287,0.6828284858204564
250,288,250,288,0.7659407369818358
250,289,250,289,0.6149957466716033
250,290,250,290,0.6787886745993407
250,291,250,291,0.0
250,292,250,292,0.0
250,293,250,293,0.0
250,294,250,294,0.778634001651315
250,295,250,295,0.7748875013446658
250,296,250,296,0.0
250,297,250,297,0.0
250,298,250,298,0.0
251,252,251,252,-0.8292355208152049
251,253,251,253,-0.9149277943009752
251,254,251,254,0.0
251,255,251,255,0.0
251,256,251,256,0.8122727503830953
251,257,251,257,0.904354224471869
251,258,251,258,0.0009496212919295172
251,259,251,259,0.00358877277160084
251,260,251,260,0.8255519761163052
251,261,251,261,0.9127910681258415
251,262,251,262,0.8856250742885677
251,263,251,263,0.0
251,264,251,264,0.0
251,265,251,265,0.06262784574385753
251,266,251,266,0.06175571639166456
251,267,251,267,0.0
251,268,251,268,0.0
251,269,251,269,0.0
251,270,251,270,0.0
251,271,251,271,0.0
251,272,251,272,0.0
251,273,251,273,0.0
251,274,251,274,0.0
251,275,251,275,0.0
251,276,251,276,0.8998264155964061
251,277,251,277,0.0
251,278,251,278,0.0
251,279,251,279,0.0
251,280,251,280,0.0
251,281,251,281,0.0
251,282,251,282,0.0
251,283,251,283,0.6693987923919088
251,284,251,284,0.7552755107532061
251,285,251,285,0.7298365849961712
251,286,251,286,0.7180969478000677
251,287,251,287,0.7374904085625988
251,288,251,288,0.8293229694797525
251,289,251,289,0.6633712701777579
251,290,251,290,0.7334777060124965
251,291,251,291,0.0
251,292,251,292,0.0
251,293,251,293,0.0
251,294,251,294,0.8425780310358729
251,295,251,295,0.8384427359194577
251,296,251,296,0.0
251,297,251,297,0.0
251,298,251,298,0.0
252,253,252,253,0.7340844862077378
252,254,252,254,0.0
252,255,252,255,0.0
252,256,252,256,-0.9799835457901166
252,257,252,257,-0.7274735537521514
252,258,252,258,-0.004811300762366562
252,259,252,259,-0.0026502642839593394
252,260,252,260,-0.9951990908420822
252,261,252,261,-0.7323857545574642
252,262,252,262,-0.7409332573092394
252,263,252,263,0.0
252,264,252,264,0.0
252,265,252,265,-0.06211535146513761
252,266,252,266,-0.061686514596802404
252,267,252,267,0.0
252,268,252,268,0.0
252,269,252,269,0.0
252,270,252,270,0.0
252,271,252,271,0.0
252,272,252,272,0.0
252,273,252,273,0.0
252,274,252,274,0.0
252,275,252,275,0.0
252,276,252,276,-0.7524544291048252
252,277,252,277,0.0
252,278,252,278,0.0
252,279,252,279,0.0
252,280,252,280,0.0
252,281,252,281,0.0
252,282,252,282,0.0
252,283,252,283,-0.5754662417737775
252,284,252,284,-0.6433985932570271
252,285,252,285,-0.6241691747419584
252,286,252,286,-0.6149751653695974
252,287,252,287,-0.6290106245490446
252,288,252,288,-0.6975481582019089
252,289,252,289,-0.5711541769423418
252,290,252,290,-0.6270848078009306
252,291,252,291,0.0
252,292,252,292,0.0
252,293,252,293,0.0
252,294,252,294,-0.7050309709531
252,295,252,295,-0.7016109755293193
252,296,252,296,0.0
252,297,252,297,0.0
252,298,252,298,0.0
253,254,253,254,0.0
253,255,253,255,0.0
253,256,253,256,-0.7181157228593791
253,257,253,257,-0.9884432739993538
253,258,253,258,0.0012956790552378409
253,259,253,259,-0.003922465569365359
253,260,253,260,-0.7310326997670191
253,261,253,261,-0.9976645958419387
253,262,253,262,-0.7707065123901492
253,263,253,263,0.0
253,264,253,264,0.0
253,265,253,265,-0.058280511030952005
253,266,253,266,-0.059355551848906396
253,267,253,267,0.0
253,268,253,268,0.0
253,269,253,269,0.0
253,270,253,270,0.0
253,271,253,271,0.0
253,272,253,272,0.0
253,273,253,273,0.0
253,274,253,274,0.0
253,275,253,275,0.0
253,276,253,276,-0.783276942941847
253,277,253,277,0.0
253,278,253,278,0.0
253,279,253,279,0.0
253,280,253,280,0.0
253,281,253,281,0.0
253,282,253,282,0.0
253,283,253,283,-0.6082980314267954
253,284,253,284,-0.6772267975108639
253,285,253,285,-0.6581660459731802
253,286,253,286,-0.6495829265683339
253,287,253,287,-0.6631492261436418
253,288,253,288,-0.7313842195918276
253,289,253,289,-0.605017073868619
253,290,253,290,-0.6635261716111208
253,291,253,291,0.0
253,292,253,292,0.0
253,293,253,293,0.0
253,294,253,294,-0.7345397396790146
253,295,253,295,-0.7306204976957483
253,296,253,296,0.0
253,297,253,297,0.0
253,298,253,298,0.0
254,255,254,255,0.0
254,256,254,256,0.0
254,257,254,257,0.0
254,258,254,258,0.0
254,259,254,259,0.0
254,260,254,260,0.0
254,261,254,261,0.0
254,262,254,262,0.0
254,263,254,263,0.0
254,264,254,264,0.0
254,265,254,265,0.0
254,266,254,266,0.0
254,267,254,267,0.0
254,268,254,268,0.0
254,269,254,269,0.0
254,270,254,270,0.0
254,271,254,271,0.0
254,272,254,272,0.0
254,273,254,273,0.0
254,274,254,274,0.0
254,275,254,275,0.0
254,276,254,276,0.0
254,277,254,277,0.0
254,278,254,278,0.0
254,279,254,279,0.0
254,280,254,280,0.0
254,281,254,281,0.0
254,282,254,282,0.0
254,283,254,283,0.0
254,284,254,284,0.0
254,285,254,285,0.0
254,286,254,286,0.0
254,287,254,287,0.0
254,288,254,288,0.0
254,289,254,289,0.0
254,290,254,290,0.0
254,291,254,291,0.0
254,292,254,292,0.0
254,293,254,293,0.0
254,294,254,294,0.0
254,295,254,295,0.0
254,296,254,296,0.0
254,297,254,297,0.0
254,298,254,298,0.0
255,256,255,256,0.0
255,257,255,257,0.0
255,258,255,258,0.0
255,259,255,259,0.0
255,260,255,260,0.0
255,261,255,261,0.0
255,262,255,262,0.0
255,263,255,263,0.0
255,264,255,264,0.0
255,265,255,265,0.0
255,266,255,266,0.0
255,267,255,267,0.0
255,268,255,268,0.0
255,269,255,269,0.0
255,270,255,270,0.0
255,271,255,271,0.0
255,272,255,272,0.0
255,273,255,273,0.0
255,274,255,274,0.0
255,275,255,275,0.0
255,276,255,276,0.0
255,277,255,277,0.0
255,278,255,278,0.0
255,279,255,279,0.0
255,280,255,280,0.0
255,281,255,281,0.0
255,282,255,282,0.0
255,283,255,283,0.0
255,284,255,284,0.0
255,285,255,285,0.0
255,286,255,286,0.0
255,287,255,287,0.0
255,288,255,288,0.0
255,289,255,289,0.0
255,290,255,290,0.0
255,291,255,291,0.0
255,292,255,292,0.0
255,293,255,293,0.0
255,294,255,294,0.0
255,295,255,295,0.0
255,296,255,296,0.0
255,297,255,297,0.0
255,298,255,298,0.0
256,257,256,257,0.719429723388904
256,258,256,258,0.007093922859503274
256,259,256,259,0.0032388296405349353
256,260,256,260,0.9750459026749619
256,261,256,261,0.7164098050545541
256,262,256,262,0.7317969883247315
256,263,256,263,0.0
256,264,256,264,0.0
256,265,256,265,0.06043663358866064
256,266,256,266,0.05877851409320664
256,267,256,267,0.0
256,268,256,268,0.0
256,269,256,269,0.0
256,270,256,270,0.0
256,271,256,271,0.0
256,272,256,272,0.0
256,273,256,273,0.0
256,274,256,274,0.0
256,275,256,275,0.0
256,276,256,276,0.7375095696785146
256,277,256,277,0.0
256,278,256,278,0.0
256,279,256,279,0.0
256,280,256,280,0.0
256,281,256,281,0.0
256,282,256,282,0.0
256,283,256,283,0.576911118871438
256,284,256,284,0.6350451092578177
256,285,256,285,0.6208246764180031
256,286,256,286,0.6100817130553021
256,287,256,287,0.6191181485342485
256,288,256,288,0.6880168773333851
256,289,256,289,0.5738900582203423
256,290,256,290,0.6168428126633987
256,291,256,291,0.0
256,292,256,292,0.0
256,293,256,293,0.0
256,294,256,294,0.6927634974946137
256,295,256,295,0.6902897975040087
256,296,256,296,0.0
256,297,256,297,0.0
256,298,256,298,0.0
257,258,257,258,-0.000750893274015547
257,259,257,259,0.004772568925414898
257,260,257,260,0.7243970733054709
257,261,257,261,0.9860736977969548
257,262,257,262,0.7665294187948138
257,263,257,263,0.0
257,264,257,264,0.0
257,265,257,265,0.05701854647302273
257,266,257,266,0.0577895279805505
257,267,257,267,0.0
257,268,257,268,0.0
257,269,257,269,0.0
257,270,257,270,0.0
257,271,257,271,0.0
257,272,257,272,0.0
257,273,257,273,0.0
257,274,257,274,0.0
257,275,257,275,0.0
257,276,257,276,0.7746686913462674
257,277,257,277,0.0
257,278,257,278,0.0
257,279,257,279,0.0
257,280,257,280,0.0
257,281,257,281,0.0
257,282,257,282,0.0
257,283,257,283,0.613064212628252
257,284,257,284,0.6743803318776835
257,285,257,285,0.6593168419798539
257,286,257,286,0.6496115130593733
257,287,257,287,0.6591544665090322
257,288,257,288,0.7266957200525187
257,289,257,289,0.6104264510831263
257,290,257,290,0.6591317454876798
257,291,257,291,0.0
257,292,257,292,0.0
257,293,257,293,0.0
257,294,257,294,0.7277876948694031
257,295,257,295,0.7242061974179651
257,296,257,296,0.0
257,297,257,297,0.0
257,298,257,298,0.0
258,259,258,259,0.21040444057219404
258,260,258,260,-0.09308185380642664
258,261,258,261,-0.01566444910128085
258,262,258,262,0.0027339672272278523
258,263,258,263,0.0
258,264,258,264,0.0
258,265,258,265,-0.004020962079949549
258,266,258,266,-0.004117222021820262
258,267,258,267,0.0
258,268,258,268,0.0
258,269,258,269,0.0
258,270,258,270,0.0
258,271,258,271,0.0
258,272,258,272,0.0
258,273,258,273,0.0
258,274,258,274,0.0
258,275,258,275,0.0
258,276,258,276,0.0028473834041910034
258,277,258,277,0.0
258,278,258,278,0.0
258,279,258,279,0.0
258,280,258,280,0.0
258,281,258,281,0.0
258,282,258,282,0.0
258,283,258,283,0.0014068494808112829
258,284,258,284,0.0014475055151519343
258,285,258,285,0.001171200616453849
258,286,258,286,0.0015814002901721896
258,287,258,287,0.0018457859541145868
258,288,258,288,0.0013289013162823984
258,289,258,289,0.0007143295487576394
258,290,258,290,0.0005660732829110583
258,291,258,291,0.0
258,292,258,292,0.0
258,293,258,293,0.0
258,294,258,294,0.0032275490385721152
258,295,258,295,0.003270338517022639
258,296,258,296,0.0
258,297,258,297,0.0
258,298,258,298,0.0
259,260,259,260,-0.01795398246799676
259,261,259,261,-0.0643895677063048
259,262,259,262,0.0011599767566814446
259,263,259,263,0.0
259,264,259,264,0.0
259,265,259,265,0.0012544189359943482
259,266,259,266,0.001211595673764529
259,267,259,267,0.0
259,268,259,268,0.0
259,269,259,269,0.0
259,270,259,270,0.0
259,271,259,271,0.0
259,272,259,272,0.0
259,273,259,273,0.0
259,274,259,274,0.0
259,275,259,275,0.0
259,276,259,276,0.0013253816392868678
259,277,259,277,0.0
259,278,259,278,0.0
259,279,259,279,0.0
259,280,259,280,0.0
259,281,259,281,0.0
259,282,259,282,0.0
259,283,259,283,0.0009998334514973964
259,284,259,284,0.0007454520637217114
259,285,259,285,0.0006177296150899997
259,286,259,286,0.0008711648005342739
259,287,259,287,0.0009921601432073546
259,288,259,288,0.002692473404609417
259,289,259,289,0.0011733855250439706
259,290,259,290,0.0008880093851565466
259,291,259,291,0.0
259,292,259,292,0.0
259,293,259,293,0.0
259,294,259,294,0.002610767203271414
259,295,259,295,0.0025515785934173527
259,296,259,296,0.0
259,297,259,297,0.0
259,298,259,298,0.0
260,261,260,261,0.7307476285343099
260,262,260,262,0.737457424743468
260,263,260,263,0.0
260,264,260,264,0.0
260,265,260,265,0.062239931894197686
260,266,260,266,0.06182237308034017
260,267,260,267,0.0
260,268,260,268,0.0
260,269,260,269,0.0
260,270,260,270,0.0
260,271,260,271,0.0
260,272,260,272,0.0
260,273,260,273,0.0
260,274,260,274,0.0
260,275,260,275,0.0
260,276,260,276,0.7489176093764979
260,277,260,277,0.0
260,278,260,278,0.0
260,279,260,279,0.0
260,280,260,280,0.0
260,281,260,281,0.0
260,282,260,282,0.0
260,283,260,283,0.5728367721246886
260,284,260,284,0.6404709963398157
260,285,260,285,0.6213518841161454
260,286,260,286,0.6121575377569428
260,287,260,287,0.6261063471350993
260,288,260,288,0.6943977008713251
260,289,260,289,0.5686111571363671
260,290,260,290,0.6243141176543446
260,291,260,291,0.0
260,292,260,292,0.0
260,293,260,293,0.0
260,294,260,294,0.7016622878633043
260,295,260,295,0.698252913168776
260,296,260,296,0.0
260,297,260,297,0.0
260,298,260,298,0.0
261,262,261,262,0.7690338577586353
261,263,261,263,0.0
261,264,261,264,0.0
261,265,261,265,0.05807433525014347
261,266,261,266,0.05915007843484352
261,267,261,267,0.0
261,268,261,268,0.0
261,269,261,269,0.0
261,270,261,270,0.0
261,271,261,271,0.0
261,272,261,272,0.0
261,273,261,273,0.0
261,274,261,274,0.0
261,275,261,275,0.0
261,276,261,276,0.7815670013391804
261,277,261,277,0.0
261,278,261,278,0.0
261,279,261,279,0.0
261,280,261,280,0.0
261,281,261,281,0.0
261,282,261,282,0.0
261,283,261,283,0.606972092207205
261,284,261,284,0.6757757243916876
261,285,261,285,0.6567631046042526
261,286,261,286,0.6481804200470629
261,287,261,287,0.6617104070534056
261,288,261,288,0.7296881876520267
261,289,261,289,0.6036860636899215
261,290,261,290,0.6620936870974437
261,291,261,291,0.0
261,292,261,292,0.0
261,293,261,293,0.0
261,294,261,294,0.7328427646048871
261,295,261,295,0.7289356684074503
261,296,261,296,0.0
261,297,261,297,0.0
261,298,261,298,0.0
262,263,262,263,0.0
262,264,262,264,0.0
262,265,262,265,0.05472072977918299
262,266,262,266,0.05341797030338696
262,267,262,267,0.0
262,268,262,268,0.0
262,269,262,269,0.0
262,270,262,270,0.0
262,271,262,271,0.0
262,272,262,272,0.0
262,273,262,273,0.0
262,274,262,274,0.0
262,275,262,275,0.0
262,276,262,276,0.9756051701376317
262,277,262,277,0.0
262,278,262,278,0.0
262,279,262,279,0.0
262,280,262,280,0.0
262,281,262,281,0.0
262,282,262,282,0.0
262,283,262,283,0.7572941890111357
262,284,262,284,0.8087396494321175
262,285,262,285,0.8102938416727002
262,286,262,286,0.7868964716873936
262,287,262,287,0.7785275600087648
262,288,262,288,0.8769216940098772
262,289,262,289,0.7357859231999179
262,290,262,290,0.7647706475926132
262,291,262,291,0.0
262,292,262,292,0.0
262,293,262,293,0.0
262,294,262,294,0.8925495384445157
262,295,262,295,0.8885666708582856
262,296,262,296,0.0
262,297,262,297,0.0
262,298,262,298,0.0
263,264,263,264,0.0
263,265,263,265,0.0
263,266,263,266,0.0
263,267,263,267,0.0
263,268,263,268,0.0
263,269,263,269,0.0
263,270,263,270,0.0
263,271,263,271,0.0
263,272,263,272,0.0
263,273,263,273,0.0
263,274,263,274,0.0
263,275,263,275,0.0
263,276,263,276,0.0
263,277,263,277,0.0
263,278,263,278,0.0
263,279,263,279,0.0
263,280,263,280,0.0
263,281,263,281,0.0
263,282,263,282,0.0
263,283,263,283,0.0
263,284,263,284,0.0
263,285,263,285,0.0
263,286,263,286,0.0
263,287,263,287,0.0
263,288,263,288,0.0
263,289,263,289,0.0
263,290,263,290,0.0
263,291,263,291,0.0
263,292,263,292,0.0
263,293,263,293,0.0
263,294,263,294,0.0
263,295,263,295,0.0
263,296,263,296,0.0
263,297,263,297,0.0
263,298,263,298,0.0
264,265,264,265,0.0
264,266,264,266,0.0
264,267,264,267,0.0
264,268,264,268,0.0
264,269,264,269,0.0
264,270,264,270,0.0
264,271,264,271,0.0
264,272,264,272,0.0
264,273,264,273,0.0
264,274,264,274,0.0
264,275,264,275,0.0
264,276,264,276,0.0
264,277,264,277,0.0
264,278,264,278,0.0
264,279,264,279,0.0
264,280,264,280,0.0
264,281,264,281,0.0
264,282,264,282,0.0
264,283,264,283,0.0
264,284,264,284,0.0
264,285,264,285,0.0
264,286,264,286,0.0
264,287,264,287,0.0
264,288,264,288,0.0
264,289,264,289,0.0
264,290,264,290,0.0
264,291,264,291,0.0
264,292,264,292,0.0
264,293,264,293,0.0
264,294,264,294,0.0
264,295,264,295,0.0
264,296,264,296,0.0
264,297,264,297,0.0
264,298,264,298,0.0
265,266,265,266,0.9979383093037804
265,267,265,267,0.0
265,268,265,268,0.0
265,269,265,269,0.0
265,270,265,270,0.0
265,271,265,271,0.0
265,272,265,272,0.0
265,273,265,273,0.0
265,274,265,274,0.0
265,275,265,275,0.0
265,276,265,276,0.08303716719955871
265,277,265,277,0.0
265,278,265,278,0.0
265,279,265,279,0.0
265,280,265,280,0.0
265,281,265,281,0.0
265,282,265,282,0.0
265,283,265,283,0.21980788701531695
265,284,265,284,0.24174383583883627
265,285,265,285,0.23688723453681443
265,286,265,286,0.23155413406252345
265,287,265,287,0.2344397620102784
265,288,265,288,0.0554274349546046
265,289,265,289,0.21423634821023008
265,290,265,290,0.22987650452139932
265,291,265,291,0.0
265,292,265,292,0.0
265,293,265,293,0.0
265,294,265,294,0.055954542617295044
265,295,265,295,0.05542267829230932
265,296,265,296,0.0
265,297,265,297,0.0
265,298,265,298,0.0
266,267,266,267,0.0
266,268,266,268,0.0
266,269,266,269,0.0
266,270,266,270,0.0
266,271,266,271,0.0
266,272,266,272,0.0
266,273,266,273,0.0
266,274,266,274,0.0
266,275,266,275,0.0
266,276,266,276,0.08095846629742047
266,277,266,277,0.0
266,278,266,278,0.0
266,279,266,279,0.0
266,280,266,280,0.0
266,281,266,281,0.0
266,282,266,282,0.0
266,283,266,283,0.21957653084866136
266,284,266,284,0.24116186307500134
266,285,266,285,0.2372600265576939
266,286,266,286,0.23156999867095715
266,287,266,287,0.23349456032157068
266,288,266,288,0.05477246603448234
266,289,266,289,0.21493804334466157
266,290,266,290,0.23041896846684315
266,291,266,291,0.0
266,292,266,292,0.0
266,293,266,293,0.0
266,294,266,294,0.053270116114731966
266,295,266,295,0.05234821586751773
266,296,266,296,0.0
266,297,266,297,0.0
266,298,266,298,0.0
267,268,267,268,0.0
267,269,267,269,0.0
267,270,267,270,0.0
267,271,267,271,0.0
267,272,267,272,0.0
267,273,267,273,0.0
267,274,267,274,0.0
267,275,267,275,0.0
267,276,267,276,0.0
267,277,267,277,0.0
267,278,267,278,0.0
267,279,267,279,0.0
267,280,267,280,0.0
267,281,267,281,0.0
267,282,267,282,0.0
267,283,267,283,0.0
267,284,267,284,0.0
267,285,267,285,0.0
267,286,267,286,0.0
267,287,267,287,0.0
267,288,267,288,0.0
267,289,267,289,0.0
267,290,267,290,0.0
267,291,267,291,0.0
267,292,267,292,0.0
267,293,267,293,0.0
267,294,267,294,0.0
267,295,267,295,0.0
267,296,267,296,0.0
267,297,267,297,0.0
267,298,267,298,0.0
268,269,268,269,0.0
268,270,268,270,0.0
268,271,268,271,0.0
268,272,268,272,0.0
268,273,268,273,0.0
268,274,268,274,0.0
268,275,268,275,0.0
268,276,268,276,0.0
268,277,268,277,0.0
268,278,268,278,0.0
268,279,268,279,0.0
268,280,268,280,0.0
268,281,268,281,0.0
268,282,268,282,0.0
268,283,268,283,0.0
268,284,268,284,0.0
268,285,268,285,0.0
268,286,268,286,0.0
268,287,268,287,0.0
268,288,268,288,0.0
268,289,268,289,0.0
268,290,268,290,0.0
268,291,268,291,0.0
268,292,268,292,0.0
268,293,268,293,0.0
268,294,268,294,0.0
268,295,268,295,0.0
268,296,268,296,0.0
268,297,268,297,0.0
268,298,268,298,0.0
269,270,269,270,0.0
269,271,269,271,0.0
269,272,269,272,0.0
269,273,269,273,0.0
269,274,269,274,0.0
269,275,269,275,0.0
269,276,269,276,0.0
269,277,269,277,0.0
269,278,269,278,0.0
269,279,269,279,0.0
269,280,269,280,0.0
269,281,269,281,0.0
269,282,269,282,0.0
269,283,269,283,0.0
269,284,269,284,0.0
269,285,269,285,0.0
269,286,269,286,0.0
269,287,269,287,0.0
269,288,269,288,0.0
269,289,269,289,0.0
269,290,269,290,0.0
269,291,269,291,0.0
269,292,269,292,0.0
269,293,269,293,0.0
269,294,269,294,0.0
269,295,269,295,0.0
269,296,269,296,0.0
269,297,269,297,0.0
269,298,269,298,0.0
270,271,270,271,0.0
270,272,270,272,0.0
270,273,270,273,0.0
270,274,270,274,0.0
270,275,270,275,0.0
270,276,270,276,0.0
270,277,270,277,0.0
270,278,270,278,0.0
270,279,270,279,0.0
270,280,270,280,0.0
270,281,270,281,0.0
270,282,270,282,0.0
270,283,270,283,0.0
270,284,270,284,0.0
270,285,270,285,0.0
270,286,270,286,0.0
270,287,270,287,0.0
270,288,270,288,0.0
270,289,270,289,0.0
270,290,270,290,0.0
270,291,270,291,0.0
270,292,270,292,0.0
270,293,270,293,0.0
270,294,270,294,0.0
270,295,270,295,0.0
270,296,270,296,0.0
270,297,270,297,0.0
270,298,270,298,0.0
271,272,271,272,0.0
271,273,271,273,0.0
271,274,271,274,0.0
271,275,271,275,0.0
271,276,271,276,0.0
271,277,271,277,0.0
271,278,271,278,0.0
271,279,271,279,0.0
271,280,271,280,0.0
271,281,271,281,0.0
271,282,271,282,0.0
271,283,271,283,0.0
271,284,271,284,0.0
271,285,271,285,0.0
271,286,271,286,0.0
271,287,271,287,0.0
271,288,271,288,0.0
271,289,271,289,0.0
271,290,271,290,0.0
271,291,271,291,0.0
271,292,271,292,0.0
271,293,271,293,0.0
271,294,271,294,0.0
271,295,271,295,0.0
271,296,271,296,0.0
271,297,271,297,0.0
271,298,271,298,0.0
272,273,272,273,0.0
272,274,272,274,0.0
272,275,272,275,0.0
272,276,272,276,0.0
272,277,272,277,0.0
272,278,272,278,0.0
272,279,272,279,0.0
272,280,272,280,0.0
272,281,272,281,0.0
272,282,272,282,0.0
272,283,272,283,0.0
272,284,272,284,0.0
272,285,272,285,0.0
272,286,272,286,0.0
272,287,272,287,0.0
272,288,272,288,0.0
272,289,272,289,0.0
272,290,272,290,0.0
272,291,272,291,0.0
272,292,272,292,0.0
272,293,272,293,0.0
272,294,272,294,0.0
272,295,272,295,0.0
272,296,272,296,0.0
272,297,272,297,0.0
272,298,272,298,0.0
273,274,273,274,0.0
273,275,273,275,0.0
273,276,273,276,0.0
273,277,273,277,0.0
273,278,273,278,0.0
273,279,273,279,0.0
273,280,273,280,0.0
273,281,273,281,0.0
273,282,273,282,0.0
273,283,273,283,0.0
273,284,273,284,0.0
273,285,273,285,0.0
273,286,273,286,0.0
273,287,273,287,0.0
273,288,273,288,0.0
273,289,273,289,0.0
273,290,273,290,0.0
273,291,273,291,0.0
273,292,273,292,0.0
273,293,273,293,0.0
273,294,273,294,0.0
273,295,273,295,0.0
273,296,273,296,0.0
273,297,273,297,0.0
273,298,273,298,0.0
274,275,274,275,0.0
274,276,274,276,0.0
274,277,274,277,0.0
274,278,274,278,0.0
274,279,274,279,0.0
274,280,274,280,0.0
274,281,274,281,0.0
274,282,274,282,0.0
274,283,274,283,0.0
274,284,274,284,0.0
274,285,274,285,0.0
274,286,274,286,0.0
274,287,274,287,0.0
274,288,274,288,0.0
274,289,274,289,0.0
274,290,274,290,0.0
274,291,274,291,0.0
274,292,274,292,0.0
274,293,274,293,0.0
274,294,274,294,0.0
274,295,274,295,0.0
274,296,274,296,0.0
274,297,274,297,0.0
274,298,274,298,0.0
275,276,275,276,0.0
275,277,275,277,0.0
275,278,275,278,0.0
275,279,275,279,0.0
275,280,275,280,0.0
275,281,275,281,0.0
275,282,275,282,0.0
275,283,275,283,0.0
275,284,275,284,0.0
275,285,275,285,0.0
275,286,275,286,0.0
275,287,275,287,0.0
275,288,275,288,0.0
275,289,275,289,0.0
275,290,275,290,0.0
275,291,275,291,0.0
275,292,275,292,0.0
275,293,275,293,0.0
275,294,275,294,0.0
275,295,275,295,0.0
275,296,275,296,0.0
275,297,275,297,0.0
275,298,275,298,0.0
276,277,276,277,0.0
276,278,276,278,0.0
276,279,276,279,0.0
276,280,276,280,0.0
276,281,276,281,0.0
276,282,276,282,0.0
276,283,276,283,0.7494152058750304
276,284,276,284,0.8484262543185443
276,285,276,285,0.8154375047485072
276,286,276,286,0.8078118285327572
276,287,276,287,0.8340277391835372
276,288,276,288,0.8921053961157126
276,289,276,289,0.7349239394907762
276,290,276,290,0.8200286215121573
276,291,276,291,0.0
276,292,276,292,0.0
276,293,276,293,0.0
276,294,276,294,0.9127024050980189
276,295,276,295,0.9083100323838035
276,296,276,296,0.0
276,297,276,297,0.0
276,298,276,298,0.0
277,278,277,278,0.0
277,279,277,279,0.0
277,280,277,280,0.0
277,281,277,281,0.0
277,282,277,282,0.0
277,283,277,283,0.0
277,284,277,284,0.0
277,285,277,285,0.0
277,286,277,286,0.0
277,287,277,287,0.0
277,288,277,288,0.0
277,289,277,289,0.0
277,290,277,290,0.0
277,291,277,291,0.0
277,292,277,292,0.0
277,293,277,293,0.0
277,294,277,294,0.0
277,295,277,295,0.0
277,296,277,296,0.0
277,297,277,297,0.0
277,298,277,298,0.0
278,279,278,279,0.0
278,280,278,280,0.0
278,281,278,281,0.0
278,282,278,282,0.0
278,283,278,283,0.0
278,284,278,284,0.0
278,285,278,285,0.0
278,286,278,286,0.0
278,287,278,287,0.0
278,288,278,288,0.0
278,289,278,289,0.0
278,290,278,290,0.0
278,291,278,291,0.0
278,292,278,292,0.0
278,293,278,293,0.0
278,294,278,294,0.0
278,295,278,295,0.0
278,296,278,296,0.0
278,297,278,297,0.0
278,298,278,298,0.0
279,280,279,280,0.0
279,281,279,281,0.0
279,282,279,282,0.0
279,283,279,283,0.0
279,284,279,284,0.0
279,285,279,285,0.0
279,286,279,286,0.0
279,287,279,287,0.0
279,288,279,288,0.0
279,289,279,289,0.0
279,290,279,290,0.0
279,291,279,291,0.0
279,292,279,292,0.0
279,293,279,293,0.0
279,294,279,294,0.0
279,295,279,295,0.0
279,296,279,296,0.0
279,297,279,297,0.0
279,298,279,298,0.0
280,281,280,281,0.0
280,282,280,282,0.0
280,283,280,283,0.0
280,284,280,284,0.0
280,285,280,285,0.0
280,286,280,286,0.0
280,287,280,287,0.0
280,288,280,288,0.0
280,289,280,289,0.0
280,290,280,290,0.0
280,291,280,291,0.0
280,292,280,292,0.0
280,293,280,293,0.0
280,294,280,294,0.0
280,295,280,295,0.0
280,296,280,296,0.0
280,297,280,297,0.0
280,298,280,298,0.0
281,282,281,282,0.0
281,283,281,283,0.0
281,284,281,284,0.0
281,285,281,285,0.0
281,286,281,286,0.0
281,287,281,287,0.0
281,288,281,288,0.0
281,289,281,289,0.0
281,290,281,290,0.0
281,291,281,291,0.0
281,292,281,292,0.0
281,293,281,293,0.0
281,294,281,294,0.0
281,295,281,295,0.0
281,296,281,296,0.0
281,297,281,297,0.0
281,298,281,298,0.0
282,283,282,283,0.0
282,284,282,284,0.0
282,285,282,285,0.0
282,286,282,286,0.0
282,287,282,287,0.0
282,288,282,288,0.0
282,289,282,289,0.0
282,290,282,290,0.0
282,291,282,291,0.0
282,292,282,292,0.0
282,293,282,293,0.0
282,294,282,294,0.0
282,295,282,295,0.0
282,296,282,296,0.0
282,297,282,297,0.0
282,298,282,298,0.0
283,284,283,284,0.923266903398287
283,285,283,285,0.9541385790316057
283,286,283,286,0.9799539589236484
283,287,283,287,0.9404035958662625
283,288,283,288,0.7004906519597727
283,289,283,289,0.9139552171805371
283,290,283,290,0.8480958658219504
283,291,283,291,0.0
283,292,283,292,0.0
283,293,283,293,0.0
283,294,283,294,0.6913809587397147
283,295,283,295,0.6886445193467343
283,296,283,296,0.0
283,297,283,297,0.0
283,298,283,298,0.0
284,285,284,285,0.9847880412850079
284,286,284,286,0.9528711831783824
284,287,284,287,0.9599421962905939
284,288,284,288,0.7775089566190424
284,289,284,289,0.9139864949639824
284,290,284,290,0.9416805793404189
284,291,284,291,0.0
284,292,284,292,0.0
284,293,284,293,0.0
284,294,284,294,0.780363300394454
284,295,284,295,0.7766343875896431
284,296,284,296,0.0
284,297,284,297,0.0
284,298,284,298,0.0
285,286,285,286,0.9596799938912149
285,287,285,287,0.9360715317871707
285,288,285,288,0.7552682773251791
285,289,285,289,0.9331470702217846
285,290,285,290,0.9138220416869925
285,291,285,291,0.0
285,292,285,292,0.0
285,293,285,293,0.0
285,294,285,294,0.7522305868475967
285,295,285,295,0.7488553793005481
285,296,285,296,0.0
285,297,285,297,0.0
285,298,285,298,0.0
286,287,286,287,0.98449402844679
286,288,286,288,0.7458035976965058
286,289,286,289,0.8909002733669829
286,290,286,290,0.8985548404111942
286,291,286,291,0.0
286,292,286,292,0.0
286,293,286,293,0.0
286,294,286,294,0.7430332853540201
286,295,286,295,0.7396660782156455
286,296,286,296,0.0
286,297,286,297,0.0
286,298,286,298,0.0
287,288,287,288,0.7617382306236654
287,289,287,289,0.8639126676039706
287,290,287,290,0.918822962262966
287,291,287,291,0.0
287,292,287,292,0.0
287,293,287,293,0.0
287,294,287,294,0.7649221097635841
287,295,287,295,0.7612280282592924
287,296,287,296,0.0
287,297,287,297,0.0
287,298,287,298,0.0
288,289,288,289,0.7980087431016407
288,290,288,290,0.8564850093060159
288,291,288,291,0.0
288,292,288,292,0.0
288,293,288,293,0.0
288,294,288,294,0.9096500192571391
288,295,288,295,0.9055600490650234
288,296,288,296,0.0
288,297,288,297,0.0
288,298,288,298,0.0
289,290,289,290,0.9261829270631413
289,291,289,291,0.0
289,292,289,292,0.0
289,293,289,293,0.0
289,294,289,294,0.7124102043091843
289,295,289,295,0.7096367410952126
289,296,289,296,0.0
289,297,289,297,0.0
289,298,289,298,0.0
290,291,290,291,0.0
290,292,290,292,0.0
290,293,290,293,0.0
290,294,290,294,0.7892335049251555
290,295,290,295,0.785335221752734
290,296,290,296,0.0
290,297,290,297,0.0
290,298,290,298,0.0
291,292,291,292,0.0
291,293,291,293,0.0
291,294,291,294,0.0
291,295,291,295,0.0
291,296,291,296,0.0
291,297,291,297,0.0
291,298,291,298,0.0
292,293,292,293,0.0
292,294,292,294,0.0
292,295,292,295,0.0
292,296,292,296,0.0
292,297,292,297,0.0
292,298,292,298,0.0
293,294,293,294,0.0
293,295,293,295,0.0
293,296,293,296,0.0
293,297,293,297,0.0
293,298,293,298,0.0
294,295,294,295,0.9947479998368395
294,296,294,296,0.0
294,297,294,297,0.0
294,298,294,298,0.0
295,296,295,296,0.0
295,297,295,297,0.0
295,298,295,298,0.0
296,297,296,297,0.0
296,298,296,298,0.0
297,298,297,298,0.0
